order_id,order_date,customer_id,product_category,region,quantity,unit_price,discount,payment_method,delivery_days,customer_rating,revenue
75722,2025-12-16,5782ee53-35db-44d5-bfb4-4095312a9fbe,Toys,Oceania,4,316.29,0.0,PayPal,8.0,4.9,1265.16
80185,2025-11-17,efa5cf36-e7d4-4742-b916-8e444347abf9,Sports,Asia,4,393.399,0.05,PayPal,6.0,4.7,1494.92
19865,2024-06-02,a6916820-1df2-4a39-b615-097059abd2db,Beauty,Africa,5,385.55,0.15,Cash,7.0,3.8,1638.59
76700,2025-01-07,f731e8db-4972-4cf8-8525-f35944af95d9,Beauty,Africa,1,305.31,0.0,Cash,4.0,3.9,305.31
92992,2023-06-02,467b094c-2258-449a-b2f3-d87d62f7c65e,Beauty,Asia,1,183.07,0.0,BankTransfer,6.0,4.5,183.07
76435,2023-03-07,3e773705-cb10-4e5b-bb0c-85e2a9bb8ea1,Home,Oceania,1,447.53,0.1,Cash,5.0,3.0,402.78
84005,2023-09-07,3e0c9abe-8483-430f-a2e7-f92c9e1068b4,Home,South America,2,400.45,0.1,PayPal,2.0,2.8,720.81
80918,2024-04-25,2e277539-b71d-4c90-8736-e0d79c47e99b,Beauty,Oceania,5,82.21,0.0,PayPal,9.0,2.0,411.05
60768,2023-07-24,b61578b3-1b95-452e-a97d-b63144c769c0,Toys,Asia,5,443.62,0.0,BankTransfer,6.0,3.9,2218.1
50075,2024-04-07,5775c64c-80e8-4ec7-bcb1-1ea983d7b71e,Toys,Oceania,1,367.64,0.0,Cash,4.0,3.0,367.64
27702,2023-11-01,4d014aad-a2bb-455b-8ffa-c6a9e306a0b1,Fashion,Africa,5,19.665000000000003,0.15,PayPal,9.0,2.6,83.58
42142,2023-05-07,2062508e-4b5a-4c21-bea6-b3ffd5f43ea5,Automotive,Europe,1,449.88,0.15,PayPal,1.0,4.8,382.4
45081,2023-08-04,f3d5f858-88a4-4745-a155-467b806eed0e,Beauty,Oceania,3,198.9,0.0,PayPal,6.0,2.1,596.7
16639,2025-10-29,3d96ce1a-52b2-4455-a0d3-77ac621d6235,Automotive,Oceania,3,218.38,0.0,Cash,4.0,2.0,655.14
20425,2024-02-12,d63327dc-68a6-4c04-b889-cc66471c5a71,Fashion,Europe,4,439.04,0.0,Cash,7.0,4.7,1756.16
88703,2024-09-25,2c485eaa-bdf4-4a6e-967c-b4617721025f,Home,North America,3,317.64,0.15,CreditCard,6.0,3.2,809.98
150,2025-05-08,b0e6a969-e213-42b0-b1ee-dba313432e61,Automotive,South America,2,113.95,0.05,PayPal,7.0,4.9,216.5
1762,2025-10-20,a7939a2e-34f4-4404-8ff5-070182226c16,Toys,North America,1,105.13,0.05,CreditCard,2.0,4.7,99.87
63121,2025-01-30,e5057071-932f-4d84-9318-85081ad7587c,Automotive,Africa,1,16.35,0.0,Cash,9.0,2.8,16.35
69162,2025-03-18,b7eb565d-a286-4e8a-bef6-592d7634e1a7,Electronics,Asia,1,165.19,0.0,Cash,1.0,4.0,165.19
64884,2024-11-03,bd778a5f-9402-4cf2-a1cc-e66d92b9876c,Toys,Asia,6,238.599,0.0,PayPal,2.0,3.7,1431.59
2496,2025-03-19,9ad2bb72-b04b-4584-b95c-ec2d7bd15655,Sports,South America,3,208.3,0.0,BankTransfer,3.0,3.9,624.9
80297,2025-10-21,0fd2f509-3bd2-41ec-916e-a6f1114f0eab,Sports,Africa,5,169.27,0.0,Cash,5.0,4.1,846.35
19448,2023-08-15,fbc9a5c6-e7f8-46fe-8c8b-2b58e6fdb144,Sports,South America,2,261.7,0.15,Cash,7.0,3.5,444.89
41332,2023-12-15,62b51691-eebf-438f-b8ce-6a2e74ba0303,Fashion,Asia,3,430.19,0.1,PayPal,9.0,2.9,1161.51
14889,2025-04-22,960c05cd-2ad7-47bd-86a2-2cdadcd3cdcc,Toys,North America,2,368.12,0.0,PayPal,6.0,3.2,736.24
88637,2024-01-17,7fde482a-b471-46b8-9e15-3c5cc082ee29,Beauty,North America,4,86.19,0.0,Cash,3.0,4.7,344.76
94893,2023-07-18,ab49eb2b-d5c9-4aee-a702-bf8c26123628,Home,Asia,4,309.63,0.05,PayPal,6.0,4.7,1176.59
92732,2024-11-09,bcc7d412-e2b0-4e9c-aebd-34002463c11b,Electronics,Oceania,4,71.18100000000001,0.05,PayPal,4.0,4.8,270.49
29131,2025-11-24,1d2c951f-8427-48d7-ad16-dc604f818984,Home,North America,4,233.604,0.0,CreditCard,5.0,3.3,934.42
79023,2025-01-04,a6181a96-d793-4f1f-bd19-6f8e999a4242,Fashion,Asia,2,163.39,0.0,Cash,3.0,2.0,326.78
84937,2025-09-03,2acdb86b-9e0f-40ec-b41d-32a64d04afc6,Electronics,North America,4,477.13,0.05,BankTransfer,5.0,3.6,1813.09
16822,2023-05-25,3eed5faf-c100-48ca-84dd-9975e3b5dd9f,Home,North America,3,9.21,0.1,CreditCard,3.0,2.0,24.87
36734,2024-02-24,f7797551-298a-4b44-b349-9a5e1cc4ec86,Sports,Asia,3,194.57,0.0,Cash,1.0,2.7,583.71
15603,2025-03-24,1678c235-26a3-4e64-8ab5-fb870fbb4d44,Home,Oceania,3,420.49,0.0,PayPal,5.0,2.8,1261.47
28534,2025-04-30,5b00b3cf-f4d3-4ca5-938e-f58e19d56bd5,Automotive,,4,225.44,0.0,Cash,8.0,2.5,901.76
69770,2024-12-01,6e7415b8-5c96-456e-b61e-7da267b8f283,Sports,Europe,2,160.0,0.15,BankTransfer,5.0,3.3,272.0
11406,2025-01-15,471886d9-893a-4348-835f-2c0648ae3a47,Electronics,North America,2,60.91,0.15,BankTransfer,2.0,2.6,103.55
96853,2024-03-23,7c6d6de2-d090-44b8-88d0-0d354da17273,Toys,Asia,3,417.14,0.0,CreditCard,2.0,3.0,1251.42
16131,2023-01-16,edecae6a-68ee-4fdb-8054-a1debd40659e,Home,Africa,4,164.84,0.0,BankTransfer,5.0,2.0,659.36
19793,2023-04-12,1b22009a-e2fa-46be-91ce-0cac665d76d7,Sports,Europe,5,151.63,0.05,CreditCard,2.0,2.2,720.24
89578,2023-10-01,38a08d59-8929-484e-9c34-0d675d0126fc,Home,Africa,1,40.88,0.0,PayPal,4.0,3.6,40.88
40164,2023-12-02,e1d2f4ec-2304-45d2-abe9-599384354724,Beauty,Asia,5,130.98,0.0,Cash,4.0,2.2,654.9
31777,2025-09-15,a0fb6a0d-36e4-42e0-95c4-cad7f31d81a7,Fashion,Europe,1,304.78,0.0,BankTransfer,9.0,5.0,304.78
25331,2023-12-19,5c02ecd8-f83a-4522-9c58-79da02bc44a8,Sports,Asia,3,102.25,0.05,Cash,1.0,4.8,291.41
79157,2024-03-29,59e11431-8aff-427e-a3a2-52c846696666,Fashion,Asia,2,213.12,0.0,BankTransfer,1.0,2.4,426.24
51686,2025-12-06,d98cf11b-b16c-4719-b299-60e10ee2ed66,Home,Africa,2,332.39,0.0,CreditCard,3.0,2.3,664.78
75499,2024-02-28,680d0f8e-bd3c-465c-9ff1-19fe366d2aba,Automotive,Asia,5,499.62,0.05,Cash,6.0,3.4,2373.19
4728,2025-02-25,6a429bd5-cd71-42b4-9471-104f1859c5ae,Toys,Asia,2,203.83,0.1,,3.0,2.8,366.89
85199,2023-01-15,70882740-b9b6-41ff-b69b-a6ad05cb8ff0,Electronics,South America,5,450.78,0.0,Cash,6.0,2.3,2253.9
35796,2024-12-29,850a464d-198c-43a5-892f-d83b29bd0d23,Fashion,Oceania,2,176.8,0.15,BankTransfer,5.0,4.2,300.56
12257,2025-04-30,3df8c0c9-d66b-4c9e-8d65-86ee1edb568b,Beauty,Africa,2,111.04,0.15,PayPal,8.0,2.2,188.77
35719,2023-03-29,f721eaa3-0d5e-4a0b-bfba-30b1ded711b7,Fashion,North America,2,365.1,0.0,PayPal,4.0,3.1,730.2
70552,2023-05-20,984b8e95-59fb-407a-a967-8a7605d48307,Fashion,Europe,1,333.3,0.0,PayPal,7.0,2.1,333.3
54375,2025-08-30,152b9043-1822-4260-a1e5-1ade41f98ba5,Fashion,Europe,4,305.28,0.05,PayPal,1.0,3.9,1160.06
39692,2025-05-03,b0e98b45-a527-4d02-99b2-ef6114c088c2,Sports,Africa,2,178.73,0.0,CreditCard,7.0,4.1,357.46
93703,2023-03-02,3a409511-3308-4a1c-85a2-5f0747f58b10,Sports,Europe,3,456.05,0.1,Cash,7.0,3.1,1231.34
73692,2024-09-11,4e641c80-c0d9-4866-bbd8-0e1b457469b2,Sports,North America,3,491.34,0.0,BankTransfer,7.0,4.0,1474.02
98071,2023-01-26,f2859cd2-cdf9-409a-9eb7-9d9ed3ad30e0,Electronics,Africa,2,264.77,0.0,Cash,2.0,3.1,529.54
576,2025-08-16,0cbd3c03-9e2a-44ac-8122-b5b3284c03d2,Fashion,Africa,2,222.35,0.05,BankTransfer,5.0,4.3,422.46
84611,2024-06-14,4cb95f10-90e3-4ab5-a0ce-1ab42733677f,Automotive,Europe,2,211.72,0.1,BankTransfer,2.0,2.1,381.1
61770,2025-07-14,31cdf8ba-df95-44a1-82ba-7d81d0ae77f7,Toys,Oceania,1,366.96,0.0,Cash,5.0,4.5,366.96
32261,2025-12-15,3fecfb65-9e70-45b0-9383-74ff8f275a7f,Fashion,Oceania,4,413.48,0.2,PayPal,8.0,3.0,1323.14
82200,2024-09-15,c5281b69-f89a-41cb-bf5a-b521fe61ad5a,Electronics,North America,4,169.71,0.05,CreditCard,8.0,2.1,644.9
36291,2024-10-03,cd5c9b30-854b-4963-b6b2-031fe644a1fe,Home,North America,3,449.74,0.05,PayPal,7.0,2.1,1281.76
78450,2025-03-17,ec4ba0d5-259a-4210-8d61-79c411f6cad3,Beauty,Africa,5,132.69,0.0,BankTransfer,3.0,2.4,663.45
60056,2024-07-02,c63b3175-9ecf-43b5-ba4d-70ac939db503,Automotive,Asia,4,31.92,0.15,CreditCard,3.0,4.5,108.53
45949,2025-09-11,d3f293f0-849d-4d98-8a0e-957f9df6d9f1,Beauty,South America,3,350.34,0.05,PayPal,3.0,,998.47
28178,2024-08-17,645ebe9b-1a33-4b77-8d8d-044e22761bbc,Beauty,Asia,4,424.44,0.05,BankTransfer,4.0,3.5,1612.87
84464,2023-11-17,ba1f1431-4081-40e8-8b5e-60592a0e2f4e,Fashion,South America,4,445.896,0.0,PayPal,8.0,3.3,1783.58
579,2024-11-21,372f871a-45ee-432d-aa07-f2137129cec7,Electronics,Oceania,6,339.80400000000003,0.1,BankTransfer,9.0,3.5,1834.94
30960,2024-04-03,26344a66-7a96-48c2-aea5-98f9495bfb6f,Sports,Africa,4,325.95,0.0,BankTransfer,7.0,3.6,1303.8
64291,2024-09-15,283ba30f-90b4-4e15-889f-f69f7c1f2057,Electronics,South America,2,422.75,0.0,PayPal,6.0,2.2,845.5
14532,2024-10-03,f16e09b5-d96b-4d4e-acc6-34234167a8cc,Sports,Africa,4,303.45,0.1,BankTransfer,7.0,2.9,1092.42
17934,2024-09-07,b240c292-ffe4-48b5-adae-c2d14bae5d71,Fashion,Oceania,4,261.44,0.0,Cash,6.0,2.1,1045.76
33609,2024-06-13,3de5d3d6-4403-4cf4-9df8-5b5ec9c00887,Toys,Asia,5,329.06,0.1,PayPal,9.0,3.6,1480.77
49960,2024-12-02,cb10aff8-4820-4cba-b8f6-2a57ef2e273a,Toys,South America,3,58.87,0.1,Cash,1.0,2.3,158.95
66599,2023-04-02,e03797fc-0461-4c9c-9067-a19e562406e3,Home,South America,1,80.25,0.15,PayPal,9.0,3.5,68.21
99090,2023-02-23,4b801396-8d0a-4406-93ff-29a5d6af5938,Home,South America,5,282.99,0.05,CreditCard,8.0,4.9,1344.2
34452,2024-05-17,bc97eb7b-cf8d-440d-bf58-c799a844f459,Fashion,North America,1,360.9,0.0,PayPal,6.0,3.6,360.9
34081,2025-03-03,1da7bdd9-e0b9-4320-b6c4-f6b29b0db81d,Beauty,Africa,5,188.39,0.0,Cash,1.0,3.5,941.95
63588,2024-07-03,5dafa421-33a5-43eb-9451-6995a1629935,Home,Europe,3,131.89,0.0,CreditCard,5.0,3.4,395.67
4294,2025-06-13,b33d9c7c-4e73-4dcc-8664-82ee6844a0e3,Beauty,South America,3,83.53,0.1,BankTransfer,3.0,2.3,225.53
69103,2025-12-15,959def22-cecd-4cfe-81e0-7edb68ea7d85,Toys,South America,4,13.84,0.0,BankTransfer,3.0,4.4,55.36
86412,2023-07-20,bd0af4fa-b6d9-466a-954a-677d34af7216,Beauty,Asia,2,393.51,0.0,PayPal,4.0,2.1,787.02
99477,2024-07-15,8e9df34d-f5dc-4a3f-b58a-982e57056804,Beauty,Oceania,2,313.75,0.0,PayPal,1.0,3.7,627.5
53930,2023-09-29,689e4534-2e0e-4d6c-9f06-b25efc80ecb1,Automotive,Asia,3,462.4,0.05,Cash,3.0,4.1,1317.84
87071,2025-07-03,dfcd64ef-361f-4434-a9b3-ff945bc72ca3,Toys,North America,4,109.28,0.15,Cash,3.0,,371.55
65084,2024-11-09,f11a09e5-1c37-4770-ab5e-6c3d5f8c8e9b,Automotive,South America,2,112.122,0.05,BankTransfer,1.0,4.0,213.03
30713,2024-11-08,f17ff4d8-cd02-49b7-9147-a17d71e3b64b,Sports,North America,3,158.013,0.0,CreditCard,6.0,4.4,474.04
49183,2025-10-13,58a107fb-57bb-45f8-8364-196d6d701cb4,Fashion,Africa,5,463.13,0.0,CreditCard,7.0,4.1,2315.65
57235,2024-01-31,1045b84d-e9d9-440f-bc86-918620926390,Electronics,Asia,4,491.58,0.0,Cash,4.0,2.0,1966.32
15664,2024-01-16,b9599622-7466-4dc9-a4db-70c40eb496ce,Beauty,Africa,5,197.04,0.0,Cash,5.0,2.2,985.2
19967,2025-10-11,c27f0bc5-f8e2-4377-b8a0-6724931ed007,Toys,South America,3,57.16,0.1,BankTransfer,7.0,4.5,154.33
91913,2023-07-02,183a0c9e-cc4f-442e-8742-26cb168cab75,Automotive,Oceania,5,99.1,0.0,BankTransfer,4.0,4.7,495.5
91958,2025-09-04,b91cad08-aadf-4030-ad5a-3ff63ae4e0be,Fashion,Asia,2,420.79,,BankTransfer,9.0,3.8,841.58
81347,2025-01-06,f06e6597-5bf1-457c-8af9-31dcc1cf39ea,Sports,Europe,4,273.32,0.1,BankTransfer,1.0,4.9,983.95
55326,2024-01-21,ea818a10-bfa9-4ecd-b6f1-310e92347bd6,Sports,Oceania,2,113.59,0.0,CreditCard,6.0,2.1,227.18
29858,2025-08-06,56e6f05c-94aa-4293-98dd-62f3d2a8c74c,Beauty,Asia,4,195.48,0.05,PayPal,9.0,2.3,742.82
71223,2024-04-22,cd18ea34-0a2d-4943-a03c-61f387f7cb0e,Home,Oceania,3,246.72,0.0,CreditCard,8.0,2.2,740.16
52459,2024-02-17,e23ee028-9b64-4a54-9966-a73bf77f4366,Home,South America,1,263.48,0.0,Cash,9.0,2.6,263.48
88346,2024-09-10,faada9c3-46ca-4fb7-ab01-4b6be21fb94f,Toys,South America,1,439.27,0.1,BankTransfer,6.0,3.0,395.34
82364,2024-11-28,66cc29ee-6708-4180-8a1f-619ce49d1335,Toys,South America,6,443.862,0.0,CreditCard,8.0,4.2,2663.17
65350,2023-09-02,c2f060a5-107c-4da4-a120-7d8710da6af6,Fashion,Africa,4,473.69,0.1,BankTransfer,5.0,3.9,1705.28
59650,2023-06-08,074a1822-880d-49f0-be21-d20dc5a6e6fa,Sports,Asia,4,149.44,0.0,BankTransfer,4.0,2.7,597.76
44953,2024-11-01,7449dee1-8773-4850-8459-ac975b3dfe3a,Home,Oceania,2,263.781,0.0,,8.0,3.1,527.56
39526,2024-01-17,fbdba6f3-003b-4ca2-9ba7-50f2c4b70f32,Sports,Oceania,3,330.08,0.05,PayPal,8.0,4.3,940.73
13936,2023-10-15,afa3153c-ebd4-45cb-a152-424b180b1a8a,Toys,Africa,3,51.2,0.05,CreditCard,3.0,4.4,145.92
93781,2025-09-01,f6a0ee8d-7870-4e4c-896f-ff65685a712d,Electronics,Africa,3,94.07,0.0,BankTransfer,,3.7,282.21
89885,2023-03-31,715a7987-2ed9-494b-8eed-8c6e8da406d7,Fashion,North America,3,392.25,0.0,BankTransfer,6.0,2.3,1176.75
81144,2023-02-10,b0ea67ec-056f-45ca-a6c8-d9e2b72d24c9,Beauty,Asia,1,,0.15,Cash,7.0,3.8,53.41
95800,2023-08-08,c593dc7f-9c05-4dd8-9d0c-eb48e5b3d26f,Beauty,North America,5,118.54,0.05,CreditCard,1.0,2.3,563.07
89405,2025-11-16,25769caf-a6a0-4f89-a549-7e8a4bfaaaef,Fashion,Oceania,6,330.138,0.1,Cash,3.0,3.8,1782.75
55224,2024-03-21,777ae580-a3bf-48ae-a602-18e18fb00c5f,Sports,Europe,1,350.53,0.0,BankTransfer,8.0,3.8,350.53
73646,2024-09-04,2acc194f-b298-4259-9aec-4a6525cff380,Beauty,Asia,4,180.49,0.0,CreditCard,8.0,2.5,721.96
66294,2025-12-19,3b7fd68a-ca95-475a-8da4-d7e3b04bad13,Toys,Oceania,3,274.4,0.15,CreditCard,6.0,2.3,699.72
65540,2024-03-13,2bf7c2e7-f746-4036-b4ab-a6ce82165a4c,Sports,North America,4,177.63,0.0,Cash,5.0,3.2,710.52
28111,2023-11-05,59e7ea04-1b85-450c-af92-d87c7ccad5d6,Sports,Asia,5,234.306,0.05,Cash,2.0,2.1,1112.95
41929,2025-10-09,4a7041d5-b918-4343-981e-260fcae83972,Toys,Oceania,1,198.43,0.05,Cash,7.0,2.2,188.51
86547,2024-10-31,285f9ee2-39c5-4f24-a103-4a205a8f4ab1,Home,North America,1,361.74,0.0,CreditCard,1.0,3.0,361.74
82586,2025-11-30,f139df30-0b7c-4108-80b4-0761f08717cb,Toys,Africa,6,66.186,0.0,BankTransfer,9.0,4.7,397.12
38604,2025-09-01,27380016-f251-421d-95e2-4956ebc72a5f,Automotive,South America,3,120.54,0.05,PayPal,8.0,3.4,343.54
91658,2023-02-10,48d3bb37-358a-45aa-beba-3822504a0c71,Sports,Africa,4,264.31,0.0,Cash,7.0,,1057.24
62787,2024-01-08,c9e896e3-0c4e-45e5-9433-1bc0bc5af34e,Automotive,Africa,3,200.46,0.0,PayPal,8.0,3.8,601.38
84341,2025-11-01,764405f1-a3d2-4bba-bdf8-515a035df601,Sports,South America,5,290.484,0.2,CreditCard,9.0,4.3,1161.94
39875,2025-12-15,51c77965-2198-49cc-bcb4-3d57e8049941,Beauty,North America,5,33.97,0.0,CreditCard,7.0,2.8,169.85
78469,2025-06-06,e28cf7a8-b3ab-41cc-8ed3-15201091e48a,Home,Asia,2,134.02,0.1,PayPal,3.0,3.5,241.24
31632,2023-12-17,4247fd42-d6bd-4a82-8ddc-d54626560d7f,Sports,Europe,3,169.72,0.2,PayPal,3.0,3.0,407.33
14953,2023-10-25,a8799868-8e12-4cd6-ae33-98cf999bc180,Toys,North America,1,443.77,0.0,Cash,4.0,3.8,443.77
39332,2023-11-28,39e44780-2ca6-435b-b9a9-44eb645e065b,Toys,North America,2,165.924,0.0,Cash,6.0,4.1,331.85
48588,2025-08-22,cf2af950-056c-46c4-9820-239f173b9380,Home,Africa,4,240.13,0.0,CreditCard,7.0,2.5,960.52
83595,2024-06-16,be9908fa-97bb-4d39-b732-488493c9899b,Electronics,South America,4,99.45,0.0,CreditCard,8.0,2.5,397.8
41488,2024-02-20,a84eda7e-d6e3-4dbd-86ac-3b98b1f349b4,Fashion,South America,2,331.96,0.0,PayPal,7.0,2.3,663.92
39628,2023-07-08,81df478a-d76e-41e2-afce-78c32642c1aa,Fashion,Asia,1,475.5,0.0,Cash,6.0,4.1,475.5
87895,2025-11-30,5aed79fb-34f4-42c5-8795-8ea970f04878,Electronics,North America,3,122.598,0.0,Cash,8.0,4.7,367.79
26304,2023-04-21,a8a36936-6670-4b4f-8d5d-d304fd7178f6,Toys,Asia,3,352.37,0.05,CreditCard,8.0,3.2,1004.25
67404,2024-07-15,4e5dc22a-d907-4dba-aaf3-8193211cc2c3,Sports,Africa,4,29.57,0.0,CreditCard,7.0,4.5,118.28
98085,2023-03-25,d9ed7f16-4747-44b1-8091-c0dfdad67be0,Fashion,Oceania,4,417.31,0.15,PayPal,2.0,3.2,1418.85
95602,2023-02-09,ae130a1a-dc06-415b-bdce-692acc3beb48,Beauty,Asia,4,260.65,0.0,PayPal,7.0,2.7,1042.6
5020,2023-07-25,5a0ed9b7-5e22-47d4-a74f-232bfb876271,Toys,North America,3,60.2,0.05,Cash,6.0,4.5,171.57
5224,2023-05-05,7d9def75-1138-48db-af2f-841100d190bd,Automotive,Oceania,5,202.25,0.0,BankTransfer,5.0,4.4,1011.25
15781,2024-04-23,db00ebd5-3d7b-40c9-a6b9-83745e4f2127,Electronics,Oceania,1,245.57,0.15,PayPal,5.0,2.2,208.73
45557,2023-02-04,03892003-62f1-427e-86e9-71d1307cc39d,Beauty,Africa,1,398.23,0.0,BankTransfer,1.0,3.9,398.23
12897,2024-01-26,f1b46b8c-2d97-443a-98ee-0e5cb362fb84,Automotive,Europe,5,316.16,0.0,CreditCard,3.0,2.3,1580.8
34305,2025-12-18,10bd7a38-f1ff-4b6a-83b3-1ed850c6443f,Sports,Europe,5,413.27,0.0,Cash,6.0,2.6,2066.35
93323,2025-05-08,9d460a50-2c6d-4d52-b970-5abced6f63a5,Toys,Oceania,3,279.87,0.0,CreditCard,8.0,3.9,839.61
5325,2023-04-03,fee91972-6f7b-43e7-9e19-f0104bf7e012,Home,Asia,2,316.36,0.0,PayPal,3.0,4.4,632.72
52926,2023-10-03,b9be6f81-2b42-4175-b57c-f62f5fbf371d,Electronics,Africa,5,414.73,0.2,CreditCard,9.0,4.9,1658.92
62865,2023-08-24,9c2918c8-d228-46ed-85da-e8c814675aca,Beauty,Africa,1,214.56,0.1,CreditCard,4.0,2.3,193.1
8019,2024-06-07,974a2447-ab73-460c-83f0-79b3f78ffd83,Electronics,Africa,5,292.12,0.0,Cash,7.0,2.9,1460.6
82945,2023-09-17,a2868475-51eb-4be9-b94f-4af8418d2469,Beauty,Africa,1,336.28,0.1,BankTransfer,4.0,3.5,302.65
90377,2023-08-01,b086ccbf-3c44-449b-bba9-4cf02d8802cd,Automotive,Oceania,1,333.45,0.0,Cash,2.0,4.9,333.45
41721,2024-07-02,c7434c90-2e83-4104-b61c-782cd35cc2a3,Sports,North America,4,93.84,0.05,PayPal,3.0,3.9,356.59
867,2023-07-10,d25864f2-25d4-40fc-a154-2765d756ba9c,Beauty,Asia,1,105.06,0.0,CreditCard,5.0,4.5,105.06
98444,2025-09-01,75d62e67-00c8-48ed-bde6-e609348f88c3,Electronics,Asia,1,308.62,0.2,Cash,4.0,2.6,246.9
83040,2023-10-15,42e06d07-12ec-4ddb-a566-6bbd7695ca97,Toys,Oceania,2,213.47,0.2,Cash,4.0,2.4,341.55
13925,2024-03-19,c19eb471-81e3-4c99-b350-003550711923,Electronics,Asia,4,116.2,0.0,BankTransfer,1.0,2.1,464.8
79893,2025-01-21,25212a75-bbfe-485d-89e9-ea0d0657f1ff,Automotive,Africa,2,200.23,0.1,PayPal,4.0,3.3,360.41
31184,2025-09-08,6d861a6f-c8e9-45bd-8d57-21e96cff1fb2,Electronics,Europe,3,170.24,0.05,BankTransfer,7.0,4.4,485.18
13800,2024-05-28,ad125a76-ba15-459b-b8a3-8a818ee30925,Toys,Asia,4,98.38,0.05,CreditCard,5.0,3.3,373.84
40989,2024-11-25,e4b9b94e-3946-47ea-b1be-c3c90133570f,Toys,Asia,2,319.98600000000005,0.0,Cash,3.0,3.7,639.97
66734,2023-11-26,d8c4d0ff-1e88-4d86-9160-afc79e18eca4,Home,Europe,2,232.317,0.0,PayPal,6.0,4.6,464.63
78331,2024-03-11,2ec62764-43e8-4ebf-8b9f-0817255961ba,Beauty,Oceania,4,395.36,0.0,BankTransfer,8.0,4.8,1581.44
24379,2024-02-19,ec7dcbe8-51b6-4a00-98ce-caf0a5726ac5,Automotive,Europe,2,225.16,0.0,Cash,9.0,2.4,450.32
23415,2025-09-28,982adac8-006a-4215-8d31-83764ac436fa,Beauty,Asia,4,274.09,0.0,PayPal,3.0,4.3,1096.36
97560,2025-06-01,d0703539-f85f-429e-9623-8684f6e16ffb,Sports,North America,3,242.53,0.1,CreditCard,8.0,2.8,654.83
22993,2025-01-08,52fd9580-3e54-443e-a0c6-c8727e1ba5de,Automotive,Oceania,1,320.02,0.05,CreditCard,7.0,4.2,304.02
3232,2023-08-06,3fe604f4-2867-4d3b-9c5f-3cba150d28eb,Toys,Europe,3,298.26,0.15,PayPal,4.0,3.3,760.56
41996,2025-04-10,0153106f-4104-4e6f-9351-9f4398ed2bae,Sports,Europe,3,326.87,0.05,PayPal,3.0,3.8,931.58
49188,2025-01-09,c8c672c0-db76-4701-8e3f-c460287e5974,Beauty,South America,1,23.54,0.05,CreditCard,9.0,4.2,22.36
22515,2024-03-07,614b4c69-ab5d-4ef7-b93c-99d14fd6b653,Home,Europe,5,495.07,0.05,BankTransfer,7.0,3.6,2351.58
21326,2024-01-31,c8cea36b-dbd0-4831-9830-86bb9e3372d7,Sports,Africa,1,192.0,0.0,PayPal,6.0,4.7,192.0
86234,2025-04-26,6ec2beb8-0aee-4d6d-b8c5-42bc20b09a72,Home,Europe,1,405.68,0.0,BankTransfer,4.0,4.9,405.68
88127,2023-01-22,91e2f520-4f98-468d-b8e5-bfed6e672a66,Automotive,Africa,3,78.97,0.1,BankTransfer,2.0,4.2,213.22
29824,2023-06-01,0a1030ab-5dc0-4438-939d-2ee85cb085e1,Sports,Asia,1,257.22,0.1,Cash,2.0,2.7,231.5
92485,2023-05-19,9d1b7107-2be2-43f9-b0be-2bcf007ba077,Fashion,North America,5,159.3,0.0,PayPal,7.0,4.4,796.5
68425,2025-07-01,ee9ba9f6-6949-4c3d-a3f5-fe538b611bbc,Electronics,Europe,1,131.11,0.1,BankTransfer,2.0,4.5,118.0
64484,2023-08-10,dea079bf-9d99-4cf7-a59e-6ddcb9868041,Sports,Asia,4,17.02,0.0,PayPal,4.0,4.7,68.08
51020,2024-01-08,dc34691c-01ea-45e8-ab5f-b38f525f3553,Fashion,South America,1,479.06,0.05,PayPal,3.0,4.3,455.11
26754,2024-10-09,e0ae5d9a-3fa8-4319-a013-55d4764f4e90,Beauty,Europe,2,87.9,0.0,Cash,7.0,3.2,175.8
49964,2023-10-25,4a557f34-3ff5-4ce2-99a2-ed2dc156c299,Home,Africa,2,74.86,0.2,CreditCard,5.0,2.3,119.78
42732,2024-01-24,5eaf0e47-19e4-4b5b-a5ec-418937790ca3,Fashion,,2,485.05,0.05,BankTransfer,2.0,3.5,921.6
29057,2023-05-29,4808b240-8ed1-4e4c-9891-4bb446750fec,Sports,Oceania,3,161.37,0.1,BankTransfer,2.0,3.3,435.7
55318,2023-06-18,856db056-e32a-45cb-86be-67499ca3e632,Home,Africa,3,105.09,0.0,Cash,7.0,3.4,315.27
35497,2024-05-09,356e6421-8b3c-44dd-8351-8e575e59e75d,Automotive,Oceania,4,388.76,0.05,PayPal,7.0,4.8,1477.29
56338,2023-10-16,c6608fed-89b4-4919-a5b5-19ead0e5350e,Fashion,Africa,1,15.54,0.05,BankTransfer,9.0,3.8,14.76
79278,2024-05-17,9974281b-f2e3-4673-a514-e46dc1dd86d4,Sports,Asia,4,32.41,0.0,Cash,3.0,2.4,129.64
5465,2024-01-22,3e5bd4af-d587-47a3-b93c-04f7663ab809,Beauty,Asia,5,416.67,0.0,PayPal,6.0,3.6,2083.35
70156,2024-06-24,3c6d525d-2538-40be-9585-9de485b8c373,Fashion,Europe,3,436.85,0.0,BankTransfer,3.0,4.0,1310.55
70670,2023-11-14,76af894b-aa3a-471c-967a-0427a6466bb5,Beauty,Asia,2,169.065,0.1,CreditCard,6.0,4.2,304.32
56014,2023-03-13,3c93a10e-4de5-4260-9aab-d54384eb80fd,Toys,North America,1,128.89,0.0,CreditCard,9.0,3.3,128.89
12086,2025-01-11,f2df8f17-1d5c-495c-95a4-d81baeee0e2c,Electronics,North America,3,80.55,0.1,BankTransfer,8.0,3.3,217.48
56819,2024-08-28,2032e362-de61-480d-8acf-b1a031b592b7,Home,Europe,3,58.27,0.0,PayPal,6.0,4.4,174.81
20001,2024-01-10,0f043e7d-c3b7-4478-9566-18494d053204,Toys,Europe,4,411.79,0.0,CreditCard,4.0,3.2,1647.16
69067,2023-02-12,cf852d30-3f65-4186-9cef-8fe23f5100cd,Beauty,Oceania,5,243.63,0.1,Cash,1.0,4.7,1096.34
50453,2025-06-06,05e7dce3-ce1b-468b-b8af-6533b6bad5b9,Sports,Oceania,5,83.76,0.0,PayPal,6.0,2.2,418.8
90710,2024-10-06,e7e20d8d-3e2b-4737-ac46-2d8b581c3608,Toys,Europe,3,327.7,0.05,BankTransfer,4.0,2.4,933.94
52885,2025-12-11,7b6b91f4-e12a-4115-b4c8-65aa0b0f0e35,Electronics,Africa,3,31.93,0.0,PayPal,3.0,2.4,95.79
30964,2025-05-07,ec909bc8-e2c8-4ce0-85f2-f2300b4370e8,Sports,Africa,4,9.4,0.0,PayPal,9.0,4.3,37.6
34574,2025-10-09,07a2a12a-2f67-4402-bde2-2ec3cf6244de,Home,North America,4,146.28,0.05,Cash,7.0,4.6,555.86
15295,2023-09-16,b8c20889-0055-47d8-9a0c-2aac165d4c7a,Home,Europe,5,338.99,0.0,BankTransfer,8.0,4.7,1694.95
27919,2024-04-06,f8c7ca32-6310-4399-a4a6-990b64b5ece2,Fashion,Europe,3,391.69,0.0,CreditCard,2.0,4.2,1175.07
46121,2025-10-23,51b7a067-1337-4249-8769-9a946215b08b,Home,Europe,3,428.79,0.05,BankTransfer,2.0,3.6,1222.05
35074,2025-12-27,5dc7be3a-f444-4eff-8239-40fc43ece745,Sports,North America,4,333.94,,CreditCard,9.0,3.2,1335.76
10551,2025-03-02,5824e832-005f-4552-8246-30295aa0e815,Toys,Oceania,5,220.69,0.0,BankTransfer,7.0,3.0,1103.45
91128,2023-07-28,84b559ee-b7af-4ecf-a5ad-ffa5fc71fdd0,Beauty,South America,2,46.35,0.0,CreditCard,8.0,4.4,92.7
691,2023-11-12,b6f6dbf1-d6d4-41cc-995d-82f8ee4a9b5d,Fashion,South America,3,115.65,0.05,Cash,5.0,4.7,329.6
77730,2023-05-16,e7e1e12a-a917-4719-b073-201f46a7a82e,Fashion,South America,4,236.63,0.1,PayPal,8.0,4.5,851.87
36097,2025-09-26,27d1f2df-dd80-4dfa-8f3f-b1bc0357085e,Sports,Asia,3,407.9,0.0,CreditCard,9.0,3.6,1223.7
65352,2023-09-11,d5e2e854-b935-46d8-afb2-de39ff72b56b,Beauty,Africa,5,17.86,0.0,CreditCard,7.0,4.2,89.3
11041,2024-06-02,706e3f71-a99c-43da-a5b5-97c6ab5b2ca1,Fashion,Oceania,5,429.74,0.0,PayPal,5.0,4.0,2148.7
4222,2023-03-23,1febc9af-b2a8-4456-884b-fa8ce3593ee9,Electronics,Africa,1,387.28,0.0,PayPal,6.0,3.3,387.28
822,2025-10-20,f204be89-4a4b-4563-8cf4-77ef18c8a616,Electronics,North America,3,473.15,0.1,CreditCard,1.0,3.8,1277.5
38129,2024-06-27,44a5df17-2e47-4798-8b41-320d863296dc,Beauty,Oceania,1,486.17,0.0,Cash,2.0,4.4,486.17
89152,2025-10-02,098108dd-4549-42ba-a79b-62cac29e32b0,,North America,3,439.7,0.0,BankTransfer,9.0,2.9,1319.1
29232,2023-12-23,2eb7f6e1-5365-428c-8bd3-6f9d54fdfb9b,Sports,Africa,3,388.98,0.0,CreditCard,3.0,3.4,1166.94
50557,2024-08-21,24b9191a-5ab5-4061-a371-7250e4c90234,Fashion,Africa,5,437.12,0.0,PayPal,3.0,4.4,2185.6
33685,2023-07-23,a2c153ff-274a-4922-87a7-9ead62b7ec1b,Toys,South America,4,133.59,0.1,CreditCard,4.0,3.5,480.92
58754,2023-01-07,770c5f43-87ca-4969-aa55-224c67a2802f,Home,Europe,5,403.54,0.15,PayPal,2.0,3.7,1715.04
27023,2023-08-24,346683ad-c68f-4f12-bd02-c8fbbb6329e8,Beauty,North America,4,205.48,0.0,BankTransfer,8.0,4.7,821.92
36906,2024-02-14,3bfbb564-a1a1-445e-ad30-2164339c4436,Beauty,Europe,1,5.21,0.05,PayPal,9.0,2.9,4.95
271,2025-06-01,4fa03f26-f6f7-40cc-a9ec-8e49d1bdb8c0,Home,Asia,4,477.56,0.15,PayPal,4.0,4.8,1623.7
8867,2024-09-19,7f2487bc-8c10-4bc1-b36b-8385522fb6b0,Fashion,Africa,1,308.91,0.2,PayPal,5.0,3.9,247.13
15007,2024-05-30,02044acf-6f75-493a-a626-02a28a46d480,Automotive,Oceania,1,42.0,0.05,PayPal,4.0,4.9,39.9
4689,2025-12-13,34b16488-cb4a-4b4b-aa68-3e184fc40b0a,Automotive,Europe,1,30.49,0.05,BankTransfer,2.0,4.2,28.97
81996,2023-09-28,31aa7288-5a4e-4883-a0df-dbe775b12faf,Home,North America,3,65.31,0.0,PayPal,2.0,4.0,195.93
84373,2023-05-15,d6f68e61-b5dc-4f04-b7f4-37ee4564c913,Home,Africa,5,419.67,0.05,Cash,4.0,4.5,1993.43
2515,2023-01-04,65637d1f-5763-4902-9552-0712af92ef22,Automotive,South America,1,493.52,0.0,CreditCard,8.0,3.0,493.52
36400,2023-01-08,7398d6de-1f76-4e06-98bd-d6412b2dd741,Electronics,Asia,1,276.21,0.15,Cash,2.0,3.0,234.78
38869,2025-08-14,2e6c6bba-58b4-46e8-84a6-b5ab611a0625,Automotive,Asia,4,233.99,0.0,Cash,6.0,2.1,935.96
58245,2024-06-11,ec55bbbf-2ef1-4fb7-8489-2fe0c4f31cf1,Electronics,Africa,1,306.05,0.2,BankTransfer,4.0,2.1,244.84
30410,2024-12-11,f45dbbd1-e021-43f9-b04b-dd28ad20aba4,Home,Asia,4,316.13,0.0,CreditCard,3.0,3.4,1264.52
54795,2023-12-09,83bbdc68-d333-4f4d-b51a-d0859d4948b1,Electronics,Oceania,4,412.39,0.0,CreditCard,7.0,3.2,1649.56
19264,2024-02-08,2495c5a2-c64e-4eca-b20d-ac54b4ef32c2,Sports,Africa,1,94.85,0.1,Cash,5.0,4.7,85.36
83910,2023-01-03,a947d1ec-a203-49fe-9989-dea72f4d8bb1,Beauty,South America,1,344.4,0.05,CreditCard,6.0,2.5,327.18
26974,2024-11-26,b1d9deb7-8ac0-4308-bac9-222493b66c15,Toys,Asia,4,445.77,0.0,BankTransfer,6.0,2.4,1783.08
7130,2024-11-05,3f612028-cb4a-4aa4-a520-53b68faa2da8,Home,Africa,3,259.524,0.0,BankTransfer,4.0,4.9,778.57
7145,2025-11-10,940d8bcc-e926-4a56-a95a-e210973cb616,Sports,South America,3,401.283,0.05,BankTransfer,5.0,4.5,1143.66
45466,2025-07-03,4955cff9-eb4a-4fdc-a863-fb5c1ab90da4,Automotive,Africa,5,186.18,0.1,Cash,3.0,2.1,837.81
1967,2025-03-10,e31db345-7b6b-411e-8aeb-99597ca2f582,Home,South America,5,17.28,0.0,BankTransfer,2.0,4.0,86.4
15153,2025-11-12,f558d6ea-dd7e-4333-aa53-990d80e1caa2,Electronics,Africa,4,90.27,0.1,Cash,6.0,3.2,324.97
19114,2024-03-11,9abfe38f-9180-45e0-9945-7484898002a4,Home,Asia,5,110.3,0.0,PayPal,5.0,3.1,551.5
76207,2025-07-15,ece3738d-1285-455c-a753-11414352322a,Automotive,Africa,4,74.87,0.05,CreditCard,9.0,2.2,284.51
32142,2024-08-04,6ef0702e-01a4-49ac-910e-a0bbe9507945,Home,South America,2,16.84,0.0,PayPal,4.0,3.8,33.68
21935,2024-07-17,4efaa16b-ea35-4283-8d82-721d75361064,Fashion,Oceania,1,226.21,0.0,BankTransfer,5.0,2.6,226.21
40360,2024-09-18,eb8a7cf0-f820-4b34-9a67-28c3a546e95b,Beauty,Oceania,5,69.6,0.15,PayPal,9.0,4.9,295.8
53842,2025-10-26,33bce9a8-ae62-4bf3-bc6f-11c47e1bf364,Home,North America,1,101.8,0.05,BankTransfer,8.0,3.4,96.71
9163,2025-10-20,becfa316-c66b-4a01-8f90-1410bfba290b,Automotive,North America,3,307.16,0.0,Cash,6.0,3.8,921.48
87844,2025-11-26,9b32560d-470e-4ab7-80db-3abec6568ed5,Toys,South America,4,44.343,0.1,PayPal,9.0,4.5,159.63
37630,2025-05-26,4720fe78-ffb0-4cf1-b919-b1927ca8297c,Electronics,South America,1,32.65,0.1,PayPal,5.0,2.2,29.38
83305,2023-01-07,003965be-5d27-458b-9cc1-680356d8c52c,Beauty,South America,4,276.92,0.0,PayPal,2.0,2.7,1107.68
66270,2024-07-24,9e860d59-94c6-4506-ab3a-5e70451bfc6e,Beauty,South America,5,323.75,0.0,PayPal,9.0,2.8,1618.75
34654,2023-07-22,962bdfe4-42ab-4e80-9bc5-dda8422d79d6,Home,Asia,5,86.06,0.0,CreditCard,6.0,2.3,430.3
41963,2025-02-17,3d2accf0-ec1c-44a8-a8f8-794b9f65aed1,Home,Oceania,5,221.26,0.05,BankTransfer,8.0,2.8,1050.98
39591,2023-02-26,34261533-0bad-4c12-95d2-753864a4f4eb,Beauty,Africa,3,209.23,0.1,BankTransfer,4.0,2.5,564.92
81036,2023-04-16,5bef0090-f7a4-4b26-a0af-24d31baf93b2,Home,Asia,5,59.65,0.0,CreditCard,9.0,2.4,298.25
10981,2023-12-13,66dbb507-ea58-4411-81cd-8f3c7d0b57ce,Toys,Africa,1,491.32,0.0,CreditCard,1.0,4.0,491.32
56300,2023-02-28,125fb3c7-949e-44c5-af86-d40b3274ac64,Electronics,Europe,5,443.15,0.05,PayPal,1.0,2.7,2104.96
61549,2025-05-03,7141e68c-b7b5-4bdd-bd57-199aaf9f4673,Home,Europe,3,44.09,0.0,CreditCard,5.0,2.9,132.27
88401,2024-02-02,d6842f14-03cd-401a-8e6e-4dcc5276aaa3,Automotive,Asia,2,429.15,0.1,CreditCard,6.0,4.9,772.47
44324,2024-03-07,2ef2cafe-5d2e-4783-aa66-8d081134334b,Electronics,Asia,5,313.65,0.0,CreditCard,1.0,4.4,1568.25
55208,2025-12-23,4b52155f-02e0-46aa-bd7b-3a654d02229f,Automotive,North America,5,290.15,0.0,BankTransfer,5.0,3.8,1450.75
53528,2025-08-08,da0434fd-bf3a-448b-9a1b-4d6d578b4cf1,Electronics,Asia,1,51.99,0.0,Cash,2.0,2.8,51.99
26971,2024-09-02,81fc1d3f-56bd-493e-9f15-541168379668,Toys,Europe,1,442.04,0.15,PayPal,4.0,4.3,375.73
73218,2024-10-05,2cd99d2e-2e29-412c-904b-a1e8c58000fc,Beauty,North America,1,311.12,0.05,BankTransfer,2.0,3.7,295.56
65891,2025-08-02,e5308b72-b336-4f7e-a6db-2f3a9e871d39,Automotive,South America,5,284.44,0.0,PayPal,7.0,4.8,1422.2
42222,2025-07-08,8dfcbd29-b905-4544-bad6-6eba8c8bf013,Beauty,North America,4,479.33,0.0,CreditCard,5.0,4.5,1917.32
97866,2025-08-20,3d8c232a-7e74-4177-b047-55a677a0c7fd,Sports,North America,1,164.06,0.05,CreditCard,5.0,3.4,155.86
12251,2024-07-08,0351dfd7-d2c3-4b9b-a49b-c6793509d895,Electronics,Asia,2,350.0,0.1,BankTransfer,1.0,4.5,630.0
69437,2025-12-25,3e9e6d1a-ebe5-463c-b0f2-7c98e19d2f82,Automotive,North America,1,20.1,0.1,PayPal,7.0,4.4,18.09
38433,2025-09-22,8cd19bcd-70fc-4ce6-b04f-b8a9d5b31c7c,Toys,Oceania,4,480.64,0.1,CreditCard,2.0,2.4,1730.3
40890,2023-12-30,0fdd5a78-2a51-4622-b08e-4c269e4c21c2,Beauty,Africa,4,6.92,0.0,CreditCard,3.0,2.7,27.68
30999,2025-11-15,33eb26fb-3694-4bbb-8871-eb5240f4aab5,Electronics,Africa,5,97.101,0.0,BankTransfer,4.0,2.3,485.5
56146,2025-03-15,a59dc0d2-d371-47b0-ae02-b4b3eb5bbc12,Home,South America,4,291.24,0.15,Cash,3.0,4.8,990.22
95414,2025-05-11,79503e0d-1505-4268-9be4-9c0ab4312d12,Electronics,South America,3,124.8,0.1,Cash,7.0,4.3,336.96
22156,2025-11-11,14fe1200-93f2-4a4d-a14b-230e9f918e64,Sports,Africa,6,27.540000000000003,0.05,PayPal,2.0,2.0,156.98
17614,2023-03-03,82e13537-b022-44a6-adff-0b3bb71b0d2d,Toys,Europe,2,469.84,0.0,Cash,4.0,4.0,939.68
56444,2023-06-18,bdc4d63a-9e01-4cc8-a364-637f9eb3b815,Electronics,Oceania,4,150.76,0.05,CreditCard,7.0,3.3,572.89
98400,2023-04-08,494f2e93-87c3-4f93-9ec5-ca5ad53dbc02,Beauty,Asia,3,290.38,0.0,Cash,2.0,4.7,871.14
24053,2025-01-21,4c8f505c-b4f8-4e25-ad49-20e3edc276a9,Toys,North America,5,390.73,0.05,Cash,9.0,2.8,1855.97
50243,2025-01-09,dad09e6b-c416-4ab7-8212-ee84c42a9e00,Toys,Asia,5,447.56,0.2,PayPal,2.0,2.2,1790.24
58999,2025-03-17,4782d4f4-82a7-423d-8838-f55341f6ddd0,Beauty,Africa,1,472.08,0.0,CreditCard,9.0,2.6,472.08
31345,2025-01-20,0ae5f9ad-d193-4f51-89fc-5c3ef60ef290,Toys,South America,3,181.05,0.0,CreditCard,8.0,3.9,543.15
61242,2023-07-17,082910c9-7984-444d-9ea4-788e1acd5c2a,Electronics,North America,1,257.67,0.1,PayPal,1.0,3.4,231.9
92530,2025-09-01,facfe8c2-f84a-44ec-9515-e617fed907e2,Sports,South America,1,307.93,0.0,BankTransfer,4.0,3.0,307.93
80829,2024-09-30,3f63ed90-bbf5-45b9-a5c1-36399fe42c2e,Electronics,Oceania,1,189.26,0.1,BankTransfer,2.0,3.5,170.33
51726,2024-07-26,e93f7e4e-3cd9-4777-babd-9bd21b3cdf2b,Electronics,Oceania,2,422.24,0.0,PayPal,3.0,3.2,844.48
33880,2025-02-22,6412b727-e773-44af-81cf-0c0cf8c7dd64,Beauty,North America,5,96.72,0.0,CreditCard,4.0,3.5,483.6
83007,2023-03-17,b7704b5b-f166-4e82-9f78-57fa26fbee49,Fashion,Europe,1,327.71,0.0,BankTransfer,3.0,4.8,327.71
73909,2023-12-25,80e83103-2b5d-4e35-b082-45ca9f6280e1,Electronics,Oceania,1,390.43,0.0,PayPal,5.0,2.6,390.43
67247,2023-03-25,5e203e03-e02e-474e-b88c-57b8c79f5ff5,Sports,South America,1,42.29,0.1,Cash,4.0,2.7,38.06
88808,2025-12-22,64a7412f-150b-4fa1-b687-15805fbf469f,Electronics,Oceania,3,243.85,0.1,Cash,7.0,3.0,658.4
13122,2025-07-23,f10f5e2d-af35-4d31-b14d-bbab3b591927,Electronics,Asia,1,431.33,0.0,BankTransfer,2.0,3.3,431.33
8258,2023-01-24,1a950f3e-bd84-46da-a266-04f3c9afd545,Beauty,South America,5,241.63,0.2,Cash,9.0,2.5,966.52
93381,2024-08-17,fc3ae8c4-6efa-4e7d-b286-2eb111dd5af3,Automotive,South America,2,344.93,0.05,BankTransfer,2.0,2.1,655.37
13915,2024-04-01,b07a810a-1bef-4085-916b-66defe56f624,Home,Europe,4,88.62,0.05,BankTransfer,7.0,4.0,336.76
30903,2025-11-13,32b27bec-51e6-4866-b7b8-70c37b5c2074,Beauty,Asia,4,167.364,0.0,PayPal,3.0,2.0,669.46
72859,2025-12-12,42792f10-f378-4b96-91c6-a31365513219,Toys,South America,2,292.28,0.0,CreditCard,3.0,4.9,584.56
20293,2023-09-07,049bf703-a6ff-4014-8b10-603231e97228,Beauty,Europe,4,270.75,0.0,BankTransfer,4.0,4.1,1083.0
58171,2024-12-08,59ac169c-5bf9-4a86-9bdf-6dc7529483e6,Sports,North America,2,174.93,0.1,CreditCard,8.0,3.5,314.87
20950,2024-11-09,85396599-5b4f-41d7-b27f-1cc381f0657a,Electronics,Africa,2,103.797,0.0,CreditCard,5.0,4.4,207.59
36695,2024-05-11,8ccb33e7-6aac-4029-93ca-e6ae9e3720f1,Home,Oceania,5,421.73,0.0,BankTransfer,1.0,4.3,2108.65
8526,2023-07-09,634ee115-5c81-4bad-8bb3-4c1425818b22,Home,South America,4,51.22,0.0,CreditCard,2.0,3.4,204.88
78272,2024-02-27,3ccc9bc7-4b1c-4b71-95c4-5e3cdce1142f,Toys,Africa,5,301.75,0.05,Cash,3.0,3.8,1433.31
77403,2023-12-04,1ab3e91c-4108-4989-9030-1dc4572e8940,Beauty,Africa,5,454.71,0.1,CreditCard,9.0,3.4,2046.19
77652,2024-01-25,35957030-b1ac-4988-8443-c78b48e96368,Toys,Africa,5,421.22,0.0,CreditCard,9.0,3.1,2106.1
99837,2025-07-10,b6abe0f1-116a-4341-b264-487b7ce8256f,Sports,South America,2,490.05,0.15,BankTransfer,6.0,2.7,833.08
92272,2025-01-06,d8cb1885-3bfd-425a-afeb-2925d02ce29e,Home,Asia,3,103.75,0.0,BankTransfer,9.0,4.0,311.25
29776,2023-03-31,42c087a5-60e4-4c4b-b4f4-1148f78351b5,Electronics,Oceania,5,97.63,0.2,BankTransfer,7.0,4.6,390.52
34808,2025-12-06,95726342-5073-40ae-803a-ecab2a50a607,Automotive,Europe,4,273.84,0.15,Cash,8.0,3.4,931.06
16886,2024-05-17,0666de8b-033a-4d4a-ae67-4484aa8346f4,Home,Africa,4,401.02,0.15,Cash,7.0,3.3,1363.47
49984,2025-01-13,2073ac31-f8fb-4475-969a-7304ef97d46b,Sports,North America,5,118.11,0.05,BankTransfer,6.0,5.0,561.02
62615,2024-11-07,37eced07-21ad-46b4-92ce-60243db4f40d,Fashion,Africa,2,287.14500000000004,0.05,BankTransfer,4.0,4.3,545.58
14229,2025-07-15,c01ddf41-b729-41ab-a68b-9e0ce9e11053,Fashion,North America,1,377.44,0.2,CreditCard,5.0,4.7,301.95
52177,2023-08-05,429acb42-4ed6-43d2-ad2f-5e97a01dd2ef,Fashion,Africa,3,372.23,0.0,BankTransfer,8.0,3.5,1116.69
8029,2025-10-11,d74d930e-0e0f-4619-a926-61f516ca331c,Sports,South America,1,366.49,0.0,CreditCard,8.0,4.9,366.49
28922,2023-02-25,e84e3bd6-753b-446c-8264-9cacffc7b392,Toys,South America,3,166.43,0.0,BankTransfer,2.0,5.0,499.29
69420,2023-05-17,c0489444-11d8-4b0e-a1b2-43177fb45dfc,Sports,Europe,2,292.56,0.0,CreditCard,1.0,2.3,585.12
70812,2023-04-03,3bb554f6-b5d0-4641-9309-30f9ddb28551,Automotive,Africa,4,143.42,0.05,BankTransfer,1.0,4.9,545.0
34364,2024-07-28,1ceac88e-185c-4bef-ab85-0cc506478a26,Beauty,South America,2,23.7,0.0,CreditCard,7.0,3.6,47.4
43204,2024-06-18,0057dfcc-ab7b-4c43-a4cd-b2ad56e8dfed,Fashion,Africa,5,382.2,0.05,PayPal,3.0,2.1,1815.45
36795,2025-09-09,97e31876-894c-4c41-9f04-cdec57d62fd6,Beauty,South America,5,122.4,0.0,PayPal,8.0,2.3,612.0
97027,2024-11-26,19da32c6-5ea0-4452-80a3-3bb9c5a07eaa,Sports,Europe,5,387.936,0.0,PayPal,7.0,2.7,1939.68
63343,2023-06-28,be04e89f-6a8e-49aa-a9c1-a0c63818a9bd,Automotive,Africa,1,42.43,0.0,CreditCard,8.0,4.8,42.43
36956,2024-12-22,9d8cae4f-6d5e-4ebf-842d-08a16941d0c9,Sports,Europe,4,247.69,0.0,BankTransfer,7.0,4.3,990.76
69229,2023-05-02,92dffcd8-b80a-4abf-92cc-2a997d796b8f,Fashion,Asia,2,104.11,0.0,PayPal,3.0,4.7,208.22
9424,2024-11-29,922e047f-b5c1-4af0-a296-884f541eb2a4,Automotive,Asia,6,232.947,0.05,Cash,5.0,3.0,1327.8
86001,2024-05-30,43c2c18d-86e4-4870-aa80-4c777d6ab4cd,Beauty,South America,3,304.58,0.0,CreditCard,9.0,4.1,913.74
16959,2025-09-28,8adb4c5c-3f17-4495-b0a6-0bc9148b42fa,Sports,South America,1,119.4,0.15,BankTransfer,2.0,4.3,101.49
21615,2025-08-12,1a72184f-a03b-4197-a46e-777443a16938,Electronics,Oceania,2,154.11,0.0,PayPal,7.0,4.7,308.22
61462,2025-03-09,ce6ad5d5-29e6-48c5-9c06-d9079165332a,Fashion,Europe,3,252.64,0.1,Cash,1.0,3.7,682.13
61774,2025-08-25,347fc9f0-b5d9-48cd-a5f0-0ebc7fab189e,,Africa,2,174.82,0.15,Cash,5.0,3.4,297.19
86802,2024-06-29,801f9494-f94d-4085-952b-4695b257d64f,Home,Asia,5,362.39,0.05,Cash,4.0,3.2,1721.35
67503,2024-02-05,528f107c-55c1-423b-a427-89f14871ac70,Sports,Oceania,5,141.04,0.05,BankTransfer,3.0,4.1,669.94
79371,2025-04-03,11948cca-7a30-4baa-8fd4-b40c598b3835,Electronics,North America,2,317.46,0.0,BankTransfer,7.0,4.4,634.92
34497,2023-11-18,3a14ece7-db0c-44c6-a081-3297a30ef58b,Toys,South America,4,305.028,0.0,CreditCard,5.0,2.8,1220.11
43009,2024-07-11,77968ea8-d091-44e4-a57b-db790bbd7ac0,Sports,Africa,2,313.8,0.0,BankTransfer,5.0,3.9,627.6
91598,2024-02-01,58361f4f-dc3f-48cf-bb28-91001632683c,Sports,North America,1,398.46,0.0,BankTransfer,9.0,3.5,398.46
75439,2023-12-22,be1175ea-f73d-456a-9640-95b488148f2e,Home,South America,2,109.57,0.1,Cash,1.0,2.2,197.23
29720,2023-02-26,78f6b995-47b3-4eb8-bda4-c3c6513d5e91,Electronics,Europe,1,235.95,0.0,BankTransfer,6.0,4.2,235.95
38607,2024-11-29,823d473d-44e8-4604-b67f-2dccf80a5c7a,Automotive,South America,4,137.34900000000002,0.0,PayPal,2.0,4.4,549.4
77127,2023-09-16,018a8ea1-cd65-4991-86e3-47074ede74f8,Beauty,Europe,2,434.06,0.0,BankTransfer,9.0,4.5,868.12
97088,2023-07-28,1b1301bf-49eb-4924-b645-05a969e1f0fd,Home,Oceania,2,249.45,0.0,PayPal,9.0,3.4,498.9
24627,2024-12-01,4c2eef90-ef30-4609-a9d5-5f2cedb715eb,Fashion,North America,2,41.3,0.0,Cash,1.0,4.3,82.6
61815,2024-03-14,e0272cc8-cc24-445a-ad84-c7a051d901a6,Toys,North America,3,386.46,0.0,Cash,8.0,2.2,1159.38
69756,2023-09-05,f7b0cc65-3846-4e86-9cc2-b33f5fab816a,Automotive,Oceania,3,313.85,0.05,CreditCard,8.0,4.2,894.47
11931,2025-09-27,2bc11bf7-4675-4f60-be4f-f60d093fbebc,Beauty,Asia,5,174.03,0.0,BankTransfer,2.0,3.2,870.15
16161,2023-06-17,d9738a63-c262-4e44-afdd-42c0484c6265,Sports,Africa,5,212.32,0.0,PayPal,8.0,3.1,1061.6
47440,2025-12-26,03532b25-9c2a-4723-a628-f1f6ae7f863a,Sports,South America,4,415.07,0.0,CreditCard,8.0,2.3,1660.28
34606,2024-03-07,25a773de-8337-46c2-a591-3d354dd5b00d,Home,North America,1,151.44,0.05,Cash,6.0,3.2,143.87
14107,2025-12-13,0863c0d1-2cf5-45b8-9e26-696faec3f7be,Sports,Europe,5,418.6,0.15,PayPal,7.0,2.2,1779.05
90651,2023-06-26,93e2ca21-64dc-49a8-8575-3a3d664aaddd,Home,Asia,5,36.0,0.05,Cash,5.0,3.0,171.0
98435,2024-09-04,d9c8515b-a8da-4212-abb2-ca1f921c4a7e,Fashion,Africa,4,341.48,0.0,PayPal,3.0,3.4,1365.92
17503,2023-08-03,35ee5414-1ac9-43d0-86bb-3af69ab8d051,Toys,South America,4,270.17,0.0,PayPal,3.0,3.8,1080.68
63486,2023-10-10,92fe947a-32fc-4bfc-b478-5e0b41c43aa8,Fashion,Asia,5,218.03,0.2,PayPal,1.0,3.8,872.12
33076,2023-09-26,113c55b3-d10e-4106-b556-6a1cbea354be,Fashion,Oceania,2,217.66,0.0,CreditCard,7.0,4.9,435.32
79809,2024-03-18,09ca559b-a69e-4374-be78-da8c45cf9e32,Home,Europe,3,363.29,0.05,BankTransfer,6.0,4.7,1035.38
90791,2024-01-14,b02c8c24-d639-4576-9049-b8fc357eb820,Automotive,North America,1,293.27,0.1,BankTransfer,3.0,3.3,263.94
93365,2024-07-30,b5739858-f585-4094-afb2-3fd95c2c1dc4,Automotive,Europe,2,28.18,0.0,CreditCard,4.0,3.4,56.36
18293,2024-12-28,5bd3f5b0-0dc6-41f7-bd97-6fd5cae40b95,Fashion,Oceania,3,19.67,0.1,PayPal,2.0,3.1,53.11
43850,2025-12-14,6d1b898c-f0f3-493c-9bfc-30150952bf33,Toys,Asia,4,292.63,0.1,CreditCard,5.0,5.0,1053.47
35068,2023-12-16,ffbb5901-b85c-4d0a-97e6-d31adcf67d9f,Toys,Oceania,1,128.05,0.05,PayPal,2.0,4.1,121.65
61393,2025-01-24,78f3e4e6-60e4-4d0f-a89c-436451f25911,Toys,North America,5,97.54,0.05,PayPal,9.0,2.0,463.32
27382,2024-05-12,9f1e725d-a480-4bf1-bc23-a5f72fd9577c,Automotive,North America,3,108.74,0.0,CreditCard,5.0,4.8,326.22
85414,2023-11-02,5ee1fefc-2dc8-425e-a032-d5e234606b64,Fashion,Africa,4,321.039,0.0,BankTransfer,6.0,4.2,1284.16
13798,2025-01-26,c8d8e631-e65c-4372-9719-90246c09f3f0,Fashion,Oceania,4,258.44,0.05,Cash,8.0,2.6,982.07
1729,2024-02-20,702b7014-adab-4c2f-91a6-46dacd613988,Automotive,Asia,1,445.56,0.1,PayPal,3.0,4.4,401.0
66101,2025-10-14,acf393f9-d519-444d-8793-9c8d5de65232,Automotive,North America,3,353.74,0.0,Cash,5.0,3.4,1061.22
7678,2025-07-02,64a70279-8609-4880-af29-c0f72ebbfe0a,Fashion,South America,2,300.81,0.1,CreditCard,5.0,3.5,541.46
73315,2023-05-06,0e547ab0-4025-47a2-9b30-2d962fb61158,Automotive,Europe,4,316.61,0.0,BankTransfer,7.0,4.5,1266.44
69696,2024-09-24,a415129b-415f-4179-988a-8c2196801c7d,Automotive,South America,1,388.1,0.0,PayPal,6.0,4.3,388.1
5439,2023-09-25,5d15c129-9425-4e90-9aeb-50557d692580,Automotive,North America,3,128.01,0.1,Cash,9.0,3.3,345.63
73381,2023-04-27,b303ce4d-8796-43ce-9a82-66e254b72d4f,Sports,Oceania,4,105.25,0.0,Cash,3.0,4.9,421.0
34591,2023-08-23,65df6f0c-76fe-41ca-9976-029c475ee308,Fashion,North America,4,303.94,0.15,PayPal,9.0,2.2,1033.4
8453,2023-11-16,dcaeedcd-67d7-4873-8f7b-524587aa2080,,South America,6,55.512,0.0,Cash,5.0,3.1,333.07
6235,2023-04-06,8bab4c1b-904a-4134-8902-8dd7a0d763f0,Fashion,Asia,2,418.97,0.0,BankTransfer,8.0,2.3,837.94
56580,2025-03-01,45a9ef25-3fe4-4fdf-9859-1cac1b5eb485,Fashion,Oceania,2,93.83,0.1,PayPal,4.0,4.2,168.89
44069,2025-07-18,1ebe1730-60a1-4722-9893-75a48398ecd4,Sports,North America,2,50.66,0.15,BankTransfer,4.0,2.1,86.12
73662,2024-09-21,fa40092d-9504-4df5-a645-49cfbd2204eb,Home,North America,5,329.54,0.1,Cash,2.0,2.8,1482.93
18242,2024-08-31,d53df7a7-cc96-462d-a354-24eb214cfb58,Sports,Oceania,3,169.26,0.1,PayPal,7.0,5.0,457.0
72560,2024-03-10,f253c5ea-e496-4033-9c69-96783fe2c214,Fashion,North America,2,141.87,0.0,BankTransfer,6.0,2.6,283.74
11373,2023-01-25,388d46c3-990e-41ea-b31b-7c54fb62b35d,Home,Africa,1,273.03,0.0,BankTransfer,5.0,3.7,273.03
53068,2023-07-17,fe5d7109-a715-48c8-805c-d34ad60461b9,Toys,Oceania,2,479.68,0.0,BankTransfer,8.0,4.0,959.36
54397,2025-09-07,ff743f6f-d798-4b0c-ab63-81076975cae6,Toys,South America,1,188.76,0.0,BankTransfer,1.0,3.2,188.76
60744,2023-02-26,1a5b3994-7107-45bc-8451-fd8fd14b1261,Beauty,South America,4,206.1,0.0,Cash,3.0,4.7,824.4
4233,2025-09-05,22212e52-d6e3-4103-9df7-0cc1133b385e,Automotive,Europe,1,37.58,,CreditCard,4.0,4.6,37.58
66150,2025-08-17,67efd730-d319-4e79-b48b-76aa07f5f4b2,Sports,Asia,5,312.77,0.05,BankTransfer,1.0,2.4,1485.66
227,2023-02-12,c074718e-425a-409f-b337-c59979844388,Electronics,,1,375.84,0.0,BankTransfer,9.0,3.7,375.84
38051,2024-03-29,cc150005-ebd8-4d1b-885f-3aa606273ee6,Electronics,Europe,4,53.43,0.0,BankTransfer,8.0,4.4,213.72
75831,2023-11-27,ee3720a2-96e0-4443-9892-d167e382e107,Toys,North America,2,375.291,0.1,CreditCard,9.0,3.6,675.52
11713,2025-05-04,79fb464e-10cf-403f-a9f0-517b28eab54a,Beauty,Oceania,5,284.75,0.0,Cash,6.0,2.1,1423.75
89799,2025-05-18,e5e09b0c-04cc-4b10-839f-82795a1ceb3c,Sports,Africa,4,167.11,0.05,PayPal,1.0,2.8,635.02
84722,2023-11-07,c5d208d4-e0ba-4fa7-8ecb-1542e1770969,Toys,Asia,3,411.417,0.0,BankTransfer,5.0,4.0,1234.25
11651,2025-10-22,06edd6bb-26cb-450a-9350-1f5bcb34dc5e,Toys,Oceania,3,82.75,0.0,BankTransfer,7.0,4.0,248.25
63793,2025-02-19,723020f9-b4c0-4caa-b15c-3bd2088504c6,Electronics,Africa,5,469.89,0.0,PayPal,5.0,4.8,2349.45
18332,2024-02-01,c0bd494b-69e6-4df4-8be7-3aeb5a6ae3c6,Sports,South America,4,306.92,0.05,CreditCard,1.0,,1166.3
59465,2023-07-17,8812f0f6-98a5-4a62-8570-3932cb79c872,Beauty,Africa,3,20.38,0.05,CreditCard,9.0,3.1,58.08
31839,2025-03-28,926042fc-d9ca-4e7d-a282-84faa0ab3e0b,Home,Oceania,5,204.57,0.0,PayPal,7.0,2.9,1022.85
35888,2023-04-02,90ea4f75-6287-490c-888f-fd214bf90a59,Automotive,South America,2,401.04,0.15,BankTransfer,5.0,3.5,681.77
70558,2024-05-11,4d010484-6874-4761-a293-bede22d31d02,Home,Europe,4,106.24,0.0,CreditCard,8.0,4.3,424.96
68842,2023-06-10,c0229fda-07fe-4c5b-ab04-4815a8e34c57,Automotive,Europe,2,128.87,0.05,PayPal,3.0,3.5,244.85
44300,2025-10-17,1a2ba7c1-4358-407d-9f36-31120b2b6b42,Home,Europe,1,328.7,0.0,Cash,6.0,2.5,328.7
39432,2024-11-29,964c5411-e8b7-4cf5-a975-6162a41f4c10,Sports,Oceania,5,252.279,0.0,BankTransfer,1.0,4.7,1261.4
71758,2025-03-09,9f43076c-ce5d-4cb9-9d95-7265972d5b52,Sports,Africa,3,358.45,0.05,Cash,3.0,2.2,1021.58
51267,2023-10-05,3acd0360-3cb6-4d1f-9681-7225eb5bcf16,Electronics,North America,5,315.51,0.2,Cash,5.0,4.7,1262.04
49809,2023-11-21,59f4e435-d32f-46b2-b47e-6b314d2527b1,Toys,Europe,5,362.56500000000005,0.05,BankTransfer,8.0,2.9,1722.18
86689,2023-09-29,8f8f5eb2-806d-4b5c-ad6a-8b4943aca5c4,Automotive,Oceania,5,221.34,0.0,CreditCard,9.0,3.0,1106.7
61005,2025-07-03,444d698c-09c2-4620-be0c-6de05c8f8ec4,Fashion,Oceania,5,338.76,0.0,Cash,2.0,3.8,1693.8
60771,2025-02-19,04515944-701f-4366-937b-f358b0ba2274,Fashion,Europe,5,415.4,0.1,BankTransfer,2.0,4.3,1869.3
88,2024-06-24,1825bc54-30be-445f-a835-14f2ceb81f9d,Fashion,Oceania,2,171.15,0.0,Cash,8.0,3.1,342.3
77204,2024-04-03,4d6b2365-0194-49c4-bc3a-ee408e31e7a0,Sports,North America,2,309.69,0.0,BankTransfer,4.0,3.5,619.38
51988,2025-12-07,36f14933-17f4-4f96-b861-4f08a3b475ff,Sports,Africa,5,337.78,0.1,BankTransfer,6.0,4.1,1520.01
82150,2025-04-24,05998b63-ccde-41d1-9947-5efc5e096fb6,Beauty,Africa,1,261.18,,CreditCard,4.0,,248.12
43734,2025-06-15,3d3fa494-41dc-44a3-8d9c-ca68fcea17b1,Automotive,Africa,4,364.14,0.1,PayPal,2.0,3.9,1310.9
95182,2025-12-31,6a06957b-741b-4e8f-a403-d35633378409,Fashion,Oceania,5,8.15,0.05,CreditCard,5.0,2.0,38.71
88477,2025-06-11,51e575e0-40f5-4837-b163-23e8dccb2216,Beauty,Europe,1,59.54,0.0,Cash,5.0,4.1,59.54
62006,2025-04-07,e8053392-2d12-494e-b63e-7fe19d0ede28,Fashion,Oceania,2,257.59,0.1,CreditCard,4.0,3.6,463.66
30884,2023-07-01,629d7ad5-1714-4b68-bc6d-4e851c415135,Toys,North America,5,234.85,0.0,PayPal,2.0,3.6,1174.25
50767,2025-11-24,af2ebb35-9c8e-4893-b44f-31289cd53033,Home,Asia,3,400.572,0.0,CreditCard,2.0,3.9,1201.72
74956,2024-02-28,dd15ba5a-b3ff-4f24-848c-4960af3b3b95,Automotive,South America,2,218.41,0.0,Cash,5.0,3.9,436.82
12751,2024-03-11,,Automotive,South America,1,116.38,0.05,PayPal,6.0,2.1,110.56
36507,2023-12-28,af70988f-8609-41e5-950e-9c54aaf34721,Home,Africa,2,402.39,0.0,CreditCard,8.0,3.0,804.78
9938,2025-10-12,c3d1b0b7-be94-4e36-9229-e29b56430354,Sports,South America,3,377.12,0.0,CreditCard,5.0,3.9,1131.36
18374,2023-10-21,c346755a-637f-4a8a-8bb1-805fa24dd10f,Sports,Oceania,4,326.57,0.05,BankTransfer,1.0,3.5,1240.97
92221,2025-04-29,7e78b1fe-65f3-4ba4-9b69-18ccad4178e6,Sports,Asia,3,81.9,0.0,BankTransfer,6.0,2.7,245.7
90730,2023-07-21,d1199b2a-d1f3-41ee-9770-5961331b98e9,Home,South America,3,261.09,0.1,CreditCard,9.0,3.1,704.94
12397,2025-07-23,aabe05a3-66e7-403c-a522-67569c4b1428,Beauty,Africa,1,143.68,0.1,Cash,4.0,4.4,129.31
94922,2025-01-12,7e8e3c03-e5c9-43f3-942f-777e92f30f24,Home,North America,4,467.4,0.0,CreditCard,7.0,4.7,1869.6
33802,2024-11-19,568c55a7-aa1a-4e4a-a2b2-b31862c8696b,Beauty,Europe,2,338.211,0.0,Cash,7.0,2.4,676.42
1231,2023-08-31,0840405a-ffd2-4491-9ff3-89aa4c36a70c,Toys,Oceania,5,155.09,0.0,PayPal,6.0,2.1,775.45
20335,2023-11-03,4c66da55-8d78-4bd0-8b9f-d9ae07150540,Electronics,Africa,2,323.136,0.1,Cash,7.0,4.7,581.64
78044,2025-08-17,36088cd0-7815-423c-a34d-c342539c1573,Home,North America,2,370.82,0.1,PayPal,2.0,3.2,667.48
40351,2023-12-16,9470bfaf-c328-49e3-8ee9-269348b7cd13,Fashion,South America,1,22.46,0.0,CreditCard,8.0,5.0,22.46
50863,2024-02-20,5fb7d2ad-2d81-4d61-83ed-35f4ad28eef9,Fashion,Africa,1,197.36,0.0,Cash,8.0,2.7,197.36
65410,2023-07-24,e9d1b837-b519-4092-9352-a1211f30df05,Fashion,Oceania,3,48.34,0.0,BankTransfer,4.0,4.0,145.02
98466,2024-11-04,,Beauty,North America,3,369.432,0.05,CreditCard,9.0,2.7,1052.88
83943,2023-12-01,da7caa20-4eec-4db4-b81e-475e990b73d9,Home,South America,5,192.69,0.0,CreditCard,3.0,4.2,963.45
35641,2025-01-04,2b99d124-dcaf-4a81-8bec-22ae888a037b,Automotive,South America,1,273.4,0.05,Cash,7.0,2.6,259.73
76610,2023-10-07,3eba8e31-0881-4ccd-8d0f-5520f38dec0f,Sports,North America,3,333.79,0.0,CreditCard,7.0,3.3,1001.37
1046,2023-04-04,b93b17fb-f76d-45fd-bd16-45a0d253d966,Fashion,Europe,2,,0.2,BankTransfer,4.0,4.9,574.19
97796,2025-10-17,6f140dfd-7403-4e8b-8044-b30905555e8c,Home,Oceania,2,5.24,0.2,Cash,7.0,4.6,8.38
5938,2025-07-14,2ab05af8-87e7-49e2-bf46-d9d3f2794e8b,Beauty,Africa,3,28.02,0.0,CreditCard,2.0,4.0,84.06
57688,2024-12-21,d30fb36f-75a1-4732-8416-0d5eae5cc28a,Sports,Oceania,3,63.81,0.05,PayPal,6.0,3.6,181.86
7896,2023-01-28,036ec6cb-8941-469b-b559-d3c6565a2822,Sports,,3,173.49,0.0,CreditCard,,3.7,520.47
87485,2024-09-21,54050c61-5d47-4b2f-881d-00da13702a07,Electronics,Africa,4,131.36,0.0,BankTransfer,9.0,3.6,525.44
17571,2025-07-06,7182d248-5afe-421d-ad7d-9f25c3f8f3cc,Beauty,Oceania,1,170.24,0.05,Cash,4.0,3.5,161.73
53065,2024-06-23,c27cd62e-bd9d-4363-a11c-084a11ffee87,Fashion,Oceania,5,61.68,0.0,PayPal,8.0,3.4,308.4
11142,2023-11-08,b02e1da7-dff6-4376-a24e-ae6510435959,Beauty,South America,6,154.881,0.0,CreditCard,4.0,2.7,929.29
96937,2024-04-09,36245ed3-f0c8-4c82-aea9-e82893df2e42,Sports,South America,4,227.7,0.0,Cash,9.0,4.0,910.8
50491,2024-10-22,a959f6ca-4f60-4262-b41f-3b6d1aa1783d,Automotive,North America,1,139.76,0.0,BankTransfer,4.0,3.0,139.76
33223,2025-07-30,b8870d92-d3f0-441d-820f-5cb08bc8054f,Automotive,Asia,2,266.72,0.0,Cash,3.0,3.5,533.44
82507,2023-12-17,e8623a5e-8c72-43ba-9205-aa60fdc135ed,Toys,North America,2,238.75,0.2,BankTransfer,6.0,4.5,382.0
36297,2025-09-09,e1b30110-525f-4b10-b951-35a7ffb547f6,Toys,Asia,2,80.84,0.0,BankTransfer,4.0,4.7,161.68
67925,2025-04-22,7b1290e3-4876-4dfd-8083-b16ec123a9d8,Sports,South America,2,103.53,0.15,PayPal,9.0,4.5,176.0
94405,2024-08-10,361748d2-c518-48f6-a361-c2f165e55438,Sports,Asia,1,453.2,0.0,BankTransfer,9.0,4.0,453.2
84993,2024-01-27,c7e7c8c0-0906-4f79-aeab-eca3cd62499e,Home,Oceania,2,346.54,0.0,CreditCard,9.0,4.9,693.08
62123,2024-08-05,9d290449-fe25-46eb-a3b9-f2f0579b3141,Toys,Oceania,3,210.46,0.05,CreditCard,4.0,4.1,599.81
65744,2024-04-15,4c14c94e-38f0-4570-9c3f-6f31a3844e7c,Automotive,Oceania,2,466.13,0.1,PayPal,5.0,3.3,839.03
40247,2024-10-31,4b1a65b1-2640-47a1-8f73-2d70979b1ec8,Toys,Asia,4,59.14,0.0,BankTransfer,5.0,2.7,236.56
16362,2023-05-15,a06b80bb-a0c6-44c2-a4df-66573196fb2c,Home,Africa,3,415.04,0.1,CreditCard,6.0,4.0,1120.61
55939,2025-11-09,,Toys,Asia,6,21.645,0.0,PayPal,9.0,4.1,129.87
28675,2023-06-11,739054d7-207c-4452-8fce-6368b0171e20,Home,South America,1,225.56,0.0,CreditCard,5.0,2.3,225.56
23958,2023-12-03,dbe5f454-8d8b-4190-a0ca-5e562ab7ab01,Fashion,South America,4,234.69,,PayPal,,3.1,938.76
7859,2025-02-09,d048c8af-ff5f-474a-8a53-76abc027c505,Home,Africa,1,456.76,0.0,Cash,9.0,2.3,456.76
94213,2023-08-26,c2fae2e4-8a27-4ae0-8bc6-5d59b853096c,Toys,North America,4,302.37,0.05,CreditCard,8.0,4.3,1149.01
63352,2023-11-14,b7934184-5b44-4209-90e4-02ba3e744efc,Electronics,Asia,6,194.256,0.0,CreditCard,1.0,2.9,1165.54
50199,2024-09-03,ce289de4-7921-4ac8-92cd-fc085ac85bf1,Beauty,South America,3,104.36,0.15,Cash,9.0,4.8,266.12
55239,2024-11-09,da8ab774-2b59-4574-b243-73ac9b72f0e4,Automotive,North America,6,319.968,0.05,Cash,3.0,2.4,1823.82
98341,2023-09-08,78578658-af17-405f-8685-2f641ca35f8f,Automotive,South America,1,141.55,,PayPal,6.0,3.2,134.47
13706,2023-01-24,6a1afce6-9d6a-4282-a830-fc292f5cc178,Toys,Europe,4,394.66,0.15,Cash,3.0,3.2,1341.84
13580,2025-08-21,7c7d471a-71cb-495c-9262-8861c0e4f44d,Home,Africa,1,454.4,0.1,Cash,3.0,3.4,408.96
34571,2023-12-15,9230df03-385d-4b56-9899-c2706f746f9a,Sports,Oceania,1,161.44,0.0,BankTransfer,3.0,4.6,161.44
93622,2025-06-19,e9727d2e-1192-4ffa-b2ec-2bc5e38d104e,Beauty,Asia,5,202.38,0.0,BankTransfer,9.0,4.9,1011.9
2105,2024-09-07,61223189-35f3-4e4a-ac92-04b40306a258,Automotive,South America,2,411.47,0.1,PayPal,9.0,2.8,740.65
74361,2025-08-19,34c07100-7179-4639-b08f-b8a15d654a47,Toys,Africa,1,180.34,0.0,PayPal,3.0,3.9,180.34
85889,2025-08-24,f099fb0e-baca-412d-85d9-aa8b90674a08,Beauty,South America,3,8.68,0.0,PayPal,1.0,4.7,26.04
99907,2023-04-15,d44b52d4-a5f3-40c9-b783-ee09638be0f6,Sports,Oceania,5,45.76,0.05,BankTransfer,7.0,3.1,217.36
56430,2023-10-14,ed4e2b23-620b-4d5e-919d-d3494ad86a06,Sports,Asia,4,306.06,0.05,PayPal,3.0,3.4,1163.03
86503,2025-12-12,35923990-fc86-472a-9a19-a85c1ef982c9,Beauty,Oceania,4,412.2,0.0,CreditCard,9.0,4.0,1648.8
12470,2025-12-25,0c3dbeee-e6f5-47a9-be27-21cdd79b37a1,Electronics,Oceania,3,143.17,0.05,Cash,6.0,3.1,408.03
14779,2025-03-10,91784374-d42e-4d39-8c3f-6f87deeee136,Automotive,Asia,3,5.22,0.0,BankTransfer,7.0,2.2,15.66
27544,2023-03-11,8e392317-ba35-45cc-92e4-446dc5784a40,Automotive,Oceania,4,217.54,0.1,PayPal,4.0,2.3,783.14
97977,2023-03-29,784203eb-489d-4e98-9e1d-80f097dd09e4,Fashion,Asia,5,449.49,0.1,Cash,4.0,3.9,2022.7
46123,2023-02-03,a794799c-ba72-43c8-820b-be484e5d92fa,Fashion,Africa,4,66.18,0.2,PayPal,7.0,4.8,211.78
49369,2025-02-15,8dca6314-bd9c-4428-b21e-62f096ecc779,Toys,Asia,4,157.99,0.0,CreditCard,9.0,2.8,631.96
1333,2025-09-02,3e9639ba-0ed2-4c9d-bd17-5712d8b22277,Fashion,Asia,4,152.53,0.05,CreditCard,4.0,4.2,579.61
2361,2025-02-04,e7f2418a-953f-4fd4-a069-4b6d04b51c12,Home,Oceania,5,183.74,0.05,Cash,1.0,2.6,872.76
82418,2024-05-15,b7a4c255-41bb-4a39-9dd6-e8ee08ffab9d,Sports,Africa,5,248.22,0.2,BankTransfer,4.0,4.2,992.88
45149,2023-03-21,21feaa32-4c28-499d-9765-ee09d0fba467,Electronics,Europe,5,451.13,0.0,Cash,8.0,2.3,2255.65
7842,2025-06-09,f2203acf-8eed-4d34-b384-3346945f4281,Automotive,Africa,4,433.19,0.05,CreditCard,9.0,2.3,1646.12
86291,2023-04-26,a561445c-8e86-43fc-bdcf-671d0e1da8b3,Automotive,South America,4,14.0,0.0,CreditCard,3.0,2.4,56.0
36035,2024-01-20,abbb03a4-3e29-43e5-a8d1-bf94c1ab72b6,Toys,Oceania,5,71.53,0.0,Cash,4.0,2.0,357.65
18146,2024-08-17,15be2848-cad7-4d24-8491-670d64ef936d,Toys,Asia,5,373.16,0.15,CreditCard,5.0,3.7,1585.93
70746,2023-10-02,bb03120a-ad5c-47b5-ac41-9c0d14bc3de0,Sports,Oceania,1,345.7,0.0,PayPal,7.0,3.1,345.7
78804,2023-05-18,8f7f9e0b-5609-4cfe-80d1-f5e654505a11,Home,Europe,1,284.77,0.0,CreditCard,5.0,2.9,284.77
94236,2024-09-19,78c92f7d-be85-47a7-ae9a-a8bf05b3d50d,Automotive,South America,4,62.46,0.0,PayPal,2.0,3.2,249.84
52491,2023-10-12,ce13cd56-3e16-4d57-bf3b-e8c3299420aa,Beauty,Europe,4,149.55,0.05,CreditCard,1.0,3.1,568.29
88895,2023-08-09,21eb090b-444e-490e-9e47-e830c451af49,Fashion,Europe,3,305.11,0.05,BankTransfer,3.0,4.4,869.56
59269,2024-05-29,93d63c97-9df5-453f-afd7-ace0ef5513b1,Toys,Oceania,5,235.56,0.1,BankTransfer,7.0,2.5,1060.02
19663,2023-04-21,cbcb7fe9-e052-46a8-a015-a8cea904b9a6,Home,Asia,2,117.48,0.0,Cash,3.0,4.6,234.96
49826,2023-05-03,1b5a4c97-91fd-48fa-9e0f-a86f1ed5dec1,Electronics,South America,5,329.77,0.05,Cash,2.0,2.3,1566.41
1323,2024-07-26,c4615234-8044-4eb2-b66e-dbf4a0ea0251,Automotive,South America,4,393.04,0.0,Cash,9.0,4.0,1572.16
37624,2024-11-14,8849b022-4668-4ed7-a263-322fcc6a7c1c,Toys,South America,6,230.625,0.05,BankTransfer,8.0,3.7,1314.56
20087,2023-12-28,fa1e9f29-a03f-4e71-b40c-f9cbdd8919d5,Automotive,Africa,5,364.58,0.15,Cash,1.0,3.7,1549.46
88366,2024-03-18,8cb94dd4-8f6e-4ada-a00b-c60a4cf3ef34,Electronics,Asia,1,406.15,0.0,PayPal,3.0,2.2,406.15
92896,2025-01-05,d95c41eb-30c6-4b0e-b3cb-552ec3984008,Home,Europe,5,273.39,0.1,Cash,6.0,2.3,1230.25
69588,2023-04-21,9928d3f0-9f87-4f41-823c-3b130c560ec1,Home,North America,3,308.88,0.0,Cash,6.0,4.9,926.64
26587,2024-01-15,5c338a83-7c80-4067-9afc-00ac9bd2ce6b,Beauty,Asia,5,344.96,0.15,PayPal,8.0,5.0,1466.08
39879,2024-10-26,abff8d01-116f-49df-a1a8-49cdb6d77105,Automotive,South America,5,459.58,0.1,CreditCard,1.0,2.6,2068.11
75299,2024-10-02,612e5ff7-f3bf-4811-8541-4c254beab64c,Automotive,Africa,3,368.65,0.1,CreditCard,4.0,2.3,995.35
53979,2024-05-15,d98b3a7d-75c1-4a6b-a651-d31178d26909,Home,Africa,2,189.19,0.15,Cash,2.0,2.0,321.62
49674,2024-06-30,17b15d41-33c2-4606-931c-1354fb95efe9,Sports,Europe,3,232.7,0.15,Cash,5.0,4.0,593.38
75962,2023-07-19,8fb00ea8-684c-449a-b5b3-6d8a7276ef02,Sports,Asia,5,430.39,0.0,PayPal,4.0,4.5,2151.95
25356,2024-03-28,02c6a749-0df1-4962-bd98-1e03c617a4f9,Home,Asia,4,36.07,0.0,CreditCard,4.0,2.5,144.28
27734,2024-05-26,4341024d-5468-4e86-8f5c-daa37d8a551e,Toys,Europe,1,367.33,0.05,Cash,7.0,3.9,348.96
18006,2024-01-17,de4908b0-c3e6-419b-8461-db6132a8a01c,Fashion,South America,2,456.51,0.0,PayPal,6.0,4.3,913.02
22673,2025-04-14,a672bfe1-515d-4ee1-b7b3-d35cf71bc83d,Home,Africa,3,226.07,0.0,Cash,7.0,3.1,678.21
50381,2024-12-22,d3ecea4e-fba3-49bf-9971-a776876d88f4,Home,North America,3,,0.0,BankTransfer,7.0,4.3,1191.81
59039,2024-05-25,81570c12-6a33-4754-8d55-ccf138928c17,Fashion,Africa,4,192.13,0.05,BankTransfer,5.0,3.4,730.09
43445,2025-09-06,026004c8-827c-40e3-9881-ad9ff03566ac,Home,North America,3,435.68,0.1,CreditCard,2.0,4.2,1176.34
2281,2024-09-12,bf00f56c-6a49-49a6-8ee2-5e54bfcb3388,Electronics,Africa,2,288.18,0.1,PayPal,4.0,3.1,518.72
77965,2025-07-10,0e8d1a7c-c377-4128-9cdf-049904c70352,Toys,South America,1,429.92,0.0,PayPal,3.0,2.1,429.92
96126,2023-10-21,cee1f36e-9d08-44f9-8572-c9989303f62c,Fashion,Africa,1,98.23,0.15,BankTransfer,3.0,3.8,83.5
77648,2024-01-12,451e97b4-f1e4-4ff1-a53e-25e368244f1f,Home,Europe,3,446.03,0.05,CreditCard,7.0,4.4,1271.19
31432,2025-12-03,9b33a68d-4646-4710-b1fa-ffe7ad1099fc,Beauty,Asia,1,50.01,0.0,Cash,3.0,3.4,50.01
31923,2023-08-11,7bc7c7f7-b52b-4796-9cd6-7b903dfc79a5,Beauty,Asia,3,132.79,0.1,BankTransfer,2.0,3.9,358.53
15809,2025-03-09,3d2d7f73-5e9b-4b75-b5f8-39a6306c130f,Toys,Asia,2,439.38,0.0,Cash,9.0,2.7,878.76
85542,2023-06-14,c248c7be-cfa1-444f-ba41-c36cb3c6544f,Beauty,Africa,2,271.64,0.0,,9.0,4.0,543.28
15496,2025-11-20,ed83cef6-f857-4817-8b59-575c5f7db347,Fashion,North America,4,422.01,0.0,PayPal,1.0,4.7,1688.04
77432,2024-01-29,f6785768-2c65-4208-9948-bccc565b3cb1,Home,North America,5,388.79,0.0,Cash,2.0,3.8,1943.95
57937,2023-10-20,c8482c26-20fa-4fd2-8652-74d1e8d29b72,Sports,Africa,1,427.98,0.0,,8.0,4.8,427.98
18950,2023-03-24,7babf550-59a0-4204-9955-a3e108528782,Beauty,Oceania,1,320.34,0.05,BankTransfer,9.0,4.7,304.32
22584,2023-08-02,203f074e-e041-4805-bdce-29756aa57f33,Home,Europe,2,252.49,0.0,BankTransfer,6.0,3.2,504.98
6749,2025-03-19,8cf996a3-d028-4602-a066-5e51f76d7126,Fashion,North America,2,178.66,0.05,Cash,2.0,3.9,339.45
80574,2025-12-24,47e73b86-e9b3-4417-89df-883089e929ab,Beauty,Africa,5,114.76,0.1,PayPal,5.0,2.1,516.42
53071,2024-06-21,3e7b3e3c-5a69-4d3e-8d5c-8c667379db61,Beauty,Asia,4,72.43,0.0,Cash,7.0,4.9,289.72
1403,2024-04-21,b46788bd-d38e-43e4-8de1-087bafa14a55,Fashion,South America,3,320.34,0.15,BankTransfer,7.0,2.5,816.87
37782,2025-12-02,3d394e8e-740e-4626-acd0-b2e607a33bd0,Electronics,North America,3,301.05,0.0,PayPal,6.0,3.4,903.15
64680,2025-08-24,4d57f74c-382d-451d-bd79-25092de609ca,Sports,Africa,1,416.19,0.0,PayPal,4.0,3.8,416.19
79961,2023-11-08,683fbcee-4c1d-4771-937a-827072186b49,Fashion,South America,6,37.656000000000006,0.05,CreditCard,5.0,3.6,214.64
23788,2024-07-08,a9aa3f8e-b462-4a78-8ba3-62230dcb8393,Automotive,Oceania,2,325.56,0.15,CreditCard,2.0,2.7,553.45
30419,2023-07-04,e72f3acb-a16c-45eb-874a-abc61e9c4a25,Home,North America,3,328.31,0.05,PayPal,8.0,4.8,935.68
59035,2024-11-17,8c6b04f6-2b33-4c27-be98-14d092545fb4,Automotive,South America,2,442.116,0.0,CreditCard,8.0,4.9,884.23
20331,2025-12-29,7b030b07-5ca5-45d3-b3e3-21fff4b85a03,Fashion,Europe,4,426.88,0.1,CreditCard,2.0,2.2,1536.77
95653,2024-09-26,20e2d897-06ff-4f54-936d-c4ef0d4bdac8,Electronics,Africa,1,389.82,0.0,Cash,4.0,5.0,389.82
884,2023-03-05,fb756923-f910-4bb3-b105-32523990e2c9,Automotive,North America,4,38.88,0.0,Cash,4.0,4.4,155.52
41516,2025-12-03,572d4684-71d5-43a9-a4b9-36c609773a68,Home,South America,4,473.7,0.0,Cash,1.0,4.3,1894.8
14039,2025-11-08,2329a529-52f4-4bbf-9460-004480d643f2,Beauty,South America,6,58.653000000000006,0.15,CreditCard,9.0,4.5,299.13
44970,2023-08-23,18745d8d-749e-4d5a-bb3b-87263d9c123a,Electronics,South America,3,445.9,0.05,CreditCard,4.0,4.0,1270.81
32866,2025-12-02,48d7e546-8173-408b-97c2-3cb3a65af9b4,Electronics,Europe,5,77.69,0.15,BankTransfer,2.0,2.2,330.18
79369,2023-05-18,557306ab-7c23-4e5d-be2f-0996421cf404,Toys,North America,4,221.92,0.15,BankTransfer,7.0,2.2,754.53
3254,2023-05-30,340155bd-b6ac-4c8e-b977-c7b41e56d346,Beauty,North America,4,357.75,0.1,PayPal,8.0,2.8,1287.9
2938,2024-12-11,c4bd9b59-7fd9-496f-ae5a-88566791659c,Electronics,Asia,4,102.68,0.15,Cash,7.0,4.5,349.11
36839,2025-07-11,a387e3d9-91bd-4c83-8d9f-a8f020b4f5a2,Beauty,Asia,3,19.77,0.0,Cash,9.0,2.6,59.31
25040,2024-08-31,c6aba64f-da41-4fb6-b057-ffbf89711599,Electronics,Africa,3,131.33,0.05,BankTransfer,6.0,4.4,374.29
23395,2025-11-28,c7d8ca9f-917b-4af7-a33a-15ba03a331eb,Toys,Asia,4,139.662,0.15,BankTransfer,7.0,4.3,474.85
81993,2025-03-11,61ef4814-ba7a-4b91-a0cf-525d6a5ee957,Home,North America,3,23.41,0.15,Cash,6.0,4.7,
56294,2025-11-18,447282b2-73d6-4a2b-8f34-2cf339a5d82e,Beauty,Oceania,2,66.366,0.15,PayPal,4.0,2.9,112.82
1319,2024-04-30,965d744f-0445-41a8-92af-97e4c536c66e,Toys,Asia,1,254.29,0.0,BankTransfer,8.0,3.2,254.29
95285,2024-07-14,6ce0befa-8986-4ffe-ba65-9bb3e2ea33ce,Toys,,2,228.32,0.0,Cash,6.0,2.2,456.64
32593,2024-12-18,2afed171-238a-40c0-b876-17df4e0c637f,Electronics,Oceania,3,79.8,0.0,CreditCard,6.0,3.0,239.4
86254,2025-04-04,58ee0427-2c95-4ec8-92e7-e2e1491681e4,Toys,Africa,5,56.78,0.0,BankTransfer,4.0,4.0,283.9
79995,2025-03-31,644f8afc-728d-46ce-9372-42ced3efd0ac,Toys,North America,4,447.38,0.05,Cash,8.0,3.6,1700.04
63781,2024-06-30,ff6c058f-a631-4506-8e35-f691ba8a4581,Sports,South America,1,182.94,0.1,BankTransfer,4.0,4.2,164.65
37109,2025-06-29,17816099-1d7c-4864-b222-3847b452ae5c,Sports,Asia,2,397.55,0.05,CreditCard,3.0,4.3,755.34
1350,2023-07-30,c5f8e2f8-414f-4994-a845-77805e20c957,Fashion,South America,5,436.13,0.1,CreditCard,8.0,3.6,1962.58
4791,2024-08-25,1c6fec01-f57f-4bba-bfba-cf5fa576db48,Fashion,South America,5,11.62,0.05,CreditCard,,4.0,55.19
96595,2024-01-30,af232ade-f039-415e-9539-348fc8e83907,Home,Europe,3,250.32,0.0,CreditCard,3.0,4.7,750.96
87445,2025-12-28,a950b04d-476e-4d52-8cca-e47bbfa7b98f,Beauty,Europe,4,283.89,0.05,CreditCard,6.0,2.4,1078.78
87608,2025-06-01,94734218-3c65-4ef2-88ab-3f601a03886e,Home,Asia,4,233.78,0.05,Cash,2.0,4.4,888.36
84334,2024-11-13,5a1d5866-03d5-4e79-bea7-49dd37c5fae8,Home,Africa,2,377.019,0.1,PayPal,2.0,3.9,678.63
58135,2024-08-17,42788f00-39bf-4453-8869-282a05d5413a,Beauty,Africa,4,87.45,0.0,CreditCard,5.0,2.8,349.8
18635,2023-11-28,cf82779e-3079-49c6-9a5a-4d67055ae18d,Automotive,Europe,3,293.427,0.15,CreditCard,4.0,2.1,748.24
3394,2024-05-28,0979f5d3-4a70-4330-bfc0-31368de6e6b3,Sports,Oceania,5,182.11,0.0,CreditCard,9.0,4.6,910.55
72229,2024-07-13,32605358-c566-460b-94dd-126a9764a626,Automotive,South America,5,332.29,0.0,CreditCard,4.0,4.8,1661.45
37588,2023-02-06,a857914a-9ec8-4c1c-a76a-42a673d0d824,Automotive,Asia,5,201.85,0.0,BankTransfer,3.0,3.2,1009.25
11447,2024-01-07,9edd5a9b-a920-435f-92eb-985f38cfa8b6,Sports,South America,4,249.8,0.0,Cash,3.0,3.6,999.2
92169,2023-11-04,bc8bbed0-0e89-4457-9a5d-1defd2d6bfa4,Electronics,North America,4,427.617,0.15,Cash,9.0,3.1,1453.9
33055,2023-07-01,96280f6d-001f-46ab-a829-0fd47ec13d6a,Automotive,Oceania,1,325.97,0.15,BankTransfer,5.0,3.3,277.07
93269,2024-04-18,01e430f9-f266-4166-a9e6-55a577a477e9,Fashion,Africa,5,346.85,0.0,CreditCard,7.0,4.8,1734.25
59809,2023-02-23,956dd963-cb3c-4cfc-9126-d2687926622d,Toys,Oceania,5,342.78,0.0,BankTransfer,5.0,3.3,
61578,2023-11-27,6edd6534-9f88-4802-9ac3-e8c1c0eaf512,Beauty,Oceania,6,251.181,0.2,,9.0,4.6,1205.67
49661,2023-04-30,d037c5e3-3183-4b8a-98b9-562608ab8a4b,Automotive,Africa,4,300.55,0.15,Cash,5.0,2.7,1021.87
11061,2024-09-24,ee906cfe-bda0-4104-848a-441e7cafb69b,Electronics,Asia,3,21.14,0.1,CreditCard,7.0,4.1,57.08
1551,2025-09-01,ba236c22-e92a-4b97-91db-1a374204d733,Fashion,Africa,3,380.92,0.0,Cash,8.0,5.0,1142.76
80751,2025-01-09,0c4869e6-2a3f-4c5d-ab99-5277081a2b0b,Beauty,Africa,3,135.66,0.15,Cash,4.0,2.5,345.93
4511,2025-11-09,9f9bc7bd-5c3d-415c-8a74-982e56ca0fb3,Beauty,Oceania,5,13.572,0.0,PayPal,2.0,3.1,67.86
26439,2023-06-23,8a597a67-788c-4fdb-b3f1-f770d9824c38,Electronics,Asia,5,120.95,0.05,CreditCard,7.0,4.4,574.51
86709,2025-06-08,a6846cde-dec0-4f13-b0f3-bc878ffdd887,Home,Europe,2,26.81,0.0,Cash,9.0,4.1,53.62
83004,2023-06-04,77f0fa5e-dba9-49c4-bb9d-a39dcbae79d3,Beauty,Africa,3,158.21,0.15,PayPal,2.0,3.2,403.44
80167,2024-02-21,2b56db2f-0f7a-401d-ab8b-65fdd8b71fef,Toys,South America,1,10.57,0.0,Cash,6.0,4.9,10.57
48079,2025-07-15,dae25c57-947b-435c-9416-21333374d708,Sports,North America,4,430.76,0.0,CreditCard,4.0,4.2,1723.04
16302,2025-03-28,f025bd70-ab1e-46b7-9c4e-3ef222d5df3d,Electronics,Asia,5,443.13,0.0,Cash,5.0,2.2,2215.65
17495,2024-08-29,35aaa1ea-7364-411a-88f0-a87aecdafac9,Beauty,Oceania,3,65.48,0.05,Cash,7.0,,186.62
85699,2025-10-30,99a75489-a5d0-4b50-8e39-a30b9729a972,Automotive,South America,4,397.59,0.2,BankTransfer,8.0,4.6,1272.29
61706,2023-04-08,55596ce8-cd06-416f-95e0-bc9ee8909be7,Sports,North America,5,429.5,0.0,PayPal,3.0,2.0,2147.5
49149,2023-06-19,54ef76b8-682e-4114-9642-3fa0a229731f,Automotive,Oceania,5,398.15,0.0,PayPal,3.0,3.5,1990.75
70173,2024-09-23,074d3368-2cd4-48ad-a629-25b1c87940f2,Toys,Oceania,1,155.99,0.15,CreditCard,4.0,4.5,132.59
96223,2025-10-10,035f2b91-01d3-4a6f-a716-6f46a238059b,Beauty,Oceania,4,410.73,0.0,Cash,1.0,4.8,1642.92
52413,2025-06-17,f511365c-759e-4b26-8c2a-e513ad5595a5,Home,Asia,5,87.69,0.0,CreditCard,8.0,2.8,438.45
97494,2025-10-17,0b2833f5-150e-48e2-96f0-415038855fa2,Home,Africa,3,172.25,0.2,CreditCard,9.0,3.9,413.4
9094,2023-08-09,a5637759-e10a-4c64-9752-800f42bb7890,Electronics,Africa,2,25.06,0.1,CreditCard,2.0,4.9,45.11
6268,2023-05-06,330c8461-0d06-4891-a980-8e3c9fa3fe4b,Beauty,Oceania,1,181.42,0.1,PayPal,3.0,3.7,163.28
81824,2023-06-13,afd8d868-30c1-4c5a-9c9f-607666613f73,Toys,South America,5,387.8,0.0,CreditCard,7.0,4.5,1939.0
40204,2024-12-18,3b6f8945-144c-423d-8e41-1928a45bfd3b,Electronics,South America,2,408.27,0.1,PayPal,1.0,,734.89
69326,2025-04-20,5a4af4d5-7301-4dd9-9fa8-133302a6bcf9,Sports,Asia,5,346.98,0.15,BankTransfer,9.0,4.9,1474.66
57863,2023-05-01,7d59af0e-120c-4ea6-a890-140d95bed2d9,Electronics,South America,1,499.89,0.0,Cash,9.0,2.6,499.89
52992,2023-11-06,222b0b4a-9f6a-412c-a56b-be8a0f38b27b,Fashion,North America,6,28.314,0.15,CreditCard,1.0,3.7,144.4
89246,2025-09-05,498e3b9f-f442-4b76-b18a-821a5c7128b8,Sports,Africa,4,450.46,0.05,BankTransfer,7.0,2.2,1711.75
26874,2025-02-19,9cf86246-823b-43a3-8c9f-2bacdc502be1,Automotive,South America,2,301.73,0.0,BankTransfer,8.0,3.9,603.46
62597,2024-09-23,e86f8bd4-cda0-4cab-aa90-c9c8cddb8f2d,Toys,Asia,4,32.65,0.1,Cash,3.0,3.3,117.54
47746,2023-03-26,fdbeccd2-13b5-46eb-b41b-ca37d9f94c01,Electronics,Oceania,4,265.56,0.0,CreditCard,8.0,4.7,1062.24
40991,2025-11-06,8e0235a4-cccf-4e4b-bdfd-507e1aeb2fcb,Beauty,Asia,4,59.949,0.05,Cash,8.0,4.0,227.81
13929,2024-09-07,fef9b10b-4f36-4e79-86b8-2a3d7a197bbb,Sports,Oceania,2,498.24,0.0,BankTransfer,1.0,2.4,996.48
94954,2024-11-04,67467281-b3d0-49dc-b4ad-e55548c639cf,Electronics,South America,3,284.49,0.0,CreditCard,1.0,3.1,853.47
18743,2025-06-24,29f937b5-eecf-4fa5-ac72-2e8ccf3cf4be,Beauty,South America,1,8.17,0.1,PayPal,9.0,4.2,7.35
1058,2023-11-10,a3422e50-9e2a-4324-8f79-a8a75f8a14bd,Sports,Oceania,3,271.512,0.0,PayPal,5.0,3.4,814.54
4338,2024-02-28,9b72a9fe-669e-498d-a3e7-3896c784ef4b,Automotive,Europe,5,139.62,0.15,CreditCard,9.0,2.4,593.38
34171,2024-09-29,929a94a9-b7f2-4aed-b651-c2b2969ac7d5,Automotive,South America,5,247.56,0.05,PayPal,4.0,2.3,1175.91
96506,2024-06-09,49ae5912-6f4e-4872-af5f-de834320362a,Home,Europe,5,51.68,0.1,PayPal,2.0,3.6,232.56
2030,2024-09-17,3ad24ac8-bf70-4042-9e7c-6795a8c6c2df,Sports,North America,3,391.84,,BankTransfer,2.0,3.7,1175.52
1431,2025-11-29,e1fdc6d1-6978-4221-bfb7-5c574b8c031f,Electronics,North America,3,351.261,0.05,CreditCard,5.0,4.4,1001.09
35084,2024-10-14,ddaa5963-8c73-42bf-8133-c9411ea8fea0,Fashion,Oceania,2,331.79,0.0,BankTransfer,4.0,2.6,663.58
33932,2024-01-02,073780b9-63d6-4fba-b385-87b1cc98db3d,Sports,North America,3,227.11,0.0,Cash,1.0,3.1,681.33
55376,2024-06-15,e6cb403c-a482-4040-a3f0-d798d40a6bf2,Automotive,Africa,4,214.63,0.05,PayPal,3.0,4.7,815.59
22825,2024-01-07,07256699-9e37-4e92-b1b8-b77b3012f305,Home,South America,2,441.01,0.05,BankTransfer,9.0,4.6,837.92
73647,2023-12-20,4eaa0474-5ff0-4cbf-b894-7bd561d58f53,Home,South America,3,193.28,0.2,Cash,2.0,2.5,463.87
25270,2023-04-29,,Electronics,South America,5,388.97,0.0,BankTransfer,2.0,3.0,1944.85
64035,2023-10-06,42646fae-b502-42a1-8cc0-c06ce764b5ee,Toys,Oceania,5,386.5,0.0,CreditCard,3.0,4.7,1932.5
14806,2025-04-13,2f96530b-d3ab-4c3f-b458-98b0b845e393,Beauty,Asia,5,414.35,0.0,BankTransfer,8.0,2.3,2071.75
60298,2025-01-15,811198f4-1c67-4756-9063-b069d8db3fd3,Automotive,Africa,4,48.97,0.1,PayPal,2.0,4.7,176.29
50079,2025-05-09,d99b9f1e-6733-4b48-ae97-4af34fa122df,Home,Oceania,2,286.56,0.1,BankTransfer,7.0,3.8,515.81
31592,2023-07-28,12845ced-1b20-490e-b246-843473a03176,Beauty,Asia,4,15.34,0.0,CreditCard,5.0,4.0,61.36
586,2024-11-06,c3a00c6f-2321-41e1-8471-04c036136e15,Automotive,Asia,4,418.5,0.1,BankTransfer,1.0,3.1,1506.6
36905,2023-06-30,0e160c98-9160-4621-b58a-3243898a5e18,Toys,Oceania,5,100.58,0.0,CreditCard,3.0,3.8,502.9
21333,2024-10-29,31db836b-2829-4da9-a76b-5b69ad8e9637,Sports,Asia,2,321.26,0.0,Cash,4.0,2.7,642.52
39457,2025-02-10,8b296d44-39ac-4ccd-bbbb-8aec2964dfd0,Home,South America,4,46.08,0.0,BankTransfer,2.0,3.8,184.32
12534,2025-10-02,d57a1134-c82f-48db-9bc6-9dfca6a148c3,Home,Oceania,1,227.4,0.0,CreditCard,9.0,3.9,227.4
40816,2023-01-08,e3cff9a7-cca4-43bf-9962-163def78b47b,Toys,Europe,5,458.53,0.15,Cash,5.0,4.8,1948.75
68317,2023-04-30,13029596-a295-4c95-91a3-a553751ceccd,Sports,Oceania,1,485.32,0.0,Cash,2.0,4.2,485.32
42918,2024-08-02,01fab3cc-8f3b-4740-b341-4c2456f44cd3,Fashion,Africa,4,193.02,0.0,PayPal,4.0,,772.08
5216,2024-03-06,3ef433df-020a-4c40-a095-c0d0a26e67da,Automotive,Africa,1,73.74,0.1,BankTransfer,8.0,,66.37
83013,2024-12-17,079b1b13-08a4-4364-8f46-b0e0aa8b967c,Automotive,Asia,4,314.41,0.0,Cash,4.0,3.6,1257.64
40200,2024-02-16,4416a597-c7b4-4dc8-b05d-e7db0953d39c,Beauty,Africa,2,86.76,0.05,BankTransfer,6.0,4.0,164.84
64274,2025-06-13,d7e90130-41c6-4219-9884-a1782efc5ab6,Fashion,Africa,5,208.62,0.1,BankTransfer,8.0,4.4,938.79
88544,2023-02-20,9c7f5317-b10b-4962-b01f-ba0670e6f9d7,Beauty,Asia,3,276.92,0.1,BankTransfer,5.0,2.4,747.68
834,2023-05-16,4926ce5f-7878-4140-ac2a-4f71a77d95f1,Toys,Oceania,4,27.8,0.05,BankTransfer,2.0,4.2,105.64
41273,2024-05-20,db32c6d7-8bdd-4220-82b1-e5c04fcbd951,Sports,Asia,1,305.75,0.0,Cash,9.0,,305.75
79343,2025-12-30,0872ac23-e5c8-49e1-bdfb-fe907025f888,Beauty,Africa,3,445.13,0.15,CreditCard,4.0,3.7,1135.08
35016,2024-01-20,95b8b74b-a338-4893-b9f0-c7b5894fb7de,Fashion,Oceania,4,293.94,0.0,PayPal,1.0,3.1,1175.76
66703,2025-06-20,4f1cf36b-6a71-426c-a3d3-576e1a933965,Beauty,Africa,2,136.7,0.05,Cash,5.0,4.2,259.73
65644,2023-01-16,809865ee-b5aa-4831-a4f1-508a884cbe3d,Fashion,Asia,2,45.38,0.0,PayPal,4.0,4.9,90.76
18486,2023-04-23,08c7d13f-abac-4ff9-b5d9-b43e8d95dad6,Sports,Africa,2,257.82,0.0,CreditCard,2.0,3.6,515.64
33334,2024-09-20,5d9c820b-beec-4846-928b-08b79925e4cb,Fashion,South America,1,187.59,0.0,BankTransfer,1.0,4.0,187.59
13552,2025-03-25,9bc3f140-3f36-4300-bacb-af63f14c261f,Automotive,North America,2,9.94,0.0,CreditCard,9.0,3.3,19.88
95261,2024-06-12,a97829a9-1076-4870-872a-332a3f49c535,Automotive,Africa,1,211.45,0.15,Cash,6.0,2.0,179.73
17673,2024-04-08,9bd179d6-4fc4-4893-a7bc-de05e3fb18a3,Automotive,Asia,2,174.85,0.0,CreditCard,2.0,3.6,349.7
23146,2023-12-12,da8ad382-a20b-4170-8b38-43fb552b85f0,Sports,South America,5,472.65,0.15,PayPal,4.0,4.2,2008.76
61130,2023-04-20,322f100c-adc3-4bfe-97da-3ba69224c44f,Sports,Asia,4,203.08,0.2,Cash,8.0,4.1,649.86
69841,2023-02-19,17545010-78bd-4e92-8a07-32adb089b21f,Fashion,Africa,4,74.8,0.0,CreditCard,7.0,4.3,299.2
96987,2023-03-05,b1ca2234-b568-43d5-8e83-800f6f1d6849,Beauty,North America,2,206.72,0.2,CreditCard,2.0,4.8,330.75
35754,2025-09-14,7e651cdb-099f-4e11-b430-131be9bb7286,Toys,Asia,3,91.83,0.05,CreditCard,3.0,2.4,261.72
33460,2024-11-29,cab725a8-33e9-4123-827e-03735886692a,Toys,Asia,4,363.942,0.0,PayPal,4.0,3.6,1455.77
14269,2025-11-07,7b040680-bfbc-426a-9f69-34a5edf193c3,Sports,Africa,3,53.757,0.1,BankTransfer,7.0,2.0,145.14
22187,2023-03-28,8bfa681d-8f82-4371-bf5f-d5e0fd186564,Beauty,Africa,4,176.15,0.0,Cash,1.0,4.9,704.6
15023,2025-05-03,002d111d-08aa-49da-94c5-be4f63e947bf,Toys,Asia,2,21.39,0.15,CreditCard,9.0,3.8,36.36
11969,2023-11-06,fa87fb09-6f26-424b-b740-eaf17e991651,Beauty,Asia,6,432.801,0.0,CreditCard,3.0,2.2,2596.81
28566,2023-11-20,32855143-ecbe-4c12-a96c-67d96fe0ada3,Beauty,Oceania,5,106.803,0.05,CreditCard,8.0,3.9,507.31
25842,2025-12-26,6c3b3880-924b-4628-9b23-4e264faed0f1,Electronics,Asia,5,449.01,0.0,CreditCard,2.0,3.8,2245.05
279,2024-09-04,90e0f4a0-fbdd-4933-8bd5-8bf61efd76e9,Sports,Asia,2,426.33,0.1,Cash,3.0,3.9,767.39
76183,2024-09-17,3f6962cd-365b-4e0e-9655-138cc0cbead8,Sports,South America,3,234.73,0.1,Cash,9.0,4.5,633.77
6149,2025-05-29,a4a8a844-8bdf-4208-81c5-bc8b64e94d6a,Electronics,South America,5,497.91,0.1,Cash,6.0,2.6,2240.6
61297,2025-10-24,706ac6aa-a73c-485d-a53b-4b8dc1a6ec68,Electronics,Oceania,1,70.88,0.2,CreditCard,1.0,2.0,56.7
77960,2024-02-23,1e8a0c9c-dee3-4fed-9aca-06fde175c01d,Home,Europe,4,368.27,0.0,CreditCard,7.0,4.0,1473.08
14150,2024-06-25,513d0f10-3e55-41ec-83cd-61ab5fb6f397,Sports,Asia,3,126.37,0.05,CreditCard,3.0,2.4,360.15
47140,2024-12-12,40b913f2-ac79-443f-8b8d-b35f47f101be,Home,South America,1,52.27,0.0,PayPal,6.0,3.9,52.27
29518,2025-12-20,4d02152d-76c1-4764-9082-e0c03a29f767,Fashion,North America,3,92.21,0.15,PayPal,6.0,2.7,235.14
10050,2024-01-24,8ccf8851-fc94-4bc1-914f-c8aa9cdd1043,Toys,Africa,2,406.47,0.0,CreditCard,1.0,4.7,812.94
53346,2023-05-07,e359e5e1-8458-4fa3-bd2c-d7e342295702,Automotive,Europe,2,367.55,0.05,PayPal,1.0,2.3,698.34
75310,2023-03-23,b6295b75-66d4-4fc8-ba95-ce9be9dadcfc,Beauty,Africa,1,449.35,0.2,Cash,5.0,3.3,359.48
20613,2025-02-27,cd1723c8-cd90-4157-b8ab-64a6ed3a227d,Fashion,,2,498.96,0.0,Cash,1.0,3.4,997.92
34287,2025-09-05,a8533c93-2926-41d3-8888-3652b62b10dd,Automotive,South America,2,412.46,0.0,PayPal,1.0,2.2,824.92
59397,2025-02-13,30715597-8703-4d11-a435-40e2ee21410d,Sports,,5,463.51,0.1,Cash,6.0,3.6,2085.8
38721,2025-02-13,2fefad08-dc0d-4f4c-976e-46ee68ded8b8,Automotive,Europe,1,293.22,0.05,BankTransfer,5.0,3.2,278.56
31121,2024-02-01,32303ee2-2707-46ba-8faa-3b1f60c5e090,Sports,Asia,2,8.62,,,7.0,2.0,15.52
46500,2023-01-09,247e5804-4ee8-4653-943e-5658eb07e8ba,Beauty,North America,5,100.01,0.0,PayPal,7.0,3.5,500.05
31419,2025-10-22,75151435-cd01-4b44-a282-80207460aba0,Electronics,South America,4,342.58,0.0,PayPal,5.0,4.1,1370.32
1573,2024-12-17,dbb54645-7dda-41b6-97c4-caed47c4cc51,Electronics,Asia,3,155.21,0.1,PayPal,4.0,2.8,419.07
78057,2023-08-13,00bb0012-7f06-48bf-8fcf-bf69f8d8b79a,Home,South America,3,401.09,0.1,Cash,1.0,3.0,1082.94
53084,2025-07-05,e35347fb-2d5f-425f-b7c3-c20174f89719,Electronics,South America,1,283.67,0.0,Cash,4.0,2.7,283.67
27806,2024-10-19,7f3e5e2a-c578-45f0-8b8f-f16c003a5ebc,Beauty,North America,5,89.16,0.0,BankTransfer,1.0,4.5,445.8
96811,2024-04-01,a8980d21-5a77-4c20-915a-123314eadc49,Automotive,Europe,3,352.11,0.0,PayPal,2.0,3.3,1056.33
97650,2023-03-17,0a8b8d55-7dc0-4b4d-acbc-eb79a3ea218d,Fashion,Oceania,5,219.62,0.05,PayPal,8.0,3.4,1043.2
15843,2024-12-25,966da436-db67-4c19-881a-b64e5a0a3790,Fashion,Africa,4,148.58,0.05,BankTransfer,8.0,4.7,564.6
52853,2025-12-02,e602163a-49ef-4146-a68f-7c1acced4c38,Toys,Africa,1,340.83,0.0,BankTransfer,7.0,3.5,340.83
50138,2025-08-29,113181a4-317c-4d23-adaf-d75193997a44,Home,Asia,2,457.02,0.0,CreditCard,3.0,3.9,914.04
27538,2024-05-12,935b5a4e-3ea3-470a-85f2-3922d0394481,Beauty,Africa,2,204.94,0.0,Cash,1.0,3.4,409.88
11856,2023-11-16,11187b88-8519-4182-add8-cccca29bc628,Home,Europe,5,300.402,0.2,PayPal,8.0,2.2,1201.61
41094,2025-02-01,62d0bb77-eb8e-4f1c-a3d5-714f67798762,Home,South America,2,110.16,0.0,PayPal,1.0,3.2,220.32
40942,2024-06-11,07d0ea6f-d446-49b0-9c35-d662c70ad6a8,Sports,Asia,5,365.18,0.1,PayPal,9.0,,1643.31
78213,2025-06-07,345fc257-5530-4b76-b7bb-8679479b6f82,Toys,Oceania,4,494.03,0.1,BankTransfer,4.0,4.6,1778.51
70852,2024-05-05,19743ef5-e2d2-47ee-abe7-d778346f865a,Fashion,Africa,3,416.6,0.0,Cash,7.0,3.0,1249.8
85907,2024-10-27,b6003313-ab11-475c-9d15-af8dc6068e85,Electronics,South America,4,31.53,0.0,Cash,6.0,4.5,126.12
70227,2025-10-05,dea07b4b-cd17-4b48-b736-a4ac12bd332b,Home,South America,3,283.93,0.05,CreditCard,8.0,3.6,809.2
17248,2024-09-09,aaac9b8e-2af0-461c-9849-d5662b3b61b0,Electronics,Oceania,4,206.22,0.0,PayPal,9.0,2.6,824.88
91331,2025-04-01,90dfd252-6e69-4e23-8a76-c9a2f7e71c53,Fashion,North America,4,429.68,0.1,PayPal,3.0,5.0,1546.85
74412,2025-03-30,542a4747-fc10-4952-aa94-4d391d587174,Automotive,Oceania,5,100.17,0.0,Cash,3.0,4.4,500.85
13736,2023-07-08,3a357a4f-c502-41ee-b7e9-873b7d5d5d25,Sports,South America,2,13.86,0.0,CreditCard,9.0,4.5,27.72
75534,2024-07-03,ab07d8fa-4aca-4e49-bf07-33cedda72f8d,Toys,Oceania,1,124.71,,CreditCard,9.0,2.4,106.0
19779,2024-07-26,de89a7c7-84d8-4c7b-a294-f5d3797d71fe,Home,North America,4,375.26,0.0,CreditCard,4.0,3.2,1501.04
8094,2024-03-31,c7569b9b-ca12-4556-b5cc-a86b92e92aa7,Beauty,Asia,2,116.89,0.0,Cash,7.0,4.9,233.78
92534,2024-06-15,91fe9cd0-4bb8-44ef-86a0-781dfb288b23,Sports,North America,3,93.78,0.0,CreditCard,1.0,4.2,281.34
82193,2025-12-11,ef746279-abfb-40e4-81e6-c7910c45af70,Electronics,North America,5,343.38,0.0,CreditCard,7.0,2.5,1716.9
67484,2023-02-14,0b05cde0-b4eb-4ab8-9990-e0470a671617,Electronics,South America,5,155.6,0.05,Cash,6.0,4.6,739.1
46678,2023-05-11,794a5977-3f72-44e4-b529-8346d55240fc,Beauty,Africa,5,108.96,0.1,PayPal,5.0,4.9,490.32
74258,2023-10-01,f682349d-4c6a-4a82-ba65-e451a0efc206,Beauty,North America,4,462.8,0.0,PayPal,5.0,4.8,1851.2
54569,2023-08-20,de55aafd-4a61-4c0b-b0a6-0c6bc565b841,Beauty,South America,4,322.67,0.1,PayPal,6.0,3.5,1161.61
61461,2025-11-06,6a7ee18d-3dc6-44e0-93be-361fa151f14b,Toys,Africa,4,93.069,0.15,PayPal,9.0,2.1,316.43
31022,2023-05-04,baf8034c-b4fd-4347-8e16-abcbc654001d,Fashion,South America,4,243.42,0.0,Cash,5.0,3.8,973.68
2130,2025-06-30,581993cc-41f9-494a-8f5d-337fee8d5daa,Fashion,Oceania,3,246.28,0.0,Cash,2.0,2.2,738.84
95185,2025-02-12,af3a8b53-1c45-4778-84f7-30aadb8a1008,Electronics,Asia,2,461.78,0.1,PayPal,7.0,3.4,831.2
11864,2025-01-03,ae4e31cf-594e-4567-babf-14cd094d4ebd,Automotive,North America,1,229.69,0.15,PayPal,2.0,3.0,195.24
55043,2025-12-19,bdac8aee-481e-485c-af2e-fabdede0fd03,Electronics,Oceania,4,62.1,0.0,CreditCard,7.0,2.2,248.4
14425,2023-06-04,9710160b-de6d-4591-9362-0975ad14ea20,Beauty,Asia,4,468.66,0.2,BankTransfer,9.0,3.6,1499.71
52151,2023-09-15,5815f7f1-9b67-4374-9f31-5efd10e1fb5a,Electronics,South America,1,495.53,0.0,PayPal,6.0,2.3,495.53
9162,2025-02-16,66383fa3-dec6-4e8f-b21b-76e3482202f9,Toys,North America,4,278.24,0.0,BankTransfer,9.0,2.2,1112.96
42666,2025-11-23,3f00eac0-d9c0-48ae-9f8f-6761a5a432f6,Toys,South America,4,216.207,0.0,BankTransfer,9.0,4.9,864.83
7316,2025-06-22,c9ceacdb-9f24-4788-805c-c2d749fa68d6,Home,Africa,1,479.4,0.0,BankTransfer,6.0,3.7,479.4
2181,2024-07-26,98d53cf5-4afc-49e8-8c47-6b726e310234,Home,Europe,4,69.04,0.15,PayPal,1.0,3.8,234.74
67359,2025-01-24,d0908ff4-6288-401a-9d0e-10f33f7999f5,Home,Oceania,1,47.91,0.1,BankTransfer,6.0,3.8,43.12
9601,2025-01-15,07fb3bdd-9559-4433-8b30-0329f55c12c6,Beauty,Oceania,2,465.78,0.05,BankTransfer,1.0,2.6,884.98
35737,2025-05-03,248dcd4e-0e19-4cf6-8831-1c3a7398f5c5,Beauty,Oceania,4,266.06,0.05,CreditCard,1.0,3.3,1011.03
30465,2023-09-27,7f74740a-3fe7-488c-ada3-1410ac6ffdca,Electronics,Asia,4,466.38,0.0,CreditCard,5.0,4.9,1865.52
10572,2024-09-17,8dffb34c-8b42-4ee7-921d-d567ea53a09d,Electronics,Europe,4,289.61,0.0,Cash,2.0,4.7,1158.44
85767,2024-01-16,57ff2943-ff4b-425a-b416-22357ccfdc5c,Fashion,Africa,1,42.19,0.0,Cash,3.0,2.2,42.19
6176,2025-06-05,e7867bbf-0136-4f98-8a5a-62d3ec9fba0a,Electronics,Asia,4,12.84,0.0,BankTransfer,7.0,4.6,51.36
31197,2024-02-17,a9b4adc1-7d88-4e18-b10a-dbd81bed09ca,Toys,North America,4,225.92,0.0,CreditCard,1.0,3.5,903.68
77458,2024-04-06,15198509-7358-4104-8b3b-10101163c441,Toys,Oceania,5,13.91,0.1,Cash,1.0,3.8,62.6
1222,2024-07-14,90ce77e9-7513-43b9-87de-96ea2b0fbe44,Beauty,Africa,1,194.21,0.05,BankTransfer,6.0,4.0,184.5
74449,2024-08-28,28b64c46-ff60-4b7b-bb7d-92ee26802bc1,Automotive,Europe,3,290.39,0.0,BankTransfer,,4.7,871.17
37038,2024-03-23,17518c7b-5fc7-4e1e-8044-6fd281743a2b,Automotive,Europe,3,368.93,0.05,CreditCard,5.0,2.5,1051.45
16291,2024-04-13,e2cdd04c-05aa-4be7-9f0c-6e1323c44489,Fashion,North America,4,426.01,0.0,BankTransfer,5.0,4.9,1704.04
25453,2023-08-17,14d3d56b-27c8-44ea-9c01-b91bc1597635,Toys,South America,3,50.21,0.05,PayPal,4.0,2.4,143.1
33563,2023-10-03,2b007383-deb4-4ff2-8ff6-d8bc6999e448,Toys,Europe,2,303.18,0.0,BankTransfer,1.0,3.8,606.36
656,2023-05-01,577bc55a-36d5-4494-b37f-d50d2e25b5ee,Toys,Oceania,2,,0.0,CreditCard,8.0,2.9,990.2
43384,2023-11-29,d2eab2be-346b-4225-8286-fe2b88cf8b83,Automotive,Oceania,3,26.064,0.1,CreditCard,5.0,2.9,70.37
64833,2024-07-22,61d10454-a3ed-4d43-815c-121dfcabda35,Electronics,South America,4,65.59,0.0,Cash,9.0,2.5,262.36
37692,2025-08-24,f5f6cef2-5345-48bf-a4b4-5afab7ab6d77,Beauty,Asia,1,399.12,0.1,Cash,2.0,3.0,359.21
50195,2023-01-28,1e704e82-ca10-4b7e-8f6c-847b1a16e068,Electronics,Europe,1,205.38,0.05,Cash,1.0,2.2,195.11
64798,2024-06-09,aac7bdba-4e77-471b-bfd4-57a89e79c031,Electronics,Oceania,3,368.41,0.0,BankTransfer,5.0,2.5,1105.23
34273,2024-01-22,4447f9e8-a71a-41c6-b4b1-a3c7708f805d,Electronics,North America,2,393.21,0.0,Cash,8.0,3.1,786.42
4051,2025-09-25,edd32be9-2905-4dd7-877b-1426b73c62ab,Sports,North America,5,272.22,0.0,CreditCard,5.0,4.6,1361.1
87072,2024-12-13,c068eaaf-7780-4193-8b4f-95aeec4a91df,Fashion,Africa,5,351.24,0.1,BankTransfer,2.0,3.8,1580.58
81773,2024-03-15,4b1a6be7-2a0c-4d10-a949-286310415c6a,Toys,Africa,5,217.21,0.0,Cash,9.0,2.6,1086.05
70997,2024-07-08,ac3574df-d969-4fdf-b5b4-1ea2c71ef136,,Europe,5,240.08,0.15,Cash,7.0,2.4,1020.34
4368,2024-02-01,a13a9da2-94e7-4b2a-b434-02ef44cfa6ba,Fashion,South America,2,150.2,0.2,Cash,6.0,4.6,240.32
56346,2024-10-16,f2cb9995-2557-4c31-9d86-2a59afad4bdd,Fashion,North America,5,213.94,0.05,CreditCard,4.0,4.4,1016.22
45918,2024-11-23,e5a82573-a363-4d05-9918-796593181c9b,Fashion,Asia,4,248.67,0.05,BankTransfer,1.0,3.6,944.95
46369,2024-12-13,15e51f7f-c86f-48d7-8610-52eff4b87b0c,Electronics,Oceania,5,160.0,0.1,BankTransfer,4.0,4.7,720.0
90890,2023-05-26,82b1d4de-8fca-430b-95ab-d1ec28450e08,Home,Africa,5,497.3,0.0,BankTransfer,2.0,3.5,2486.5
5074,2023-06-21,fe1be3e9-bee1-4c65-b7a3-19c6619c4a06,Fashion,Europe,5,358.49,0.05,Cash,2.0,3.6,1702.83
35991,2025-04-26,358048c8-cb2e-4e7b-8b8d-cd0928ad858b,Toys,Oceania,4,291.24,0.0,Cash,8.0,3.1,1164.96
10502,2025-03-25,d10327ba-fa9f-4b46-b908-2fbdebd4e04b,Home,South America,2,367.46,0.0,CreditCard,2.0,2.3,734.92
55930,2023-10-03,fabf5972-b176-4788-bbd4-a82f6b69b696,Toys,Oceania,1,31.28,0.0,PayPal,1.0,4.0,31.28
11015,2024-02-01,efab64b5-2702-49a1-80a6-a43b1a3710ae,Automotive,Asia,3,114.31,0.1,Cash,8.0,4.3,308.64
80128,2024-01-18,922859fe-ceec-4f87-a097-c1de1a7ae54c,Automotive,South America,3,238.57,0.0,BankTransfer,3.0,2.1,715.71
40039,2024-05-03,9f5f4677-076b-4dcc-a00f-9e0c18f2b50f,Home,Africa,2,237.74,0.0,CreditCard,7.0,2.6,475.48
69576,2024-10-18,d03825ad-b84e-4b3d-adc7-8f160b217608,Sports,Europe,3,403.72,0.05,BankTransfer,7.0,3.7,1150.6
8787,2023-07-12,640933ec-c68b-451f-84a2-092d2777fe38,Sports,South America,2,85.66,0.0,PayPal,9.0,3.9,171.32
60719,2025-08-16,28f4b935-f30d-45ef-8a67-03ccd9296018,Sports,Europe,2,393.07,0.15,Cash,5.0,4.1,668.22
55432,2024-12-16,6e8223b8-792c-4809-9f65-d3f6acea0f48,Automotive,Africa,3,396.61,0.0,CreditCard,4.0,3.8,1189.83
95341,2024-05-29,423c6112-bda3-4fdd-bc27-49710a128475,Electronics,South America,3,70.54,0.0,BankTransfer,9.0,4.1,211.62
19213,2025-08-24,59c1a48a-25e4-4a03-9b41-8f9f46310d28,Fashion,Africa,1,397.67,0.0,CreditCard,6.0,4.6,397.67
94482,2025-03-04,6be26db9-deb0-428e-970a-018d12d1c5f8,Toys,Europe,4,341.6,0.0,Cash,2.0,4.6,1366.4
41047,2025-04-03,89f0b674-ca32-45fe-a37a-1ce15d7ac053,Toys,Oceania,1,315.49,0.15,Cash,3.0,4.4,268.17
3790,2025-02-08,d8867545-5025-4c18-95fb-f5dccabaef3c,Toys,Africa,3,338.22,0.0,Cash,7.0,2.6,1014.66
90092,2024-07-13,ae26aca3-8516-46d5-aade-b5d1094d2acd,Home,North America,4,87.82,0.05,PayPal,1.0,2.3,333.72
58117,2025-05-01,50c12151-7a81-4047-a178-6b0c6a7bb608,Electronics,Africa,5,92.25,0.0,PayPal,3.0,2.2,461.25
22507,2023-12-26,5dce5a22-be5a-4cc4-b955-95d065615876,Electronics,South America,1,136.9,0.05,BankTransfer,1.0,2.3,130.06
17920,2023-04-06,052011e3-b35d-450c-b972-39c3edaabee1,Beauty,Oceania,3,79.4,0.05,CreditCard,7.0,4.4,226.29
96635,2025-10-15,be634283-1fdf-4df3-9c7e-fdeb859d4ec0,Sports,Africa,1,429.12,0.0,CreditCard,3.0,2.3,429.12
8570,2024-09-26,2fa227c3-dc57-44da-90ca-beebdb721b14,Home,Africa,2,251.86,0.1,PayPal,7.0,3.0,453.35
88174,2025-12-29,6e4c1b29-9ecc-4271-b59a-abfaf1e2c960,Toys,Asia,3,302.94,0.05,PayPal,9.0,4.7,863.38
45795,2023-04-04,e1f9c456-de70-44b1-8193-bdee2fbd641d,Fashion,Asia,5,148.94,0.1,PayPal,8.0,3.2,670.23
73839,2024-02-10,69eb918e-2f8c-45fb-b08f-6c1b3b8a7bd7,Fashion,North America,2,157.41,0.05,Cash,8.0,2.8,299.08
15461,2025-10-27,49d8632a-d9fd-49b4-a5fc-8b3f728752ed,Sports,South America,2,472.17,0.05,PayPal,3.0,4.3,897.12
8312,2025-12-21,17caf26b-cbfe-4d65-a23b-34635f6763a6,Sports,Asia,2,139.49,0.15,Cash,7.0,4.9,237.13
64112,2024-01-12,f6f5552d-266e-4626-9723-559884bd25ec,Toys,South America,1,,0.0,BankTransfer,8.0,4.2,133.51
9661,2024-01-11,16ac92bb-f9f6-449c-8eb7-ae33a848096e,Beauty,Oceania,2,112.52,0.0,Cash,5.0,2.3,225.04
857,2025-07-24,044251db-d0d4-4a67-b992-8faa4cbf131d,Home,Europe,1,114.15,0.0,CreditCard,7.0,2.8,114.15
57420,2024-03-23,98a051b5-dbd8-470c-bb7a-9b775555bafb,Sports,Africa,4,69.82,0.0,CreditCard,1.0,2.1,279.28
40012,2023-04-20,1014571c-5d15-4706-a10c-7ffdddf4ea73,Electronics,Asia,1,208.2,0.0,Cash,8.0,4.6,208.2
21178,2023-07-05,8a845c6c-c1c7-4811-8db0-762ef416cb92,Automotive,Asia,4,137.31,0.1,Cash,2.0,3.9,494.32
85575,2025-11-08,b78fdb25-cf2a-4b23-afbc-dc1376a5ccd9,Sports,Oceania,4,424.368,0.1,CreditCard,3.0,3.1,1527.72
22154,2025-08-22,9e944384-5516-49b6-9306-6a39441cccb8,Toys,Oceania,5,433.45,0.2,BankTransfer,6.0,2.9,1733.8
66030,2023-12-26,eb99ec9f-ec3c-4e2d-9060-f6dee1ffa16e,Automotive,Africa,2,326.86,0.0,CreditCard,5.0,3.2,653.72
11469,2024-11-02,8f654132-a9f4-4e23-ab12-bd633900f29b,Automotive,Oceania,4,368.604,0.05,PayPal,1.0,4.7,1400.7
65982,2025-03-30,9db5d7d6-4558-4148-8a83-c300525d2dc4,Fashion,Europe,5,10.33,0.05,CreditCard,4.0,3.7,49.07
37238,2023-07-07,995f33d0-ce28-4b84-bb13-8c6bd31e57cb,Beauty,South America,3,499.7,0.15,CreditCard,3.0,3.7,1274.23
72376,2023-01-16,40502e24-7d5b-4a19-a6f3-4f55936b7e54,Sports,Africa,1,353.55,0.1,BankTransfer,6.0,4.3,318.2
83143,2025-12-19,3393239e-e466-47b1-b2f8-2cc4516864ba,Automotive,Africa,3,84.8,0.15,CreditCard,6.0,2.7,216.24
20283,2024-02-25,215a91fa-5814-43d9-a18c-d01a1dc904f9,Automotive,Oceania,1,420.13,0.0,CreditCard,5.0,2.0,420.13
12388,2023-12-23,d6e9ebe0-189b-48d4-99d7-2f60529d82f8,Toys,Oceania,5,48.13,0.05,CreditCard,5.0,3.4,228.62
29870,2023-04-11,c9c5709f-9b3c-4070-b1a3-134d77e40dd6,Toys,South America,4,251.0,0.05,CreditCard,6.0,2.9,953.8
78789,2025-04-21,eaf1ea5c-14a3-4e19-acf7-8256f6585975,,North America,3,369.91,0.0,BankTransfer,4.0,3.9,1109.73
69418,2023-01-04,8ccb03bf-38a5-429b-b9d9-3ad9d2898c5c,Toys,Africa,1,167.66,0.1,Cash,6.0,2.9,150.89
10900,2023-08-05,23d146a9-c340-486f-b996-cbae99b80c76,Beauty,North America,4,326.58,0.0,Cash,9.0,4.8,1306.32
22740,2025-04-25,3a08a5ac-0c82-48b1-8598-2e47ee367dcd,Home,North America,4,471.15,0.1,BankTransfer,1.0,2.1,1696.14
1415,2024-05-04,668c879b-d2dc-42c8-b2b8-d8aa21768dd7,Automotive,Africa,1,269.07,0.0,BankTransfer,2.0,4.7,269.07
30953,2025-10-24,0a9e10d3-626b-4a8a-bc81-8c96a916f073,Toys,Oceania,5,243.0,0.05,PayPal,5.0,3.2,1154.25
56835,2025-04-01,b79e4158-3734-4dd6-9235-c4b29a9df98b,Home,South America,2,341.55,0.0,CreditCard,7.0,4.7,683.1
38936,2023-07-27,693f0dbe-4a87-48fb-8e87-b98ec8c0d284,Beauty,Asia,3,346.98,0.0,PayPal,7.0,4.4,1040.94
32201,2025-04-13,30563e0d-2a79-43ee-b1d9-947ad835a834,Sports,Europe,3,317.02,0.0,BankTransfer,3.0,2.2,951.06
68845,2023-06-07,eb66cedb-b691-4877-97dd-145e074b2e75,Toys,North America,2,,0.0,PayPal,3.0,4.7,919.38
45692,2024-10-29,e2d1fc94-27e8-4dd9-bf54-ade204be96b6,Sports,North America,5,,0.0,PayPal,9.0,4.5,2279.3
72020,2024-04-19,2ed29af9-9f3d-4b14-a5b6-3029f353a855,Sports,North America,4,23.02,0.0,PayPal,8.0,2.9,92.08
80648,2024-04-14,8c14efa5-63c2-47b7-9eb5-9846cd4a491e,Beauty,South America,3,94.15,0.05,BankTransfer,1.0,2.5,268.33
20428,2025-07-21,54b575c0-2b69-4471-a1e5-eacf5b08c649,Electronics,Asia,1,82.79,0.1,Cash,5.0,4.4,74.51
11896,2023-08-21,76bb914e-002c-4953-9bf4-47c3f7ab3171,Beauty,Europe,5,223.82,0.15,CreditCard,1.0,2.4,951.23
4625,2025-08-15,06b81c8a-03f9-474d-885d-5d016a2062aa,Toys,South America,4,86.42,0.15,CreditCard,9.0,4.8,293.83
29506,2025-04-23,afb9b175-f808-493a-af4c-460508f0d796,Fashion,Asia,3,498.23,0.1,PayPal,3.0,4.2,1345.22
12561,2025-02-23,39d68ef9-b8d5-43fc-aa94-34342a9ea8d8,Fashion,South America,3,463.69,0.0,PayPal,2.0,4.4,1391.07
38943,2025-10-10,547213ee-39fd-4ae0-bd7b-3857276eec17,Fashion,Africa,2,138.6,0.0,BankTransfer,6.0,4.8,277.2
69606,2024-12-14,42ad622b-dc5b-4dc1-97b8-e22fd48f9d47,Electronics,Africa,3,37.47,0.0,PayPal,7.0,4.8,112.41
574,2023-08-08,98a21f1c-914d-4fae-b100-13a7c6deb2f0,Home,Africa,2,272.75,0.0,BankTransfer,1.0,2.6,545.5
84866,2025-05-17,853880bb-0624-4f38-a714-ea303fde8398,Electronics,Asia,1,301.19,0.0,Cash,1.0,3.2,301.19
51744,2025-08-18,b031512e-f792-4747-b969-4ba48cdad6e4,Automotive,South America,1,429.31,0.05,BankTransfer,2.0,3.6,407.84
74337,2024-02-15,2cbff242-c36c-4830-8525-43351c7cb33b,Automotive,Europe,3,247.7,0.0,PayPal,9.0,3.5,743.1
86885,2024-08-09,75741c61-91a3-47f1-9829-29aed6209659,Electronics,Europe,5,104.45,0.0,BankTransfer,2.0,4.5,522.25
36239,2023-11-21,372360b1-9db2-48e2-ab86-244ae7d26ef4,Electronics,North America,5,138.438,0.0,BankTransfer,5.0,3.2,692.19
50283,2024-02-23,b06fc65b-5667-4c35-88ae-5ca084310554,Automotive,South America,3,290.51,0.0,Cash,4.0,4.9,871.53
7749,2023-09-06,dde630e0-cbee-4346-9d1c-153ef6ebcacf,Sports,Europe,5,499.17,0.15,Cash,3.0,4.7,2121.47
45120,2024-02-13,764441ea-df61-4f25-a0de-f7712a64a10e,Toys,Africa,4,300.28,0.0,CreditCard,2.0,2.6,1201.12
99912,2023-07-14,f2b973d1-1fad-4075-b768-7f27ff8b3b0a,Fashion,North America,2,195.59,0.0,PayPal,4.0,3.1,391.18
73382,2025-07-29,d67d87a0-63d5-4284-a101-cbb122a39c78,Sports,South America,5,10.96,0.0,Cash,1.0,4.4,54.8
60894,2024-12-03,931f4262-71af-4873-ae58-96d5501a5239,Home,Africa,4,301.22,0.0,Cash,7.0,2.1,1204.88
76179,2025-02-07,c2ee81bc-812e-432c-ad6b-9c9023e28314,Fashion,Europe,5,408.95,0.2,CreditCard,8.0,3.9,1635.8
79844,2024-10-14,131ede18-8083-491c-ab1a-426fd18f4889,Automotive,Asia,5,153.67,0.0,CreditCard,5.0,3.7,768.35
86324,2023-04-04,fd8dea94-6913-4df6-9e7f-99ce02cabb95,Automotive,North America,5,229.9,0.15,PayPal,9.0,2.8,977.08
98518,2025-08-02,f3b22dae-5aba-4e9f-867a-e42f464f05df,Sports,Oceania,1,104.91,0.05,PayPal,9.0,4.4,99.66
76930,2025-10-08,4ebd494b-15af-43d9-86dd-b703cf632b9c,Home,Asia,3,118.11,0.0,CreditCard,3.0,5.0,354.33
17962,2025-07-24,67ec013b-6f78-4265-b065-c0106245d3c9,Beauty,Oceania,4,136.94,0.05,PayPal,5.0,4.1,520.37
64846,2025-03-24,af596fa4-d3e0-4466-a562-b7c68b2a6ea4,Home,Asia,4,355.88,0.0,PayPal,8.0,4.0,1423.52
28287,2023-01-18,39cd0278-116f-4be4-b2d2-b2ee4ef0137d,Fashion,Africa,5,481.79,0.1,CreditCard,2.0,2.8,2168.06
16731,2024-05-11,3772f988-a341-45f8-abd0-f844cdad48ac,Fashion,South America,2,372.6,0.0,CreditCard,2.0,2.8,745.2
67703,2023-10-01,731b7004-801b-438d-86fc-92267fe1b779,Home,North America,5,254.82,0.05,BankTransfer,9.0,4.2,1210.39
81582,2025-01-24,8cb76f16-1e92-4530-b65a-7a1e676502fe,Home,Asia,2,107.91,0.15,BankTransfer,4.0,5.0,183.45
2743,2023-01-22,0038dc84-a3ed-433a-a722-2ea2261b5048,Electronics,Oceania,1,217.03,0.0,BankTransfer,3.0,,217.03
91840,2025-04-08,d653271d-2692-4b3d-9091-63f9cc66cb07,Toys,Asia,5,478.67,0.05,PayPal,7.0,3.7,2273.68
51277,2025-10-13,a5b3eea7-4806-4252-a9d0-7012e61f1a84,Automotive,South America,3,446.15,0.0,Cash,5.0,3.3,1338.45
10818,2024-10-26,8bc90792-a499-4739-869e-bbf47343aa18,Beauty,South America,1,485.55,0.0,PayPal,4.0,3.2,485.55
13414,2024-07-03,9a897dbd-667c-4512-84c6-04cb0cba3ea3,Toys,Europe,3,453.34,0.05,Cash,3.0,3.9,1292.02
4646,2023-11-14,067965ab-61e5-48ca-9261-14b7142a6f47,Home,North America,6,19.926,0.0,CreditCard,9.0,4.1,119.56
24831,2025-06-08,675bb586-f70e-4b43-a66e-a696322f04e6,Beauty,Asia,4,489.01,0.0,Cash,3.0,3.7,1956.04
51478,2024-12-06,790b7752-edcd-4824-bcf5-600c1253607c,Fashion,Oceania,4,483.62,0.0,BankTransfer,1.0,4.9,1934.48
60477,2025-10-31,95931665-c162-4050-90a9-e2c76c22fd1d,Automotive,Europe,1,59.82,0.0,BankTransfer,5.0,3.5,59.82
9888,2023-08-10,f8644f2f-ddfc-45c2-b72c-74985a15fc95,Fashion,North America,5,211.02,0.1,PayPal,6.0,2.2,949.59
77007,2023-07-09,dcd0b43d-eb93-4edf-b3a4-914640770635,Sports,Asia,3,406.77,0.1,BankTransfer,7.0,2.3,1098.28
80596,2024-08-21,ccdf28d5-ef9e-4839-aa7f-849b204c2f75,Home,Asia,1,302.77,0.0,Cash,7.0,4.7,302.77
72762,2023-09-09,c741509a-b84b-41db-86a5-f4ac586f7a14,Automotive,Asia,1,191.87,0.05,PayPal,8.0,4.7,182.28
97107,2024-08-26,88f08c34-9c27-4830-b079-76ac085ec97f,Fashion,North America,4,99.01,0.1,BankTransfer,3.0,2.7,356.44
53570,2025-10-13,fba39e28-053a-4f7f-94f6-703ed6afee3f,Fashion,North America,4,305.45,,CreditCard,1.0,4.9,1099.62
15627,2023-01-15,26ae933e-5d16-419e-89c4-dfe90b1051c3,Home,Asia,5,303.07,0.0,CreditCard,1.0,3.1,1515.35
98423,2025-10-05,57f76b22-88af-4f98-b171-50197f2a1be1,Toys,Asia,4,124.26,0.15,CreditCard,7.0,3.4,422.48
38862,2024-09-20,8b7e61f4-e3ad-4ceb-9b56-80c7c59b7cfc,Sports,Africa,2,436.17,0.1,PayPal,8.0,2.6,785.11
24548,2024-11-10,fedafd29-f273-402a-9024-25ebcb222192,Fashion,South America,5,48.465,0.0,CreditCard,2.0,3.5,242.32
78204,2025-04-10,fef8c080-ebe5-4fb0-b8c1-8e479498f904,Fashion,South America,3,93.68,0.0,BankTransfer,7.0,3.7,281.04
44525,2023-11-05,46c9c6d9-ba84-4347-9c88-f03227195915,Automotive,Oceania,3,184.752,0.05,Cash,5.0,4.2,526.54
929,2024-03-28,9c678393-2ced-4c0d-b173-04b5c1dd484a,Toys,Asia,4,216.29,0.05,CreditCard,8.0,4.2,821.9
30573,2025-04-21,dc18314c-510f-4c61-a129-e7ff18189b01,Fashion,Europe,3,169.38,0.1,BankTransfer,7.0,3.0,457.33
2175,2023-01-21,02b3c948-4db6-4475-a7dd-1ac44282b6e4,Sports,North America,3,65.78,0.15,CreditCard,4.0,3.2,167.74
63408,2025-09-02,2ecb0f5f-9fab-4892-98a6-9b0738e18a48,Automotive,Africa,4,235.92,0.1,CreditCard,4.0,3.0,849.31
15467,2023-02-01,d50653a9-8c23-49b5-88c1-e321fbb7c395,Toys,Oceania,1,177.7,0.05,Cash,4.0,3.8,168.81
21288,2025-09-10,f85c49cf-844a-44b4-87a4-f60ae94bfee9,Home,Asia,3,146.04,0.1,PayPal,6.0,4.7,394.31
68792,2023-12-30,761f4bed-e9e0-4492-97c8-0bee95e23c0f,Automotive,Oceania,1,344.39,0.05,Cash,3.0,3.6,327.17
64131,2023-07-23,1f602dec-3f2f-4e63-8120-85a5da0401c9,Sports,Europe,5,378.43,0.2,BankTransfer,5.0,4.1,1513.72
42631,2024-05-28,362cb840-4493-4724-9db9-be25ff329536,Toys,Oceania,2,102.92,0.2,CreditCard,4.0,3.0,164.67
48460,2024-02-22,d51032ed-af33-4380-bafd-82e9c6eb8844,Electronics,North America,5,152.21,0.1,Cash,3.0,2.6,684.94
8286,2025-12-01,dca21033-16ec-44b5-8f6a-d43f09536c4a,Electronics,Europe,3,437.85,,CreditCard,4.0,3.5,1247.87
56545,2023-11-08,ade15f2e-4cf8-4640-87b3-d596d12b2143,Electronics,Asia,3,172.764,0.1,CreditCard,9.0,2.5,466.46
36138,2024-07-19,750a9c79-21e6-4781-9f1d-9e6dff2985c5,Toys,South America,2,435.52,0.0,Cash,7.0,3.3,871.04
73918,2023-07-14,0c17c124-3ba4-480b-b83d-bd0384b90ded,Electronics,South America,1,310.24,0.1,PayPal,2.0,4.7,279.22
56098,2024-05-21,fbfd8d9a-3c14-423c-964d-5331e2b1ebcc,Toys,Africa,3,165.3,0.05,BankTransfer,8.0,2.4,471.1
25637,2023-04-11,b78d3bbf-22e3-4603-be7d-55f1438ad3d9,Automotive,Asia,2,211.64,0.1,CreditCard,9.0,4.8,380.95
59976,2023-10-31,314ae079-5e6e-4662-b88b-1b19c736c148,Electronics,South America,4,302.6,0.0,CreditCard,8.0,2.1,1210.4
63100,2025-06-21,9de71099-0471-4230-9977-cd87b0617e07,Fashion,Africa,3,403.16,0.0,PayPal,4.0,4.4,1209.48
56513,2025-02-25,1c2896dd-23b3-417e-b81d-419c7ca1c13d,Toys,Europe,3,128.2,0.0,CreditCard,4.0,2.1,384.6
68414,2023-01-26,d1eba380-12a7-43d9-bfe6-e68694a2314b,Sports,Europe,5,238.91,0.0,PayPal,3.0,4.8,1194.55
24264,2025-07-21,e38e039d-9edf-4835-8512-cb2e3a068e71,Beauty,South America,5,186.57,0.0,Cash,9.0,2.8,932.85
60420,2023-06-23,1da1eaf6-930a-4de6-a971-ea93927a6e91,Automotive,Europe,5,212.39,0.1,Cash,5.0,4.8,955.75
53043,2023-03-02,6f461cd2-f987-4b7e-aea4-391a046732d2,Automotive,North America,4,215.56,0.0,PayPal,5.0,3.5,862.24
92131,2024-08-26,a32a4a61-7731-4b59-92ab-8b5dbabfc1a9,Beauty,South America,2,379.71,0.15,CreditCard,3.0,2.8,645.51
62661,2025-07-29,663718d1-4e34-41cc-94f7-b5ea54d4fd42,Electronics,Asia,2,95.67,0.1,PayPal,5.0,2.0,172.21
24014,2023-03-21,98c9c1c4-ea2d-4edd-ac6f-e3974172615b,Electronics,South America,3,72.85,0.0,CreditCard,2.0,2.7,218.55
12043,2023-09-03,83818bda-075b-4c90-ac9f-e79bc0d57ad6,Toys,Oceania,5,419.2,0.0,PayPal,5.0,4.3,2096.0
49784,2023-06-05,e768aa36-1f6f-4c17-98b8-e6c5cef81de1,Toys,Asia,5,125.33,0.0,Cash,2.0,2.5,626.65
76815,2025-08-03,cfc8457d-0710-4233-97c6-c47557ee2ce9,Fashion,South America,3,481.31,0.0,PayPal,7.0,2.2,1443.93
15395,2025-06-21,98e4dc15-70ae-46f1-8783-96553eacdcd6,Sports,Africa,3,99.83,0.1,Cash,8.0,3.2,269.54
73797,2025-11-15,2a8ad6ae-6d1f-44a8-9500-19fc23c0a6b8,Home,Oceania,4,22.428,0.0,Cash,5.0,2.2,89.71
50179,2025-05-18,680d127a-811c-47e2-86fa-b09f6882b578,Toys,South America,2,277.33,0.05,CreditCard,2.0,3.5,526.93
94485,2025-06-11,5f104442-d976-4e53-b08c-0012ca746710,Sports,Europe,1,264.0,0.05,PayPal,9.0,4.6,250.8
115,2024-02-08,82010c62-f5f5-4b22-8e8f-a8e0284d82e5,Toys,Africa,2,191.76,0.05,BankTransfer,1.0,2.6,364.34
60900,2023-02-27,de0f406e-d14c-4bc3-bf12-744ed70e5f6d,Beauty,Europe,1,224.76,0.0,BankTransfer,9.0,4.1,224.76
59781,2025-12-22,4e72aa52-83be-4cd9-87d4-e1ff8b6a5839,Automotive,Oceania,3,297.72,0.0,BankTransfer,2.0,3.4,893.16
62200,2024-12-06,4743e975-e139-4508-89f1-b51b3d2a802f,Fashion,Europe,5,88.67,0.0,PayPal,6.0,4.5,443.35
76634,2023-08-04,185a7fce-5350-44ec-a017-91fdf03ba13f,Fashion,Europe,2,427.0,0.0,CreditCard,7.0,4.9,854.0
37379,2023-01-22,85086b68-5ed7-47df-8af2-8ea0264208dc,Electronics,South America,3,146.86,0.0,CreditCard,7.0,2.0,440.58
6730,2024-06-25,f8eb51b8-5938-4971-b0f6-d8b690e65aa4,Beauty,South America,1,436.52,0.15,BankTransfer,3.0,2.4,371.04
5905,2023-05-21,cb505aa3-0c4a-4f81-a1c2-e70c629153bf,Sports,Europe,2,181.01,0.15,PayPal,7.0,2.4,307.72
65967,2025-05-14,c96f473f-b354-45e2-a9c8-b28d2fb6f73e,Toys,Africa,2,18.0,0.0,PayPal,4.0,2.2,36.0
14530,2023-07-25,f8434845-8032-4ee2-a5f2-d47ebdd427f3,Fashion,Asia,1,304.27,0.1,PayPal,8.0,2.5,273.84
65586,2025-05-13,9b4f6591-7232-491f-8235-40c7da9683c4,Automotive,Africa,3,233.35,0.05,PayPal,5.0,2.8,665.05
7336,2024-04-16,db2d0fff-f047-44e9-b3fe-b7dea2e0f358,Electronics,North America,5,24.21,0.0,PayPal,3.0,2.1,121.05
88468,2025-07-25,fc90898a-7543-4648-a846-19aa9ba7723b,Home,South America,3,410.99,0.0,BankTransfer,6.0,4.7,1232.97
38224,2025-12-27,c38295b5-8aa8-426e-adcf-956ff26a81f1,Sports,Europe,2,415.64,0.0,PayPal,8.0,4.5,831.28
58175,2024-10-29,d82efc41-8f90-4f81-9c57-9337a51cf515,Home,North America,1,285.46,0.0,BankTransfer,4.0,2.4,285.46
89551,2024-02-27,82902f12-e1c6-43ef-b763-f7ca6c50eaac,Beauty,Oceania,3,100.61,0.0,CreditCard,8.0,3.7,301.83
4163,2023-10-25,24444f64-3025-4856-8967-65693cb29bf1,Home,Africa,4,365.75,0.15,BankTransfer,7.0,3.7,1243.55
38540,2023-02-28,e8aa1ab9-dceb-481a-96c6-d1040ac9eadc,Electronics,Asia,1,422.76,0.0,BankTransfer,8.0,4.8,422.76
69510,2023-08-17,3a8d5560-1bcf-40cf-9769-8f99976770b9,Sports,North America,3,153.52,0.1,PayPal,5.0,4.7,414.5
33889,2023-01-17,addba0d0-536b-4f65-911a-c1ab7555a28c,Fashion,Europe,4,491.12,0.0,CreditCard,7.0,3.4,1964.48
38622,2025-03-24,b45c6169-4cad-49bd-b688-b0df3bbd390f,Home,Asia,2,466.99,,PayPal,4.0,2.5,747.18
96588,2025-06-14,4976a13c-d87d-48d7-bc54-49f7a3293ad9,Fashion,Europe,5,233.49,0.0,CreditCard,8.0,3.1,1167.45
10619,2023-08-19,6332472c-cdcc-40ec-bc65-182ecaec902d,Fashion,Europe,2,267.98,0.05,PayPal,5.0,2.1,509.16
38358,2024-09-26,baee4701-6bde-4fb8-b6e1-2e779284bc31,Beauty,North America,3,218.21,0.0,PayPal,7.0,4.5,654.63
42506,2024-12-05,c148a441-ec69-4750-971d-93349c20ac24,Beauty,Africa,5,309.17,0.0,BankTransfer,9.0,3.7,1545.85
32808,2024-02-25,f44f3085-003d-4fcf-a78c-22c81263ead3,Home,South America,1,198.75,0.0,PayPal,2.0,4.7,198.75
56781,2025-06-04,9c7710da-5c7d-48d3-a81b-4f76091e424f,Sports,North America,3,40.92,0.15,Cash,2.0,3.7,104.35
40369,2023-11-14,1af2a8b0-61d7-4178-88e1-cf817f725f79,Electronics,North America,4,419.481,0.0,CreditCard,4.0,3.1,1677.92
32387,2023-10-14,78b345b3-be6f-4d89-98d3-9ccd0338ca32,Toys,Asia,5,262.33,0.0,CreditCard,6.0,2.9,1311.65
17774,2023-10-02,1ad261a6-2b9f-4948-bcfc-6b677774b331,Beauty,North America,1,212.72,0.2,CreditCard,7.0,3.6,170.18
61122,2023-08-06,10c99a48-a654-417d-aba2-565052694fee,Fashion,Oceania,4,356.94,0.2,PayPal,5.0,4.0,1142.21
17973,2023-03-08,f9dafc66-3d60-40c4-915a-2848e3b41fe7,Toys,South America,1,383.71,0.05,Cash,2.0,2.9,364.52
64305,2023-05-16,539777af-af29-4773-b81c-1b34c4ec5be0,Electronics,Asia,4,208.37,0.05,BankTransfer,6.0,3.4,791.81
69596,2025-06-11,4c103b3c-6cfa-4ad5-9cdd-488f6c5f451a,Beauty,North America,3,474.86,0.0,PayPal,7.0,3.7,1424.58
85583,2024-10-08,66f5067c-405f-4ae2-97ed-52653975e1a5,Toys,Oceania,5,454.14,0.0,PayPal,5.0,2.9,2270.7
14985,2024-10-07,4630a296-fb98-49a5-9bbf-5afa2443cd79,Sports,Oceania,5,165.18,0.0,BankTransfer,3.0,3.4,825.9
34607,2025-12-26,93936dba-e732-457a-9bc7-cef811e6fe56,Home,Oceania,4,192.0,0.05,Cash,9.0,2.2,729.6
9495,2024-08-28,916efd7b-7cc2-49b7-95b4-59923d49e4f8,Home,Asia,4,35.64,0.0,PayPal,9.0,4.3,142.56
32072,2025-01-02,7a9e3e4e-254e-4d58-a15d-7b3b292e324f,Automotive,Asia,5,240.91,0.0,PayPal,8.0,4.2,1204.55
5170,2024-01-06,26fa466b-1573-4a73-8266-557cefc66c4c,Fashion,Asia,5,333.73,0.0,Cash,8.0,4.3,1668.65
70610,2023-07-27,2e5540e6-6ef3-419e-a856-92fa675ea43f,Sports,Asia,2,353.84,0.0,BankTransfer,4.0,4.3,707.68
11318,2025-09-15,9eefa930-e04c-4e7a-9285-c5f5f6fe34c8,Sports,Asia,3,172.44,0.05,PayPal,7.0,2.4,491.45
42991,2025-05-21,1d48c973-0748-461d-81a8-25bea2694549,Beauty,North America,3,115.27,0.0,Cash,7.0,2.4,345.81
79977,2024-06-27,e737d84e-8349-4a68-8595-204c4865b03a,Home,Asia,1,299.24,0.0,CreditCard,1.0,3.9,299.24
60107,2023-06-14,37d9a97c-2148-4314-9e8c-7851fc42cbee,Electronics,Africa,5,88.93,0.0,Cash,5.0,2.3,444.65
67710,2023-10-20,ff71a568-8794-4fab-a463-760ea3578285,Electronics,North America,3,31.27,0.1,Cash,7.0,2.5,84.43
43943,2025-06-22,e84e3e46-932a-45bf-a453-474612113363,Beauty,South America,3,169.27,0.0,CreditCard,9.0,2.7,507.81
44018,2024-07-16,cd20063c-21e0-40e7-bc2c-17ff0a943503,Fashion,Oceania,5,64.0,0.2,PayPal,8.0,4.3,256.0
62413,2023-11-20,9765d07c-3a94-4216-967f-863c351f427a,Fashion,Oceania,6,347.661,0.0,BankTransfer,5.0,2.4,2085.97
27785,2024-11-26,4a3de0e3-5b91-4b54-9584-3f4bb05be11e,,South America,6,258.41700000000003,0.0,CreditCard,3.0,4.7,1550.5
21660,2025-08-18,5f361dde-025f-4965-8578-a3148611f2e4,Sports,North America,1,79.82,0.05,Cash,2.0,2.5,75.83
31376,2024-06-08,fe0129cb-a835-41b5-b0e8-025f82985eac,Home,South America,1,122.68,0.05,BankTransfer,5.0,3.0,116.55
82861,2024-01-28,77a31000-09cc-470f-b7dd-b1ca84246d34,Toys,Africa,5,118.52,0.05,Cash,1.0,3.5,562.97
13344,2024-06-20,26fdf58f-26e1-4756-85fc-6aff0d65519e,Sports,Europe,1,342.36,0.0,CreditCard,2.0,3.6,342.36
50615,2024-06-22,a03e2e89-a71b-4159-a9b0-46e22490cfe5,Electronics,Asia,1,178.69,0.05,PayPal,2.0,4.1,169.76
34824,2024-12-20,333778c0-5ed0-4957-92e4-f341d3b27e9e,Beauty,South America,4,283.89,0.15,BankTransfer,6.0,3.5,965.23
15838,2024-08-10,ab586163-2023-450b-aa25-14bc12fc6b3b,Toys,Oceania,5,396.58,0.0,PayPal,2.0,4.4,1982.9
85349,2025-07-10,e90514d0-4280-4b82-8b28-8a7b5de577c4,Toys,North America,5,14.45,0.0,Cash,2.0,3.6,72.25
56730,2025-07-17,ecfdc7ec-06e3-4095-89c9-fb449ad25103,Automotive,Asia,3,222.65,0.0,Cash,4.0,5.0,667.95
59923,2024-01-27,b77909d9-b4fe-42a3-98be-e7af3cadbcb2,Sports,Asia,1,250.87,0.05,PayPal,5.0,4.6,238.33
33804,2023-04-10,631c18ea-932a-471b-a02b-938252f21af0,Automotive,Oceania,4,215.64,0.0,CreditCard,5.0,3.2,862.56
19838,2025-12-13,e5e650c7-db55-4b32-bf43-08894b80dcb6,Automotive,South America,4,448.5,0.05,BankTransfer,7.0,2.1,1704.3
21518,2023-07-18,27fcb080-9839-4b39-bcfd-866942e12288,Fashion,North America,1,154.97,0.0,PayPal,4.0,4.6,154.97
91196,2024-04-30,bc78f272-31b0-4416-9c05-47b760d90873,Sports,Africa,5,499.52,0.05,CreditCard,2.0,2.5,2372.72
28011,2023-03-16,60baed08-f2d3-4176-b8f9-a26a386d67d8,Beauty,Asia,2,333.73,0.1,CreditCard,2.0,2.6,600.71
30221,2025-09-17,e68e4345-3d74-4da8-83be-274378caf0ab,Home,Europe,3,404.95,0.15,CreditCard,5.0,4.1,1032.62
65202,2025-07-16,7bf0e7bf-3174-4357-b13a-315f0bc23f89,Beauty,Asia,4,231.19,0.15,PayPal,4.0,3.7,786.05
22262,2024-08-12,ad407ee3-ee71-427d-a2b1-bbd3c1d37c44,Electronics,Asia,4,178.04,0.1,CreditCard,2.0,3.5,640.94
37116,2025-07-27,3550861a-e6ea-456a-8ea8-a9f265782e57,Sports,North America,4,270.1,0.0,BankTransfer,9.0,3.4,1080.4
44035,2023-06-01,cb53c7e0-e46a-43a7-994f-fee115978679,Toys,Europe,3,100.42,0.1,Cash,2.0,2.3,271.13
55594,2025-12-26,0d5beaa4-d4ad-4452-a63b-6095e927b8d7,Home,Africa,1,215.22,0.1,Cash,1.0,3.8,193.7
34339,2023-07-19,0054d0c7-1039-4378-bc1d-fb5aeb2bdb03,Beauty,Asia,2,352.95,0.05,PayPal,4.0,4.0,670.6
8951,2025-12-10,b91340e3-9afe-48a7-a0d8-82e46b8d8642,Toys,,4,219.91,0.05,Cash,1.0,4.7,835.66
52507,2023-02-15,0b4e93d5-10a4-463c-9096-217bc40c5197,Sports,Europe,4,157.71,0.15,CreditCard,2.0,,536.21
84700,2025-07-29,790d3bdd-3021-439c-be4a-e587f716bb5c,Beauty,Europe,1,373.87,0.0,PayPal,7.0,3.6,373.87
28853,2024-09-05,79e11c48-70b9-40f6-a032-b5e6f0ff95cd,Electronics,Oceania,5,365.6,0.15,BankTransfer,9.0,3.5,1553.8
48595,2024-03-08,bc55dba0-58c8-47e4-b81e-494dab1230cb,Toys,Europe,2,37.36,0.0,BankTransfer,7.0,2.2,74.72
73977,2023-12-30,748616c8-5bc5-40d1-a05e-23deb56d1bae,Toys,Africa,3,309.66,0.1,BankTransfer,2.0,3.8,836.08
45567,2024-11-04,0f61e087-ff3e-4e49-8347-64ad6d04722f,Sports,South America,2,58.941,0.15,BankTransfer,9.0,3.5,100.2
87038,2025-03-10,2ad24be7-ae24-43b8-9476-9237f05c50ca,Fashion,Europe,3,251.36,0.0,CreditCard,1.0,3.2,754.08
11148,2023-03-12,1993644b-0f4d-426e-8d35-8bc380863f67,Automotive,Oceania,5,134.38,0.1,PayPal,1.0,4.7,604.71
86810,2023-05-05,72791a45-665e-4b63-a186-a04227d564bd,Home,South America,4,339.5,0.0,PayPal,6.0,4.6,1358.0
72444,2023-05-06,58a4f0d2-5ef2-4a23-8fe1-69c99c8c5aff,Electronics,Oceania,1,157.86,0.0,PayPal,1.0,3.8,157.86
27725,2023-05-13,,Electronics,Africa,2,366.77,0.1,CreditCard,9.0,4.2,660.19
18093,2024-08-09,5cf01b14-c77e-40ee-aeb4-2aeed6fbf5ea,Beauty,Asia,2,17.33,,BankTransfer,1.0,4.5,34.66
85627,2025-03-26,4c5444a4-dd33-4c3b-ba07-8c935bb6354e,Home,Oceania,5,74.27,0.0,PayPal,9.0,2.7,371.35
90867,2025-08-30,4fb8939e-56ec-43c9-bf36-d82d2b3143f7,Beauty,Oceania,2,182.33,0.05,PayPal,5.0,4.2,346.43
19357,2024-06-13,db5fc59e-df3a-42bd-b478-3e0c61205840,Sports,Europe,2,170.44,0.0,BankTransfer,5.0,3.3,340.88
32833,2025-03-05,434a57c4-42f5-4188-994d-6335cf5bc906,Fashion,North America,1,338.23,0.0,CreditCard,5.0,3.3,338.23
89333,2024-12-18,030a910a-1d3e-4876-a2fd-523e7e7d4de8,Electronics,Asia,5,96.58,0.05,CreditCard,5.0,2.2,458.75
31334,2024-02-13,dd79c4ab-d0bd-4160-8dec-728dc967c613,Sports,Europe,5,481.6,0.0,Cash,4.0,2.1,2408.0
68941,2023-05-14,284a06f4-3a47-40fb-a2ad-bd4e9d3e13ab,Toys,Africa,5,35.66,0.0,CreditCard,2.0,3.1,178.3
32613,2025-08-22,b0aa7c2d-21d5-4174-9195-67ba7c2796bd,Fashion,Africa,2,56.9,0.0,CreditCard,1.0,4.1,113.8
41077,2025-05-09,3ab79235-addc-49d2-b800-c8e1b325bbea,Beauty,North America,3,95.1,0.15,BankTransfer,5.0,4.5,242.5
16784,2025-10-09,70348a25-fa1c-4356-b36d-22ad0ce04aeb,Sports,North America,1,59.31,0.05,Cash,7.0,3.4,56.34
41131,2023-10-24,5591ada1-cdbd-4a83-b2b6-1bbbfc06d1ec,Beauty,Africa,3,258.28,0.05,CreditCard,7.0,2.7,736.1
78319,2024-10-17,7c6f34d8-8917-4eff-b4e6-a4a448abb446,Automotive,South America,5,102.79,0.0,Cash,6.0,2.2,513.95
72170,2025-11-25,fca264f8-6977-464d-b58f-8c3207308432,Fashion,Europe,5,16.533,0.05,Cash,6.0,2.2,78.53
4152,2023-04-07,4c6f9a45-8192-4f8f-9fed-7603fadc9704,Automotive,North America,3,324.83,0.0,BankTransfer,7.0,4.2,974.49
2363,2023-03-16,3360d115-48b5-4c88-8f63-5f4a2b9a118e,Toys,South America,1,18.25,0.15,PayPal,2.0,3.3,15.51
51011,2025-05-04,db3b9b18-6f37-4c25-bf85-f33e1b7796c9,Sports,South America,4,131.72,0.15,PayPal,2.0,5.0,447.85
18054,2023-02-21,e99f816d-2927-4870-9338-dbcfa2e93a9d,Toys,Europe,5,86.76,0.05,CreditCard,1.0,2.4,412.11
72165,2025-07-30,40101363-11fc-4377-94cc-405dc02c1423,Fashion,Oceania,5,19.37,0.2,BankTransfer,8.0,3.8,77.48
49025,2023-08-22,bf680949-ea3d-49d5-b81b-910569eb80f4,Home,South America,3,476.67,0.0,Cash,5.0,2.1,1430.01
80324,2025-10-16,f0bed2cb-2a9a-4870-93de-91789db59d84,Home,Oceania,1,417.2,0.0,PayPal,2.0,4.9,417.2
24136,2025-04-15,622193e4-5206-43a8-8c1e-22745bf2cf57,Fashion,Africa,3,82.5,0.0,BankTransfer,6.0,4.1,247.5
98556,2025-09-01,fbca2021-282c-4cb2-9608-62d18e9caef2,Fashion,Europe,2,103.37,0.0,CreditCard,1.0,3.0,206.74
31745,2024-07-05,18e4dce4-bf0d-440a-ba93-2914b7b015a7,Fashion,Oceania,3,42.9,0.0,CreditCard,4.0,4.1,128.7
24934,2023-06-24,843f9044-7120-4cf5-a2ad-1645ea223f8a,Fashion,Africa,3,271.58,0.0,BankTransfer,2.0,4.1,814.74
73990,2025-05-28,42da0078-1a03-4998-acf7-ac90afc52305,Beauty,Asia,4,313.92,0.2,PayPal,4.0,3.7,1004.54
43459,2025-08-27,4cfc9ca9-f6b1-40e2-af28-5c3220c6f80e,Fashion,Asia,4,262.93,0.05,CreditCard,5.0,3.6,999.13
35942,2025-09-17,12eb2b26-9555-404f-a966-af113521fe14,Electronics,Africa,2,160.12,0.05,BankTransfer,6.0,2.4,304.23
11374,2025-11-06,5e86ca3d-07d7-42df-8ef0-4ec3fb2d6908,Automotive,Oceania,3,286.938,0.15,CreditCard,6.0,2.4,731.69
2798,2024-04-04,22249813-0a6b-4e3d-94fd-0594ecf91245,Fashion,North America,5,486.89,0.0,CreditCard,9.0,4.1,2434.45
24114,2024-08-10,7b4bbf27-0aa5-497f-a983-8bdc96567e2f,Sports,Oceania,4,117.24,0.05,BankTransfer,7.0,3.0,445.51
69044,2024-12-10,55d0cda5-b88a-46f5-91ef-00be92b1493f,Sports,South America,5,432.65,0.0,BankTransfer,7.0,3.0,2163.25
52979,2024-03-15,88b50c6a-d3bd-4789-b7dc-a808ce9d0044,Electronics,Asia,4,428.62,0.0,BankTransfer,7.0,3.1,1714.48
10409,2024-04-23,14cb07a9-0180-4ceb-a665-c3027c0ba9d2,Toys,Asia,5,437.06,0.1,CreditCard,4.0,4.1,1966.77
89556,2025-12-10,54da609d-1883-489f-a512-e539e57a1411,Electronics,South America,3,271.44,0.05,CreditCard,1.0,3.3,773.6
90464,2025-05-11,ac91b340-5244-405f-8309-a5b5dc596ffa,Fashion,South America,1,315.1,0.0,BankTransfer,9.0,2.1,315.1
7317,2023-11-24,780826ff-6123-4319-9069-c0570adea5db,Toys,South America,6,23.544,0.05,PayPal,5.0,2.5,134.2
4546,2025-01-29,1bbcb748-bb55-4fa3-ae26-651915f87768,Electronics,Asia,4,268.06,0.0,BankTransfer,2.0,4.7,1072.24
54916,2025-06-09,b0304411-cfdd-4299-92ea-cac34846f5e8,Sports,Europe,3,316.32,0.0,CreditCard,6.0,4.7,948.96
11505,2023-06-24,7c4166be-1965-4efc-a86e-3525714faa88,Automotive,South America,3,137.95,0.0,CreditCard,9.0,3.8,413.85
30850,2023-10-18,ba90194d-8d62-46ae-9bb1-0c304ca547ec,Home,North America,5,463.84,0.2,BankTransfer,2.0,3.0,1855.36
59439,2025-08-11,b60223b2-fc35-4bc6-8a95-83f44b3c8939,Beauty,Asia,1,54.76,0.0,CreditCard,8.0,3.1,54.76
25522,2024-05-10,324726fc-b0b4-421b-8604-844f3181b56b,Home,South America,4,223.02,0.05,BankTransfer,3.0,3.6,847.48
19982,2024-09-11,216db33d-73f3-4aa9-af3f-7de4880035d0,Sports,North America,2,6.15,0.2,PayPal,3.0,2.5,9.84
64722,2025-03-13,7e8280af-ec51-46f8-8cf1-604e902d35e4,Home,South America,3,365.92,0.05,PayPal,9.0,2.1,1042.87
78228,2023-12-16,b2f125f6-4b4b-47f2-ab0f-f00882d13ea5,Automotive,Asia,3,292.2,0.1,Cash,1.0,4.3,788.94
97908,2023-04-23,e1b9bd2e-779f-4702-9a6c-df5c4aea5fef,Beauty,Oceania,5,63.91,0.0,PayPal,1.0,3.1,319.55
47700,2023-05-02,fc84382a-08f7-4961-9cbc-12e470c9a3d4,Sports,North America,5,221.56,0.0,BankTransfer,1.0,4.2,1107.8
77636,2023-09-04,25e38cf7-9485-44ea-8319-4afaa6618c40,Fashion,Oceania,5,75.21,0.0,Cash,8.0,4.7,376.05
24036,2023-03-22,23e9c687-419c-4822-b97d-2f9d2867aede,Electronics,Oceania,1,169.56,0.0,CreditCard,3.0,4.4,169.56
96252,2024-12-04,9d619a46-4dc0-4006-8ce8-ec7d48c2c3e5,Home,North America,5,384.17,0.0,CreditCard,4.0,4.5,1920.85
84914,2023-12-09,a242ed94-6ab6-41ae-9943-0be108b65fdb,Home,North America,3,159.43,0.0,PayPal,3.0,3.8,478.29
33320,2023-05-18,ad4807eb-b8f6-4164-ba11-e1082f8fc2b9,Fashion,North America,1,36.83,0.0,BankTransfer,4.0,2.1,36.83
18733,2025-04-27,ec58c1c4-7f15-4753-94f9-a7cde3d7954f,Toys,Africa,3,188.21,0.0,CreditCard,2.0,3.7,564.63
72181,2024-11-18,18fa85bc-e595-44d1-8c8e-9cbb98a45d37,Toys,Oceania,6,48.690000000000005,0.05,PayPal,9.0,4.9,277.53
63744,2023-01-17,8ccb088a-aad7-4a15-b2a8-69bd33acd50a,Home,Europe,2,313.92,0.0,CreditCard,8.0,3.5,627.84
48528,2025-04-18,12b4beca-fc1b-4468-bd62-9cd2b9d33fc7,Electronics,Oceania,1,488.79,0.05,BankTransfer,5.0,4.9,464.35
96309,2025-06-08,722c8862-e08c-45cc-96ea-8429e3fdca72,Automotive,North America,1,439.08,0.0,Cash,3.0,3.6,439.08
74498,2025-07-14,7a70f1e0-8c72-4b58-bb09-b58a5a7c7825,Automotive,Europe,2,49.78,0.15,PayPal,5.0,4.9,84.63
56599,2023-04-27,13a545b6-0ddb-4860-95c2-f9ee937ffcd2,Electronics,Oceania,5,287.69,0.2,CreditCard,8.0,3.0,1150.76
96261,2024-08-30,ed1bc2d9-9c28-454e-96ed-21ffc233361b,Home,North America,4,11.13,0.0,BankTransfer,5.0,4.8,44.52
82212,2025-07-27,d1750d71-0dc1-4e41-a924-213edfa1d3aa,Home,Asia,3,87.29,0.0,PayPal,1.0,3.1,261.87
82020,2023-09-17,e99fa103-474c-4b5f-a4dc-9a0b203de3b0,Sports,Europe,2,460.79,0.0,PayPal,6.0,4.1,921.58
30418,2024-07-09,c9d58426-96ef-456d-8cc3-59325c031a06,Sports,Europe,4,73.64,0.0,Cash,6.0,2.0,294.56
6844,2024-07-23,b6a35409-1c20-486b-b5d0-44fb2cd64d84,Electronics,Africa,2,473.79,0.0,CreditCard,8.0,4.6,947.58
9854,2024-12-20,bfcc8e33-c7da-450f-8bab-99ee6a3990da,Beauty,North America,3,41.85,0.0,Cash,4.0,3.1,125.55
46218,2024-06-06,ff353ea8-ec23-4e50-870c-666a10f6c3a9,Electronics,South America,1,411.03,0.0,PayPal,7.0,2.3,411.03
48404,2024-01-27,a55d963c-eb0b-4e49-994a-5da5c4901373,Sports,Europe,2,439.75,0.0,CreditCard,8.0,2.2,879.5
62855,2023-08-11,71ed9b3c-ea8c-400b-b9a2-bd013d73745d,Toys,North America,2,392.76,0.05,PayPal,1.0,4.9,746.24
39814,2023-04-14,a1dc2f28-3e0e-429f-bd9f-e0b9d7aa58b9,Toys,Asia,4,292.43,0.0,BankTransfer,4.0,5.0,1169.72
91765,2023-12-31,53b8afe9-d812-446c-b384-23d3a3e7f597,Electronics,Africa,4,165.05,0.05,Cash,5.0,3.7,627.19
98805,2023-12-03,62250cca-4606-4fb6-9b98-525643273c32,Fashion,Europe,1,46.96,0.1,BankTransfer,6.0,2.7,42.26
23000,2025-12-08,9929c722-8f70-4f01-8e33-7defc0f886bd,Beauty,Africa,1,240.94,0.1,BankTransfer,5.0,3.9,216.85
82606,2024-04-24,f95df44c-e111-4434-bcf4-ea176f1e587e,Sports,Asia,1,421.12,0.0,PayPal,4.0,4.3,421.12
84015,2023-02-12,ad674c96-346b-49b7-b77c-e78ae474337b,Electronics,Africa,3,292.22,0.0,Cash,5.0,3.2,876.66
28327,2023-03-07,9daa671b-4997-4aad-a369-732e12c22f83,Sports,North America,3,128.57,0.0,Cash,7.0,4.8,385.71
76915,2025-02-08,bd2c6c1e-c97f-446d-8036-511d4f6d42ac,Automotive,Oceania,2,334.93,0.0,CreditCard,5.0,4.7,669.86
61653,2024-08-29,514ee8ed-aa78-4f71-a9a2-5417778bd697,Beauty,Europe,3,330.74,0.0,PayPal,1.0,3.5,992.22
58992,2025-04-04,9aa13bfe-0cb2-4c0b-bd7b-5070b99a4eb4,Home,North America,3,250.65,0.0,PayPal,1.0,2.6,751.95
20275,2023-12-15,c95b6b5e-72a1-4fd9-9d02-fa19871f804a,Home,Europe,3,280.69,0.05,CreditCard,5.0,3.6,799.97
74018,2024-08-04,f98fd283-e9ec-49b8-a6e5-dfe0ec11f240,Automotive,Asia,1,10.52,0.05,CreditCard,8.0,3.5,9.99
16130,2024-07-27,5771f4cf-51af-4035-80be-e2989640f569,Automotive,Africa,5,444.51,0.0,Cash,4.0,3.9,2222.55
42948,2025-06-16,52f4cb79-8535-4673-b8d7-7900edff60f1,Home,Europe,4,49.66,0.0,Cash,8.0,4.6,198.64
56276,2024-04-26,b0d32922-b0ae-42ab-9678-1842eb2a74b9,Toys,Oceania,2,292.31,0.0,PayPal,9.0,2.8,584.62
6314,2023-05-05,4ad76a0d-5219-4d62-a25c-6c5cf629c955,Sports,Europe,4,82.54,0.0,Cash,3.0,2.8,330.16
29392,2025-09-20,70718530-0c06-47c9-802e-57a8bf9ad280,Sports,Oceania,2,126.19,0.0,Cash,4.0,4.1,252.38
19527,2023-06-06,3e540130-5c18-41cc-87d2-046421fc2591,Toys,North America,2,240.96,0.0,CreditCard,9.0,3.4,481.92
11862,2023-01-24,fe568d34-12da-4c46-b864-cb10b7c23f92,Toys,Europe,2,172.37,0.0,CreditCard,3.0,4.4,344.74
47454,2025-12-09,31242890-12c6-4e8a-9b8e-698381d0934d,Beauty,North America,2,337.57,0.05,Cash,5.0,2.3,641.38
29455,2023-12-27,b9736cde-21bb-4549-80ad-720a01a5bbef,Toys,Asia,3,290.43,0.0,PayPal,8.0,2.5,871.29
67927,2024-12-03,f9846201-90e7-4250-b86d-cb006f11a8eb,Electronics,South America,5,486.42,0.05,CreditCard,7.0,2.0,2310.5
36926,2024-02-17,5305f1e5-2f64-420c-81a0-d806fb0b4b9c,Home,Europe,2,411.15,0.0,Cash,4.0,4.5,822.3
73826,2024-01-31,d16e25db-3c3b-4708-bc98-e67ec2092705,Beauty,Europe,1,83.85,0.0,Cash,5.0,4.6,83.85
7202,2024-11-12,7b2413e8-005f-4765-975f-310891653dbc,Home,Europe,3,78.885,0.0,PayPal,8.0,3.8,236.66
20173,2025-02-27,89da9d78-5a20-4e04-9e00-2e3b0f7c1a7b,Toys,North America,1,116.57,0.05,BankTransfer,7.0,3.9,110.74
82039,2025-09-25,49bfed6a-939d-4e73-87a6-ba34ecd5ea31,Home,Europe,2,475.11,0.1,Cash,2.0,2.2,855.2
81480,2025-08-02,ada924ec-2c18-41a1-a376-14df81a7f08d,Home,Asia,4,135.08,0.0,PayPal,6.0,4.2,540.32
42658,2025-07-05,ca55e73a-c6b4-4e50-97f8-c158e029d0cf,Toys,South America,1,110.36,0.1,CreditCard,8.0,3.9,99.32
41456,2023-04-30,ac1905a0-a8b4-45c8-b74d-08feeb0f9c99,Home,Europe,3,210.91,0.1,BankTransfer,3.0,2.6,569.46
59251,2023-11-01,6a49a6dc-8372-47ee-a136-00206569bfe3,Home,Africa,3,55.314,0.0,PayPal,6.0,2.7,165.94
70347,2024-01-20,201b5e7e-8347-4fcf-bf20-54039077f7a1,Beauty,Europe,5,261.53,0.0,PayPal,4.0,3.3,1307.65
41649,2023-12-20,35dbe0d6-7bec-44d6-bc7a-4e760813d33d,Automotive,Europe,5,322.0,0.1,CreditCard,4.0,2.1,1449.0
88791,2023-03-24,1fa56d46-bb39-4d05-a63e-642d33eae04d,Beauty,North America,1,356.13,0.05,BankTransfer,8.0,2.5,338.32
74053,2025-11-21,37c1e3b4-66e6-4521-93be-ae79820a816f,Fashion,Asia,3,32.80500000000001,0.05,PayPal,2.0,4.5,93.49
31079,2025-04-24,ef6ee4b4-dbdc-4460-8e59-09d7880753ad,Beauty,Africa,3,394.01,0.0,CreditCard,5.0,2.6,1182.03
58795,2024-02-24,f0f23d18-07d8-4b22-8040-0151944b4d33,Toys,Asia,4,94.77,0.15,PayPal,2.0,2.7,322.22
49036,2025-11-20,290fc9ca-7f92-4725-a211-ed9f9892f7fa,Electronics,Europe,2,418.77,0.0,BankTransfer,,2.2,837.54
96033,2023-11-30,b22fbb3c-c3b8-4fbf-9496-d8d84f8ad146,Home,Africa,6,62.406000000000006,0.0,Cash,3.0,2.9,374.44
78823,2023-09-07,af6551a2-31be-49fb-b9c1-afa23a498993,Fashion,Oceania,3,343.3,0.0,Cash,7.0,4.8,1029.9
90308,2025-08-12,8d720ee8-0111-44d7-95fa-50564b0f52b1,Automotive,Oceania,5,251.32,0.0,PayPal,5.0,2.6,1256.6
57769,2025-10-29,62d6c2c0-9d3b-4597-80fa-78c041bb0626,Sports,North America,4,413.14,0.05,Cash,2.0,3.2,1569.93
55139,2025-01-17,888393b6-a094-4596-a34a-93ae05b88aa9,Sports,Africa,1,288.46,0.0,CreditCard,9.0,2.5,288.46
91691,2025-12-15,c80080ec-6428-4ad5-80d0-d8e2152eedaf,Home,South America,2,460.69,0.1,BankTransfer,7.0,3.2,829.24
7337,2025-07-16,20323ec5-2f4c-4a5e-869c-4218ecb55c92,Electronics,Asia,2,277.69,0.15,PayPal,1.0,2.2,472.07
25926,2025-05-12,c1554fc5-94f8-46b0-ad8d-59c263627f49,Fashion,Asia,3,373.01,0.05,PayPal,3.0,2.8,1063.08
29414,2025-04-13,ac0d40d6-626a-45f1-9a5e-4a5d2e0ce312,Automotive,Oceania,5,109.3,0.0,CreditCard,8.0,2.6,546.5
91855,2024-09-09,0bb6d8c8-cd51-4ef4-965b-66a0acfd3dc1,Beauty,South America,5,331.6,0.0,BankTransfer,5.0,3.2,1658.0
52828,2023-04-08,410ec9d0-a074-472c-b7fe-ffe2407cd449,Automotive,North America,4,440.38,0.1,CreditCard,4.0,3.4,1585.37
62998,2024-08-27,516c4921-5e51-45c0-9b5b-4fba8b224339,Electronics,Asia,4,227.87,0.0,BankTransfer,6.0,2.3,911.48
67870,2024-03-04,f63f31f7-8ecd-4e33-aa3e-948e5a81a1c5,Toys,Oceania,1,397.97,0.1,PayPal,1.0,4.5,358.17
34911,2023-08-28,26df8145-22d0-4514-b5f2-e7813259448f,Beauty,North America,1,299.17,0.05,PayPal,6.0,4.6,284.21
1550,2025-10-07,98550b1e-d588-4c1c-a5db-5946a091e5b4,Toys,Europe,3,334.97,0.0,PayPal,1.0,2.9,1004.91
28304,2024-07-12,ddfb4b7b-c940-4073-8937-f6c3a189140d,Home,North America,4,370.38,0.05,CreditCard,7.0,4.6,1407.44
50012,2023-09-16,873c1a81-e6d8-45f1-8d34-6af714353da2,Home,South America,5,5.46,0.0,Cash,3.0,3.0,27.3
19665,2023-10-15,75dc654f-675d-44cb-b028-c1ded6e92ba8,Beauty,South America,3,204.51,0.05,CreditCard,1.0,4.6,582.85
65881,2024-06-17,cb60a67b-9fb3-44b3-90fb-b59d623c9859,Electronics,Oceania,2,90.23,0.05,BankTransfer,8.0,2.9,171.44
66583,2023-10-02,dacb75a7-31f9-463a-9b6c-af6893c96652,Automotive,Europe,5,118.65,0.05,BankTransfer,5.0,4.6,563.59
73016,2023-08-20,a7be898f-b431-4b48-8b32-4e1305fb2492,Sports,South America,2,284.19,0.05,CreditCard,6.0,2.3,539.96
69026,2023-02-20,c4b9c81a-8e38-4e72-a8b5-63b5a9fb7e6b,Toys,Oceania,1,329.1,0.2,CreditCard,5.0,2.9,263.28
46017,2024-10-30,8f5cc497-5b84-4f27-a143-05e25a31ac5e,Sports,Europe,4,55.53,0.0,PayPal,1.0,3.0,222.12
789,2025-01-03,96792482-a3c9-48e4-8d22-38e6c7bf4fbc,Beauty,Oceania,4,189.2,0.1,CreditCard,1.0,4.9,681.12
61729,2025-02-28,8c394e76-8e54-4391-8fdf-4029e4ec4de9,Fashion,Africa,4,168.52,0.0,CreditCard,9.0,2.9,674.08
62976,2024-04-28,278acbbf-a678-4947-9647-b194565a1072,Fashion,Oceania,1,406.56,0.0,CreditCard,9.0,,406.56
38309,2023-06-15,19581d52-9984-4735-a8c4-46bf1beae2f5,Beauty,Africa,1,116.65,0.2,BankTransfer,5.0,4.5,93.32
83564,2025-08-13,69ac155e-e0a8-4b90-bbe8-0ab2035e5be2,Beauty,South America,3,326.1,0.2,Cash,6.0,3.3,782.64
86111,2025-09-29,e6660b2a-491c-4778-9aa1-df0ba1961801,Sports,Asia,3,61.52,0.1,PayPal,6.0,3.8,166.1
65238,2024-03-17,cc6a7faa-1fa8-4957-a530-07b0ecbe0b73,Sports,Asia,3,305.99,0.0,PayPal,6.0,3.8,917.97
9843,2025-10-22,ffdf6588-0ffe-4184-a9c4-91dd33dfeff6,Fashion,North America,2,177.05,0.0,Cash,9.0,3.3,354.1
88064,2025-08-06,f972db54-73f6-4dd0-bf26-427b806ed6b4,Fashion,Asia,3,56.8,0.1,Cash,1.0,4.6,153.36
16099,2023-08-10,3476581f-b967-456d-b68a-2097417cf2ed,Toys,Oceania,1,361.55,0.05,PayPal,4.0,2.6,343.47
97293,2023-05-08,f2a2070a-292e-4d95-bb3f-9c93a881a5bb,Home,Africa,1,432.65,0.15,PayPal,7.0,3.4,367.75
57504,2023-11-08,d08aba95-52b7-45f6-a695-66490744add6,Fashion,Europe,6,164.178,0.0,PayPal,6.0,3.2,985.07
81968,2023-08-03,a3a66673-22ad-4da1-af10-432d8247dffe,Beauty,North America,2,353.22,0.1,CreditCard,8.0,3.5,635.8
36981,2023-08-22,325d94b1-20dd-45ed-be1a-5b41cb54762d,Home,Africa,2,9.51,0.05,BankTransfer,8.0,4.7,18.07
82774,2024-12-12,941ef895-e70c-4f78-ac10-6f6cb785d17b,Electronics,Oceania,4,253.51,0.1,BankTransfer,2.0,4.5,912.64
89505,2023-07-25,02f5766c-8474-43cd-b4e3-f8114ee711b2,Fashion,Europe,4,221.69,0.1,CreditCard,5.0,4.9,798.08
69220,2023-02-12,ac313207-813c-4044-ad11-fa5b268416b1,Toys,South America,1,442.96,0.0,PayPal,9.0,3.3,442.96
41508,2023-06-22,f477caab-c2e3-494a-9fb6-4946ae9aeae7,Electronics,Africa,1,214.71,0.0,Cash,5.0,4.5,214.71
56406,2023-04-11,8d82442c-b83e-43b7-a30d-ebddcde55273,Fashion,Africa,3,352.52,0.05,PayPal,7.0,3.6,1004.68
72156,2024-02-07,fa6b2b3b-57ab-4b9c-8012-d01344c21fbf,Beauty,Europe,3,322.29,0.0,CreditCard,6.0,3.5,966.87
31410,2024-01-17,8e7a5996-d495-4f8f-af72-212480eaf3f5,Sports,North America,4,128.37,0.05,PayPal,4.0,4.5,487.81
57968,2025-06-30,d1b43f6f-00ed-4120-9222-078af8bffbfe,Home,Oceania,3,387.74,0.05,Cash,7.0,2.8,1105.06
73338,2024-01-24,ad0a1f13-bcee-4b10-9539-55611a9a90ec,Electronics,Europe,5,380.78,0.1,BankTransfer,4.0,4.6,1713.51
46421,2024-11-11,19cc1aa9-69c6-46ab-9a9f-4fc0b286da27,Electronics,Asia,6,62.991,0.0,Cash,2.0,2.9,377.95
53830,2024-04-11,71cfb9a0-872b-4db9-8889-869a2c7d543d,Beauty,Europe,1,352.88,0.0,Cash,4.0,2.8,352.88
68923,2023-01-31,522748a7-d3f8-483a-b23d-2c5a054563bc,Automotive,North America,5,27.59,0.0,PayPal,6.0,3.1,137.95
2213,2024-08-16,32fd73c5-0894-4176-be99-df69bcd49975,Electronics,Asia,1,82.06,0.1,CreditCard,6.0,4.6,73.85
52540,2025-08-15,854d0ab3-d156-4466-90a3-ef352f6f4900,Fashion,Asia,4,339.86,0.1,Cash,7.0,2.8,1223.5
95696,2025-06-17,034b6934-978c-4b44-bde3-2e62b95532ba,Home,Asia,5,8.45,0.0,Cash,6.0,4.5,42.25
4832,2024-01-18,6e43b319-f929-4271-b220-58f9bdb2fd9e,Toys,Oceania,1,29.14,0.0,CreditCard,2.0,2.3,29.14
93051,2023-02-16,4e3bb717-f1e9-4272-9fe4-1894898ba230,Home,Africa,1,248.26,0.05,Cash,1.0,2.4,235.85
13774,2024-09-11,359758ba-e355-4ffe-8314-8ef96e0cbe86,Toys,Oceania,5,182.74,0.0,Cash,5.0,2.9,913.7
98296,2024-03-28,f0df1708-65cc-4686-a7d5-0d916ef8051f,Home,Oceania,5,416.41,0.05,PayPal,3.0,5.0,1977.95
37180,2024-07-26,743b09e9-e24f-4845-a014-d8d425c2a208,Electronics,Africa,2,76.89,0.1,CreditCard,3.0,4.5,138.4
96712,2024-10-30,921bb998-2c6a-40da-b119-96effa1e8469,Beauty,Oceania,4,36.89,0.0,BankTransfer,2.0,3.0,147.56
57888,2023-04-26,8cc04ee7-d667-4e69-bc30-bdf2c6aac453,Automotive,Europe,4,484.01,0.05,BankTransfer,7.0,4.8,1839.24
19525,2024-03-24,315f6ced-bf07-42aa-9f9b-debbec77139b,Beauty,Oceania,1,282.78,0.15,Cash,8.0,2.1,240.36
53278,2023-11-05,e3ed0d4c-6ed1-440e-89b2-aa913bf75895,Sports,Asia,4,433.701,0.0,PayPal,1.0,5.0,1734.8
62334,2025-03-26,ad74135b-60c8-4f8d-9a04-17d9fe78109c,Toys,South America,1,290.24,0.0,BankTransfer,9.0,4.6,290.24
36961,2024-11-12,c372710d-1d47-46b9-82f0-5e1e03053c1e,Sports,Europe,6,430.677,0.0,BankTransfer,3.0,4.0,2584.06
22123,2025-01-21,caa7c04f-c2de-434a-a46d-87b83664fe70,Electronics,Africa,3,184.02,0.0,CreditCard,5.0,3.0,552.06
75710,2024-01-17,8a211b88-8866-4ea4-9520-f08844d01c4d,Sports,Asia,4,181.44,0.1,CreditCard,1.0,3.8,653.18
12967,2023-11-01,e5d6ce9f-c751-4523-897c-9f4e19870d8c,Toys,Africa,5,282.879,0.05,PayPal,2.0,3.7,1343.68
18167,2023-01-31,4c38325e-df88-412a-8168-5283d50a151c,Toys,Oceania,5,246.41,0.05,BankTransfer,2.0,4.1,1170.45
35481,2025-04-10,d69d09a4-7678-4f04-a161-4e8f91ca2b5e,Automotive,South America,5,478.31,0.0,BankTransfer,8.0,2.9,
95853,2024-12-31,da12e424-1d7a-4394-83c6-b64adb22bdac,Home,North America,3,257.01,0.0,Cash,4.0,4.9,771.03
43296,2024-07-04,5f0a0c49-90a6-42d9-9999-d15dc6b8ec98,Fashion,South America,2,274.5,0.0,CreditCard,1.0,4.9,549.0
63284,2025-10-17,e7ea85d8-95fc-4e19-8b43-b01975498dae,Fashion,South America,2,425.48,0.0,PayPal,5.0,4.3,850.96
30335,2024-11-18,76f1d068-e713-471a-bc57-6cf6a693c652,Beauty,Europe,3,232.659,0.0,CreditCard,7.0,3.7,697.98
71660,2025-06-20,df1c9cd7-5100-4d30-ac95-c1ad49c0bff4,Beauty,Africa,5,193.46,0.0,PayPal,7.0,4.3,967.3
65936,2024-04-26,799a2331-a8ac-4073-91dd-c674a41674f1,Electronics,Europe,2,300.54,0.0,PayPal,7.0,3.8,601.08
3167,2023-04-17,afd5b90b-41a6-4c90-a91c-0da1a5630d3a,Toys,South America,4,338.62,0.0,Cash,4.0,4.8,1354.48
68234,2025-12-28,e2dfa949-836e-4c5f-bdef-4bc322dca10f,Toys,South America,4,217.18,0.0,Cash,4.0,4.6,868.72
43166,2024-08-26,b4da51c6-82ad-4bd9-ba3c-59b63401cef8,Automotive,Oceania,5,222.23,0.05,CreditCard,5.0,3.3,1055.59
68967,2024-05-22,768250ec-554e-44a6-969e-f4f8dbfc1df4,Sports,Oceania,4,,0.0,PayPal,1.0,4.8,800.6
52294,2025-02-27,6ab7520d-2545-42e1-a8e4-1ff60f0e6459,Beauty,Europe,4,87.38,0.0,CreditCard,8.0,4.6,349.52
25012,2025-07-22,4b254c58-c32c-4d66-b7b5-46521de3c9e1,Fashion,Asia,5,247.68,0.1,PayPal,8.0,4.0,1114.56
97549,2024-03-14,919a3950-fad3-4e06-b1f6-7c7b546760b3,Automotive,Europe,2,370.05,0.0,Cash,9.0,4.8,740.1
46129,2025-02-13,c2cb0dc5-3ec9-4e84-8dd6-cc77067b7dc9,Home,Asia,2,395.13,0.0,Cash,8.0,4.6,790.26
39184,2024-07-19,ce3b2247-fbd9-4ffc-b63c-bb055a69008e,Fashion,Europe,2,301.16,0.1,CreditCard,4.0,2.5,542.09
77745,2023-03-18,d7f7cbb4-1112-458f-a50f-43f3dee99a76,Beauty,South America,4,121.72,0.05,CreditCard,4.0,2.8,462.54
75308,2024-07-16,f8cf0485-133d-4c8c-9d74-562edbafd4c9,Sports,North America,3,77.97,0.0,CreditCard,4.0,3.3,233.91
9846,2024-02-23,f53d488d-e994-4cd2-9ab9-5b799f76385e,Fashion,North America,5,214.34,0.2,CreditCard,9.0,4.1,857.36
39549,2025-05-29,d8c06b4d-7466-461b-9f25-f6b4b6612bf9,Fashion,South America,4,432.37,0.05,Cash,9.0,4.8,1643.01
24935,2023-01-29,5e351973-b733-4c9e-977b-08a8f5ffb939,Toys,Europe,5,34.58,0.0,Cash,4.0,2.8,172.9
28602,2025-06-14,a80acc8d-7a7b-4270-83e4-4f57856b1d9b,Sports,Europe,5,494.67,0.05,BankTransfer,9.0,2.6,2349.68
19125,2024-07-19,5c8f6375-a2c6-4f57-b52e-ffa6ed323242,Automotive,Asia,2,131.31,0.0,PayPal,2.0,4.4,262.62
47494,2023-08-07,95322664-6f92-4f36-9761-1f80c9e28644,Beauty,Africa,2,220.91,0.15,BankTransfer,6.0,3.2,375.55
10982,2024-11-02,d98d214f-c2ab-4876-b71b-d82d635589f4,Beauty,Europe,3,239.013,0.1,CreditCard,5.0,2.3,645.34
12770,2024-06-19,c5b504dd-4e28-45e9-b708-0b78bebf5e40,Fashion,Europe,4,56.84,0.0,CreditCard,1.0,4.1,227.36
89013,2025-04-04,3ce45dd7-57c0-4147-8548-de1602230fec,Sports,Oceania,3,411.25,0.0,BankTransfer,7.0,2.3,1233.75
72812,2025-04-24,bb688c2c-780b-4ab7-86b4-8b84f3cd7717,Automotive,Asia,4,128.1,0.0,PayPal,2.0,4.0,512.4
50207,2025-02-17,35354a93-0a94-482b-b85a-ef5b36cf56e7,Automotive,Africa,2,254.7,0.05,Cash,7.0,3.1,483.93
80996,2023-02-20,26f08b2a-f130-43c2-aece-3669b0ae3571,Electronics,Asia,1,262.34,0.0,BankTransfer,5.0,2.8,262.34
15836,2025-06-01,9002e0d3-d853-4f6e-87ed-f53f7b8629f6,Fashion,Oceania,1,216.4,0.0,CreditCard,2.0,3.6,216.4
20136,2024-09-23,1e001af7-0112-4d83-a232-df5c85c84ccb,Home,Oceania,1,492.12,0.15,BankTransfer,8.0,3.9,418.3
58396,2023-07-18,601f41d4-5798-47dd-97d0-87ccf3842faf,Automotive,South America,1,223.44,0.2,Cash,4.0,3.0,178.75
54926,2023-06-20,efaf272d-69b7-4cc7-a8f5-8d016109234e,Home,Africa,4,219.49,0.0,,3.0,2.3,877.96
58699,2024-05-12,69079e93-aeb1-4522-9ecc-bc94eb586c90,Toys,Oceania,3,60.34,0.0,PayPal,5.0,2.3,181.02
81436,2023-03-27,c276445b-6d18-4dc3-8adf-d1de5f27c920,Beauty,Africa,5,183.11,0.2,Cash,9.0,2.6,732.44
69019,2024-11-06,e503b22b-fbd7-406c-81ab-d289482a5282,Fashion,South America,3,266.733,0.0,Cash,5.0,2.4,800.2
45758,2023-12-13,9555da6e-0eb8-406e-8f74-850fc34adc6e,Automotive,Asia,5,318.75,0.0,BankTransfer,3.0,3.3,1593.75
45146,2023-09-24,589d98cf-5978-440c-baac-81b398570e9e,Automotive,North America,2,19.01,0.1,CreditCard,9.0,2.9,34.22
98711,2024-12-25,d8289d23-bbc1-45b4-950d-46dbc20bbe47,Home,Asia,5,483.47,0.05,CreditCard,9.0,2.9,2296.48
34861,2025-07-13,9813613f-f772-40bc-bb43-b082fab4f6a7,Toys,,2,406.45,0.0,CreditCard,4.0,3.7,812.9
88072,2023-04-29,4bfeaf51-ae5f-48a7-8ca1-545b555c7459,Electronics,South America,5,462.63,0.05,Cash,7.0,2.7,2197.49
37476,2025-01-30,f19ba98d-3814-4caf-885f-8a0851a7cc62,Electronics,South America,3,67.03,0.05,CreditCard,1.0,4.1,191.04
38250,2023-11-29,e9f66b89-cbe0-421b-8145-0c9b56717057,Home,South America,4,312.66,0.0,BankTransfer,7.0,4.5,1250.64
19309,2025-06-06,b1bb5f1f-a515-42c2-9e34-2c861e29a57b,Sports,South America,2,345.48,0.15,PayPal,6.0,2.1,587.32
4882,2023-09-27,c44b04e8-f51e-4df3-86c3-998e8f14aac7,Toys,Europe,3,425.99,0.1,Cash,2.0,2.3,1150.17
65946,2024-08-02,cd8badd2-8fcb-4cf8-a3de-261fa5cb2573,Home,Oceania,5,335.51,0.0,CreditCard,6.0,2.1,1677.55
93812,2023-09-04,10bfdba1-50cf-4f30-9b29-dfd2d24ca24d,Sports,North America,3,11.11,0.0,CreditCard,1.0,2.7,33.33
89480,2025-11-25,73d1a9c7-c40f-40f5-8c2b-717ad7e00483,Automotive,South America,4,178.27200000000002,0.0,BankTransfer,9.0,2.7,713.09
76340,2025-09-05,3d120e7a-0803-4b71-9c87-527291f03262,Home,Europe,4,167.28,0.1,Cash,8.0,4.7,602.21
95984,2025-10-04,7a355759-8350-4c2b-9aa6-ea6832b70c16,Electronics,Europe,3,252.43,0.0,BankTransfer,3.0,3.6,757.29
38092,2023-11-28,c10d1327-9645-40b2-bcce-40da573e4de4,Automotive,Europe,3,212.886,0.05,CreditCard,6.0,3.8,606.73
53142,2025-01-23,8d8748c4-12ab-4acd-a52f-2ae78862923d,Automotive,South America,2,397.69,0.05,BankTransfer,3.0,3.9,755.61
89727,2025-04-29,29d19f4a-16ed-467a-8f86-4ad191113feb,Home,Africa,5,352.57,0.05,PayPal,2.0,3.0,1674.71
45326,2024-04-27,41d6d637-4934-4acb-9173-5d3d5827298f,Electronics,South America,4,319.47,0.0,BankTransfer,9.0,4.3,
2437,2025-12-30,f66c7331-a172-4ee3-83e1-847c8420e0d8,Home,Europe,3,349.79,0.0,Cash,2.0,2.4,1049.37
71941,2023-04-28,ae0ffb93-769d-439b-8518-1416ea188d1a,Beauty,Europe,5,38.03,0.1,PayPal,5.0,4.9,171.14
72938,2025-06-22,701ea9ae-4218-46cd-9b80-47ca4af001d5,Automotive,Oceania,4,104.98,0.05,Cash,5.0,4.4,398.92
91839,2024-05-17,615c68ab-247c-4e20-b8f4-35d9f865ab60,Sports,Asia,3,244.79,0.2,CreditCard,8.0,3.9,587.5
65187,2025-01-30,86533d16-3915-4162-b0b4-542e2372a5eb,Automotive,Oceania,2,419.88,0.1,Cash,1.0,2.5,755.78
49220,2024-07-02,76c5a26b-f773-424d-b09a-0e972eb14567,Automotive,Asia,4,24.88,0.15,Cash,2.0,3.6,84.59
1575,2024-09-22,4cec495b-2267-46e3-ba5b-6ac5de703b72,Home,Europe,2,283.18,0.0,BankTransfer,6.0,2.8,566.36
62393,2023-11-17,83fc7eda-c63b-4662-ae5c-3e02607816a9,Fashion,Africa,2,79.659,0.0,BankTransfer,3.0,2.6,159.32
41135,2024-02-22,1d5723e7-a388-4d72-bd43-a755864a9d07,Home,North America,4,204.7,0.15,CreditCard,4.0,2.7,695.98
92902,2023-05-06,bbe21402-2a5a-4275-a1f6-2c893afbdc4b,Fashion,South America,4,384.61,0.0,BankTransfer,2.0,4.0,1538.44
8621,2024-02-07,f4e1048a-f417-4dc9-b954-018b6be4d062,Sports,North America,5,313.06,0.1,PayPal,1.0,3.3,1408.77
17196,2025-03-16,0c5b672d-6274-4e7b-8e2e-af6fe2622ebf,Fashion,Africa,3,126.45,0.0,CreditCard,1.0,2.4,379.35
97372,2023-09-22,4fcc475f-fb2d-4525-827c-4576f015e45f,Fashion,North America,2,87.53,0.05,BankTransfer,9.0,5.0,166.31
34790,2025-04-18,d0cab89c-9e3e-456a-bf2e-e58ccf164ed5,Sports,Oceania,2,173.48,0.0,CreditCard,4.0,4.3,346.96
41444,2025-04-04,c7b2845e-7b8e-4100-b6b9-4a4fecd5c075,Automotive,North America,2,88.35,0.15,CreditCard,6.0,2.5,150.2
67776,2025-09-04,0769ea1a-5028-430b-9131-3b94dcfae50b,Sports,Europe,1,59.14,0.1,PayPal,6.0,4.5,53.23
58535,2023-02-21,c02d56d7-e626-48b3-b038-98bb4a72e12c,Fashion,Africa,4,165.89,0.0,BankTransfer,1.0,4.8,663.56
46442,2025-11-24,cdf0baa1-5ea1-400e-9f36-840317482564,Sports,North America,5,373.293,0.05,BankTransfer,5.0,2.2,1773.14
69601,2025-04-10,3c3a7da4-507d-4d3d-bac8-32d5c8e9f6ee,Beauty,Asia,3,76.61,0.05,PayPal,9.0,2.2,218.34
31797,2023-07-11,5b9bbe0b-eada-4aab-8fc4-afe20d426fcb,Fashion,North America,1,298.97,0.15,CreditCard,8.0,2.1,254.12
25024,2024-07-09,62cb979d-43ee-4cb8-bdf8-b48b915cb1c6,Home,South America,5,167.54,0.0,CreditCard,7.0,2.4,837.7
60538,2025-10-22,6d76a5b7-8003-4081-b151-3aa95de751d8,Toys,Asia,1,320.03,0.0,CreditCard,9.0,2.3,320.03
41655,2025-02-08,41b97737-7a44-4182-9765-6c32abb4a80d,Toys,Oceania,4,199.1,0.0,Cash,9.0,4.1,796.4
87402,2025-06-12,6ca0b4d7-1e4d-4c1e-bf12-538de40a6c94,Toys,Oceania,2,365.8,0.0,CreditCard,1.0,3.7,731.6
58914,2025-09-15,325229ef-b3b1-4073-b1ac-300497c99412,Automotive,Asia,4,44.63,0.05,Cash,8.0,3.4,169.59
75271,2025-12-09,117fc586-ee5c-4219-a943-b33211bcfbb2,Automotive,Africa,1,498.73,0.05,Cash,7.0,4.9,473.79
56620,2025-04-25,b4294c75-5df7-4720-a025-92a6e89b8731,Fashion,South America,5,215.68,0.0,PayPal,5.0,2.3,1078.4
73815,2024-10-15,7e161961-7d9e-462e-a89d-08af41629314,Fashion,Europe,2,11.8,0.0,CreditCard,3.0,2.5,23.6
5541,2023-11-05,bb5e14d6-5b74-4fdd-9c97-46949884f76d,Fashion,North America,2,280.53,0.0,Cash,5.0,4.8,561.06
30470,2023-11-11,9b9b4213-1fe3-46e7-a4ca-27449ea1c75f,Automotive,Asia,5,272.16900000000004,0.05,BankTransfer,3.0,4.8,1292.8
74274,2025-04-26,dfae9066-a502-4d0c-b24d-9126c2b69d38,Electronics,Oceania,4,403.78,0.1,Cash,5.0,3.0,1453.61
82500,2025-04-29,187b1c2e-6926-43b8-9266-3abd5089f07b,Beauty,North America,5,24.27,0.15,PayPal,6.0,2.1,103.15
89777,2024-09-02,12f3bec3-41e9-4e42-83a9-fcf2aeb199cf,Toys,Africa,2,330.63,0.2,Cash,9.0,2.4,529.01
99506,2025-12-04,bae9ceb0-9df3-41a6-8f88-3544c912b547,Toys,Oceania,2,59.75,0.05,PayPal,3.0,4.5,113.52
74859,2024-01-15,55b19861-16bf-4099-a5de-d7959b6845e5,Toys,Asia,5,498.02,0.15,BankTransfer,4.0,2.3,2116.58
71576,2024-09-06,0526c0b5-c34b-4818-a407-7814057689ef,Beauty,Asia,5,229.59,0.0,Cash,1.0,3.6,1147.95
35742,2025-04-11,813f5d12-ae59-4144-962a-c83a376138ca,Home,Asia,4,6.95,0.1,Cash,4.0,2.2,25.02
32427,2023-04-11,111f9dbf-5593-4c98-9d73-aa6ff1dc15bc,Home,Europe,4,488.99,0.0,BankTransfer,4.0,2.4,1955.96
85848,2024-07-24,64ace3b6-9e91-44fd-a24a-f0189a455871,Electronics,Europe,2,16.46,0.0,BankTransfer,9.0,2.6,32.92
63155,2025-06-12,97d93595-9d77-4683-9227-aac41e903705,Electronics,South America,1,161.24,0.05,BankTransfer,1.0,4.5,153.18
13507,2025-02-07,6158a7f8-270a-4676-b209-04fb0814b870,Fashion,Oceania,5,255.07,0.05,PayPal,8.0,2.2,1211.58
75618,2025-08-07,f817d46b-b351-4be8-9971-c1399ec8956a,Toys,Africa,2,173.41,0.0,BankTransfer,6.0,4.4,346.82
93244,2025-11-04,bd3269e7-bffb-446f-88e0-83dfca1a55f5,Sports,North America,4,379.764,0.0,Cash,1.0,4.4,1519.06
18064,2024-06-08,95b4a962-4372-4a34-96d5-8607c88e4c47,Electronics,Oceania,3,344.66,0.0,CreditCard,2.0,3.0,1033.98
67725,2023-04-25,84757257-b378-4d7a-a59f-939202800850,Sports,South America,3,209.67,0.0,PayPal,5.0,4.8,629.01
15866,2023-01-30,8bb2d4e3-8143-46e8-922d-4ad9ccb8e56f,Automotive,Europe,3,5.27,0.0,PayPal,9.0,4.0,15.81
6805,2023-12-20,5c098a5c-585d-4d17-9258-14d9638cf9e3,Sports,Asia,5,269.96,0.0,PayPal,8.0,3.6,1349.8
90355,2024-12-24,40faa7ae-e150-4cb7-a156-8334f907a338,Automotive,Africa,2,119.43,0.0,PayPal,9.0,4.3,238.86
51131,2025-06-26,4bb7cd63-022e-4824-baff-4ea7cd24b532,Fashion,Oceania,1,150.89,0.05,PayPal,5.0,3.9,143.35
65190,2025-09-04,8afa0c5e-e62b-4207-b9a1-c64ad53de14a,Beauty,Africa,4,495.74,0.0,Cash,2.0,3.4,1982.96
70146,2024-11-15,bcb08f0f-9a4a-4ffd-91db-ded0cbf4f192,Beauty,North America,2,209.187,0.15,Cash,7.0,3.2,355.62
9294,2024-12-31,ecea934f-263d-479a-83ba-c96e3c8f5a90,Home,Oceania,1,153.99,0.0,BankTransfer,1.0,4.2,153.99
86713,2023-01-27,b55a33f4-ff42-42d6-b242-9c28db87de0f,Toys,Asia,1,290.63,0.05,CreditCard,6.0,5.0,276.1
22916,2023-11-04,74cdae7e-73ba-4afd-a6d7-1157b8faa516,Home,Europe,2,349.56,0.0,CreditCard,4.0,4.2,699.12
30175,2024-04-02,3bb77cfa-c36f-49c4-a176-a48353cc8405,Fashion,Africa,4,308.5,0.05,PayPal,1.0,3.3,1172.3
87009,2023-04-18,d86d40b3-1bbe-4de1-813b-28768731d008,Toys,South America,3,231.08,0.0,CreditCard,9.0,2.3,693.24
44419,2025-06-27,feb88192-1599-4d5a-be4a-deac3a39d050,Electronics,Oceania,4,409.54,0.0,BankTransfer,9.0,2.6,1638.16
19824,2024-04-08,0cbb5bb9-3a79-4543-8340-52fa2a291267,Sports,Africa,2,145.98,0.1,PayPal,6.0,5.0,262.76
25585,2024-06-26,3cb58848-263a-4c25-9dfd-0060ea672ea7,Fashion,Oceania,1,149.35,0.0,BankTransfer,3.0,3.3,149.35
65542,2024-03-20,e9139562-34b8-4dc0-a00c-a70ed3739793,Sports,Europe,2,29.7,0.05,Cash,9.0,2.7,56.43
60702,2025-08-07,c34a3e3a-8377-4534-8649-c6f8655f7af1,Toys,South America,2,81.71,0.0,PayPal,9.0,2.5,163.42
40475,2023-10-25,f2e9984e-99bd-4dcb-8f78-4fb7db004526,Electronics,Oceania,4,156.25,0.0,Cash,1.0,2.4,625.0
48741,2023-05-20,21ef42cc-1b89-46aa-a1bd-240181ec72e8,Fashion,North America,4,182.35,0.0,BankTransfer,4.0,3.8,729.4
54189,2025-07-23,21a88346-cf3c-4f88-9ea4-6f40a83b3d55,Toys,North America,5,81.11,0.1,CreditCard,5.0,2.3,365.0
87739,2025-11-01,661df416-d825-4e98-9a3b-143f40768c67,Automotive,Asia,3,368.568,0.0,Cash,7.0,4.3,1105.7
71266,2025-08-05,702cbbe4-aaaf-4df8-a9af-078af28b96d5,Toys,Oceania,3,308.61,0.05,PayPal,5.0,4.0,879.54
78112,2025-05-17,2f5c0b4a-8948-4426-bd2d-972f956acb37,Fashion,North America,1,6.57,0.0,Cash,1.0,3.7,6.57
68718,2024-06-23,4cf9f844-12da-4aa1-ab10-aaa46ea180c8,Fashion,Europe,4,230.91,0.0,PayPal,1.0,3.0,923.64
95066,2025-04-05,029105c1-c548-4918-9b3d-b2e37b226a68,Beauty,Asia,5,381.65,0.0,CreditCard,1.0,4.8,1908.25
21796,2024-08-20,a2bcdf45-98a2-4020-ae18-5055b2fc8f24,Automotive,South America,2,488.34,0.05,CreditCard,2.0,2.0,927.85
65308,2024-12-15,32ab5afb-d127-469a-904f-892144fa6821,Fashion,Europe,4,97.89,0.15,BankTransfer,9.0,2.5,332.83
12525,2025-10-12,f62f7486-bfb6-4261-b70c-a09a809c2262,Home,Asia,2,286.34,0.05,PayPal,8.0,2.5,544.05
21352,2025-01-08,43d84d8b-a41d-43c8-a7bb-ce7e42dd966b,Electronics,Europe,4,43.12,0.05,PayPal,9.0,3.0,163.86
65771,2024-04-16,32073242-57af-4a28-a7ca-c3ee9502ecc4,Home,South America,2,245.23,0.2,BankTransfer,1.0,3.0,392.37
22200,2023-05-21,1988b7ec-4a09-4bef-881e-fa1ff412b349,Toys,South America,2,387.52,0.0,CreditCard,7.0,2.4,775.04
1748,2025-05-22,7eef09ab-da14-4a47-b823-51d9d94df188,Automotive,North America,4,138.55,0.0,BankTransfer,9.0,3.5,554.2
77382,2023-05-25,c9fde1eb-c3aa-4fe0-bfa2-e68406c7b6cf,Home,North America,1,318.53,0.15,Cash,6.0,4.4,270.75
89962,2024-05-03,65e76376-d4b8-48e5-8126-855e9d3c23f2,Fashion,South America,3,238.56,0.0,PayPal,6.0,4.5,715.68
33944,2024-02-26,94ea0fc5-eed4-4e63-929e-798b53fbf38d,Beauty,Asia,5,69.12,0.0,CreditCard,2.0,3.1,345.6
99926,2025-09-17,7860d001-3c24-4d11-aeab-1a90c8c15d85,Beauty,Africa,4,332.38,0.0,CreditCard,3.0,4.0,1329.52
43769,2025-04-13,b1bfee53-04ce-4c38-b826-a5f5310eb491,Home,Europe,4,135.46,0.1,CreditCard,3.0,2.5,487.66
22542,2024-07-29,94eb98ec-f7b0-44ac-8be8-79252db5322b,Toys,Africa,2,229.05,0.0,Cash,6.0,2.0,458.1
1957,2023-02-27,a605b7c9-fb07-4e93-8a37-31ab0be3534a,Home,Europe,3,84.18,0.15,CreditCard,7.0,4.4,214.66
6001,2024-04-30,d0b66c10-6bfd-41bc-9a93-03eae75ec164,Automotive,Oceania,1,425.17,0.0,BankTransfer,5.0,4.8,425.17
99269,2024-01-13,ddd3f8f9-8042-4e9d-9e56-d7490ae12d01,Beauty,South America,5,80.94,0.1,Cash,1.0,2.8,364.23
42700,2025-03-13,747c6372-a413-4979-9b78-6ce8109425cc,Fashion,Oceania,2,167.94,0.0,Cash,8.0,2.4,335.88
21974,2024-10-24,f6d7607d-cea2-4164-a039-18313fd915e3,Home,North America,4,448.94,0.0,BankTransfer,5.0,4.0,1795.76
54725,2023-01-23,71a48a5f-ec97-4450-aeee-55c47710512c,Sports,Asia,3,426.38,0.05,BankTransfer,5.0,4.4,1215.18
87127,2023-02-26,13be6959-b2a2-499f-980a-1a74a8d5e224,Toys,Europe,2,243.2,0.15,PayPal,4.0,3.0,413.44
78722,2025-06-06,5be02370-0e8a-4d50-9453-4d157348a697,Toys,South America,3,107.58,0.0,Cash,5.0,4.7,322.74
65834,2024-06-17,53d69df8-6529-46fd-9f57-94fea0966da8,Home,Asia,1,236.55,0.05,BankTransfer,6.0,3.0,224.72
9754,2023-12-12,0f92b3fb-081d-45b6-a224-81801d4ac6f9,Home,Europe,4,185.88,0.05,Cash,7.0,2.9,706.34
38671,2025-06-22,901c8a06-a2ac-4255-abbd-c44698bf9cec,Beauty,Asia,4,140.11,0.1,BankTransfer,9.0,4.2,504.4
77677,2023-10-04,631ef4d2-f13d-4812-8a12-43c1d5df8990,Automotive,Africa,2,377.9,0.05,Cash,2.0,4.8,718.01
68734,2024-10-01,adc8ea51-1998-47d6-9552-13e59e193fdb,Fashion,Asia,2,428.47,0.0,CreditCard,1.0,5.0,856.94
51074,2025-08-29,184393e6-d769-47c1-a6fd-52068ae9fab7,Toys,Africa,3,26.47,0.0,CreditCard,2.0,4.1,79.41
17841,2023-08-31,bab37acd-d952-45e1-a768-81328a9b7814,Automotive,Oceania,1,128.9,0.1,Cash,3.0,3.4,116.01
19003,2023-04-24,b4c52729-f7bf-4e41-8cfc-6b839b987781,Sports,Oceania,2,241.93,0.0,Cash,6.0,3.7,483.86
24495,2023-05-02,5ac290a5-67b4-490b-b1ad-694fabd6ac7f,Home,Oceania,2,371.4,0.0,CreditCard,7.0,2.8,742.8
31452,2023-06-29,a8be954f-dce6-493e-a8c7-bdd7adabe067,Sports,Africa,4,360.69,0.0,CreditCard,3.0,2.1,1442.76
15366,2023-01-07,21198e7e-9ec4-4786-8327-6984e0ad133d,Electronics,Oceania,3,170.44,0.05,CreditCard,7.0,4.6,485.75
95343,2024-11-21,18f81d0e-b9fc-4c2e-baa3-1a0bcba74bd2,Toys,South America,5,100.458,0.0,PayPal,5.0,2.8,
66323,2023-04-15,f646ecd0-52ad-4518-8e74-dd164fe45fbb,Fashion,North America,5,458.78,0.1,Cash,8.0,2.3,2064.51
69946,2023-03-26,e2f05428-42aa-4709-b820-cad24b4b04fb,Beauty,Africa,3,346.36,0.05,CreditCard,6.0,4.7,987.13
88129,2024-01-08,5c8fa643-2dc6-4d2c-9429-3c84738b0e4d,Beauty,Europe,3,303.06,0.0,Cash,2.0,2.4,909.18
6484,2024-05-22,57f46801-69a2-4466-94c6-d16d569186b9,Electronics,North America,1,417.11,0.0,Cash,4.0,3.6,417.11
87672,2023-04-26,cf42dd2b-316f-4d81-97a2-f01b44c485ff,Electronics,Oceania,3,355.03,0.05,Cash,9.0,4.5,1011.84
47522,2024-06-01,2766b577-f774-4283-a259-9e8c1fd73a2e,Toys,Oceania,1,409.26,0.0,BankTransfer,8.0,3.9,409.26
57096,2023-08-01,9897d90d-c81f-4eb9-9f3c-77b681a4ee43,Beauty,Africa,5,195.19,0.05,PayPal,2.0,4.5,927.15
3417,2025-10-24,2804335a-3311-45e0-ac5c-ce54210c78d9,Electronics,North America,4,178.62,0.05,PayPal,9.0,2.1,678.76
28840,2023-12-10,b85a295a-7229-4502-a2b8-608c4c6eaa33,Beauty,Oceania,4,269.85,0.0,PayPal,8.0,3.3,1079.4
50248,2023-01-15,5329d1d6-28c2-4521-8a4a-c7d27fd056d1,Beauty,South America,3,35.33,0.0,PayPal,1.0,4.0,105.99
43854,2024-07-16,cd72f297-2cc7-41b5-b947-6077f731904f,Beauty,Africa,3,368.57,0.0,Cash,9.0,3.7,1105.71
29535,2024-10-09,b1ae9176-f6dc-49f6-884b-5f169a21aea8,Automotive,North America,2,358.0,0.0,CreditCard,3.0,2.4,716.0
53290,2024-01-12,52857cd5-2f2a-49be-9176-b926f11a31ee,Home,South America,5,400.85,0.0,BankTransfer,4.0,3.8,2004.25
75663,2023-12-08,8dd906f8-cb3f-4a67-be17-c4a5d8563c2f,Sports,Asia,4,114.81,0.1,PayPal,4.0,3.5,413.32
52302,2024-10-31,299ebd2b-cde6-4708-8ca3-e804e3cc21fc,Beauty,Oceania,1,183.03,0.0,PayPal,9.0,2.1,183.03
14645,2023-06-15,25a3dcf6-a1ed-475b-9ef9-d51fe329c512,Toys,Oceania,2,206.33,0.05,Cash,6.0,4.4,392.03
98584,2025-07-15,e70de55b-590d-4f58-b0c6-5aebc30cf778,Electronics,Oceania,3,378.19,0.0,Cash,7.0,3.3,1134.57
46896,2023-06-25,f52e8022-f912-40a5-bbb4-3f949446aa2d,Sports,Europe,4,224.11,0.15,PayPal,5.0,4.2,761.97
70757,2023-03-09,dbf6145e-a86b-4a66-8d8f-309c8de73ae8,Fashion,South America,3,163.19,0.0,CreditCard,8.0,5.0,489.57
68340,2023-11-04,9f897745-e744-4329-a26e-7681e3a8e2d9,Sports,Asia,2,371.232,0.1,BankTransfer,5.0,3.5,668.22
75064,2023-01-14,209879ee-5f3c-4ce8-8d0c-c5b510ecfda4,Beauty,Asia,5,106.66,0.0,CreditCard,2.0,3.6,533.3
24463,2023-08-26,059b51a2-48c0-4edf-adf3-e9c2546953f0,Automotive,South America,4,377.37,0.0,CreditCard,8.0,3.3,1509.48
44702,2025-09-27,e3f01fdf-b35d-4230-bd4c-57b34bda64a8,Beauty,Europe,3,154.49,0.0,PayPal,8.0,3.0,463.47
67252,2023-05-29,59f60c3d-82fa-4ff1-a5da-f5fa1c3967d4,Home,North America,1,417.5,0.0,CreditCard,3.0,2.1,417.5
51785,2023-03-22,02bfcee5-789f-430e-9a20-b3a3ebdf6f72,Home,Oceania,1,111.6,0.2,PayPal,7.0,2.3,89.28
97611,2024-01-27,8658ae03-0560-4032-878a-07081f6a5a54,Toys,South America,1,208.25,0.05,CreditCard,9.0,2.2,
16265,2025-04-22,07bf1bb8-8493-4b3d-820b-337c2be0881f,Toys,South America,3,179.63,0.05,BankTransfer,7.0,3.2,511.95
38194,2023-10-17,ad236d58-5049-405c-af7b-99835619a140,Home,North America,3,315.8,0.0,Cash,9.0,4.5,947.4
90343,2025-05-24,67859608-dd58-44e4-837d-cba3c5b050be,Toys,Asia,4,392.16,0.0,PayPal,4.0,4.4,1568.64
66054,2025-08-30,a7fa40fd-dde1-41b0-a547-9e2c697e5390,Sports,Asia,2,57.18,0.15,BankTransfer,4.0,4.6,97.21
17800,2023-10-24,66f38d43-1df1-47a9-9d71-aa22c6122daa,Electronics,North America,2,396.67,0.1,BankTransfer,7.0,2.4,714.01
12111,2023-06-17,08c252d6-9ce8-4e82-8e11-4e0d7e8eda3e,Beauty,Africa,3,373.19,0.0,CreditCard,2.0,3.1,1119.57
26638,2024-03-02,becec9eb-2c81-4f99-a153-74b0f6257ed1,Sports,Oceania,2,141.8,0.15,CreditCard,8.0,4.7,241.06
97891,2025-12-18,57521ae0-9192-45bc-9e03-9a06ea953432,Automotive,Africa,3,313.47,0.05,BankTransfer,4.0,3.2,893.39
41762,2025-07-09,f65a9197-fcc0-4bd2-aaf1-645193d5125a,Home,Europe,4,186.31,0.05,PayPal,7.0,4.0,707.98
2528,2023-03-27,ea8b31f5-ccae-48fe-94eb-8e20af7c7d2b,Home,,4,57.77,0.15,CreditCard,4.0,4.3,196.42
41000,2024-04-07,82877aa9-9119-495e-aff5-cd1ecec159da,Sports,Asia,5,138.1,0.05,BankTransfer,7.0,2.1,655.98
1571,2023-08-30,567e642e-052d-4b9a-9f58-4603e5a3d8e9,Sports,Oceania,2,106.99,0.05,PayPal,8.0,2.2,203.28
55304,2023-03-25,c854427a-9eee-4880-81aa-d39aab399e3d,Home,North America,1,9.49,0.0,BankTransfer,4.0,3.2,9.49
29469,2023-06-08,0fe21064-f94a-4290-afb2-5b78c9627d7c,Beauty,North America,4,226.03,0.05,PayPal,7.0,3.9,858.91
8778,2024-11-05,6ce87f51-1eb2-4170-b1e2-d719f2034fe7,Toys,Africa,4,228.078,0.0,CreditCard,4.0,2.5,912.31
23516,2024-04-11,0725605b-b857-4bbe-87b2-8ec5bac316a5,Fashion,North America,5,38.5,0.05,BankTransfer,6.0,4.0,182.88
82480,2024-10-20,98fc844f-7e18-459c-9c33-07058507acc8,Toys,Africa,5,418.9,0.05,BankTransfer,4.0,,1989.78
31061,2025-05-19,d67ff9ea-e9de-4024-a45b-52edf379026f,Electronics,Africa,2,33.9,0.0,PayPal,7.0,2.0,67.8
69985,2024-12-22,5eb7bc86-ae9c-43a4-9c90-99298c0e7e66,Beauty,Asia,2,41.56,0.2,CreditCard,1.0,3.3,66.5
51491,2025-06-06,fccfe292-cd7f-4b11-bb03-27c971659d8d,Automotive,Oceania,1,402.9,0.2,CreditCard,6.0,4.2,322.32
5763,2023-08-13,bd303739-8f5a-4787-8edd-8e22536019db,Electronics,Europe,1,5.05,0.1,BankTransfer,2.0,2.5,4.54
90990,2024-04-17,a2880156-0fe4-46db-8f28-538f645f082f,Automotive,Asia,3,62.25,0.1,PayPal,5.0,2.4,168.08
10011,2023-06-08,1b3e2271-1a71-4bdf-bb6d-e07125b08a57,Automotive,Africa,2,297.84,0.1,CreditCard,8.0,3.9,536.11
20051,2023-03-01,530f5e8f-e63d-41fc-9096-e6a470b5d4ee,Electronics,Africa,2,99.62,0.15,BankTransfer,3.0,3.5,169.35
94778,2023-01-10,6049cbb0-3db5-433f-85d7-3ac4ea248e1a,Beauty,Europe,4,305.81,0.0,CreditCard,2.0,4.1,1223.24
74580,2024-01-22,25ec7f35-8a57-4dae-8260-b3e9341c5b7d,Beauty,North America,1,404.94,0.0,Cash,1.0,3.3,404.94
1414,2023-02-08,38e7e019-fb89-46c8-87ec-fe71d49347fc,Beauty,North America,5,437.84,0.0,BankTransfer,2.0,2.8,2189.2
88639,2025-09-19,a8ba8e3c-5f76-4c60-9fa6-e0e0394bd07f,Sports,Africa,3,399.13,0.1,BankTransfer,7.0,3.1,1077.65
70701,2023-08-04,5b4cf598-2ded-4560-84be-fc8e86a92ccb,Home,Africa,4,200.94,0.0,BankTransfer,2.0,4.7,803.76
60512,2023-12-29,f01670fd-7e67-40e2-a811-b7ebfe8c3938,Fashion,Asia,4,378.06,0.0,PayPal,7.0,2.8,1512.24
30765,2025-06-07,ce9ed0bd-5196-4fc0-a90b-e69f1b874376,Fashion,South America,3,308.01,0.0,CreditCard,6.0,2.4,924.03
58965,2023-05-07,48eea711-ff73-455a-b285-4de28b7e1d28,Electronics,Europe,1,381.84,0.0,Cash,7.0,2.5,381.84
87550,2023-10-30,4d38e7dc-8146-4a5d-96cb-3dcb8f5dca48,Home,Oceania,5,462.99,0.15,,6.0,2.2,1967.71
56037,2024-07-08,f7119360-be88-4244-b0ab-ce82b58a3648,Toys,Africa,5,433.35,0.1,Cash,5.0,4.8,1950.08
72846,2024-08-29,29c358b4-4a63-4253-9dae-1d99427b8a3f,Home,Africa,5,376.99,0.1,Cash,9.0,4.1,1696.46
48542,2024-04-10,3ea37412-ec25-4199-9478-476f2412c3fb,Beauty,Oceania,4,54.11,0.05,PayPal,6.0,2.4,205.62
14378,2023-02-17,769633d7-4317-4b8e-a1b7-9c119f7a61fa,Toys,Asia,2,288.83,0.0,Cash,6.0,3.7,577.66
96461,2024-11-23,90939d21-6264-4823-b097-a48ebe7f05a2,Toys,North America,4,437.463,0.0,Cash,3.0,4.0,1749.85
28473,2025-02-18,a57cd9dc-175a-4423-aaf7-410fea04ce07,Automotive,Oceania,3,224.44,0.0,PayPal,1.0,4.7,673.32
72121,2023-04-06,402575a9-a72f-4da9-bbef-ecb724a74514,Electronics,Europe,2,131.87,0.0,CreditCard,7.0,2.6,263.74
16368,2025-03-20,5b41db5f-e711-4ce1-9c77-1788117b01df,Toys,Asia,5,469.41,0.1,BankTransfer,6.0,2.6,2112.35
38349,2024-08-29,5d8720de-2f63-46e7-a7a9-ba993a6664d1,Automotive,North America,1,251.96,0.05,CreditCard,1.0,3.3,239.36
5534,2023-03-13,0cd19e0c-5dfa-4933-b5d2-fda97d57d424,Sports,North America,3,264.33,0.0,PayPal,3.0,4.9,792.99
74545,2024-04-27,693c634a-60e0-4724-be61-d40758c1f905,Beauty,South America,2,334.23,0.0,Cash,8.0,2.0,668.46
23466,2024-07-10,5ff2d515-f700-4e39-bebf-642f371be782,Automotive,Asia,5,415.22,0.0,,9.0,3.7,2076.1
18094,2024-03-04,8b495a46-5212-41b2-8054-e5b07d7120b3,Sports,Europe,5,377.72,0.0,CreditCard,9.0,3.1,1888.6
45763,2025-11-15,7f2b3c85-ec70-4990-8290-eedd4295edd1,Toys,Oceania,6,156.84300000000002,0.0,Cash,8.0,3.1,941.06
65696,2023-09-21,b51c8012-2927-46ea-9451-35236971dd2b,Automotive,Asia,3,215.15,0.0,CreditCard,8.0,2.3,645.45
32933,2023-01-02,8c48c12b-1747-40f1-8c23-4f1c33abe863,Automotive,Africa,4,35.01,0.0,Cash,2.0,2.2,140.04
47705,2024-01-29,19d026f8-a2dd-47a5-a92e-3e8902cef4af,Automotive,South America,4,17.24,0.0,BankTransfer,1.0,3.7,68.96
5767,2025-12-10,f105c2d8-7acc-4c3b-b90c-a4475352db34,Sports,Oceania,5,453.18,0.05,Cash,3.0,4.1,2152.6
14439,2024-09-12,7aa88007-c342-4f31-8b0e-12c48194dbaa,Beauty,Asia,5,334.71,0.0,BankTransfer,2.0,4.1,1673.55
65242,2025-02-10,7591c39a-6c22-491f-844e-b25cbc43a566,Electronics,Oceania,5,162.52,0.0,Cash,8.0,4.8,812.6
7516,2024-01-06,c89a10a3-17ef-41fc-841b-1a37a931f647,Home,Africa,3,430.0,0.05,Cash,8.0,4.1,1225.5
11778,2024-06-17,efa8c7a7-2956-4c67-a6ff-b2a15ddc7abb,Sports,Africa,1,430.79,0.1,CreditCard,7.0,2.9,387.71
59391,2024-12-13,515e1245-1391-476b-aa57-19b42bc1d06a,Toys,Africa,2,283.49,0.15,BankTransfer,5.0,2.7,481.93
2663,2023-04-15,88f7f097-57f2-445f-a751-5d4b0d829d52,Toys,Asia,3,191.94,0.05,Cash,6.0,3.0,547.03
70594,2024-05-09,f557a14a-4daa-4225-b5be-f16126be2bea,Home,South America,1,338.5,0.05,BankTransfer,3.0,2.1,321.58
93353,2024-05-14,56af5b69-b6bf-45ba-8b2b-5e429bb7f262,Beauty,Oceania,5,217.76,0.0,Cash,6.0,2.2,1088.8
83045,2023-07-05,8be159cd-1117-4f3c-9885-911a138c2e0e,Sports,Asia,2,27.96,0.0,PayPal,7.0,4.3,55.92
21185,2025-01-12,9425b29d-c400-4d41-a50d-01b21a6b6aaf,Fashion,North America,3,20.24,0.05,BankTransfer,8.0,2.9,57.68
83843,2023-12-11,b1ec4eb7-acf6-40e0-925b-08c95f3f018c,Electronics,Africa,4,92.81,0.1,PayPal,8.0,2.9,334.12
30337,2024-06-18,84ba53ed-17ea-4cb9-9c7d-8d12c7e77d0f,Beauty,North America,5,68.82,0.1,CreditCard,1.0,2.7,309.69
91158,2024-02-26,9aa64754-c2ea-44b2-a716-b3d06536010d,Beauty,Asia,5,446.02,0.15,CreditCard,8.0,4.5,1895.58
40041,2023-02-12,40785616-d186-4cd6-a2f9-2cd41757e1ab,Fashion,South America,4,439.48,0.15,BankTransfer,6.0,3.1,1494.23
18553,2025-03-19,4fd7fa9e-d44a-4f1d-9f26-808c0a9b3d13,Automotive,Oceania,5,488.27,0.0,CreditCard,8.0,3.1,2441.35
30579,2024-02-09,a6a50ff4-6b88-4397-8582-2f752d8b6108,Beauty,Asia,4,111.83,0.2,PayPal,1.0,4.0,357.86
56539,2024-05-01,53725961-1ef5-4bf5-8ffa-a3e15bb762bb,Sports,North America,2,435.99,0.1,PayPal,1.0,2.4,784.78
25135,2023-10-19,35d07b39-1409-4ec2-9a9c-d70b81ffcde6,Home,Oceania,3,248.57,0.15,CreditCard,8.0,3.3,633.85
43601,2024-07-03,18bf17f7-7345-4485-9cfc-f31999e844f1,Home,Asia,5,88.89,0.1,CreditCard,1.0,4.2,400.0
31403,2025-07-22,cb86a0d8-8a6a-4b25-aa5c-456dc6b4ebbd,Beauty,South America,3,126.36,0.2,BankTransfer,4.0,2.8,303.26
41536,2023-10-07,3950a369-ca0e-4a52-9300-994632c868a2,Sports,Africa,2,141.61,0.05,Cash,4.0,3.8,269.06
2545,2023-07-25,dfb68a5f-bb81-41f0-bbc4-d138ec737598,Sports,South America,5,108.82,0.15,Cash,6.0,2.7,462.48
82163,2023-04-14,8502d93e-eb20-444e-b509-b50ddcb7ff57,Sports,South America,4,85.31,0.05,BankTransfer,3.0,3.2,
34718,2024-11-27,0e98eec5-b438-416e-89b5-b54bd1c33bf8,Sports,Africa,3,445.968,0.05,CreditCard,7.0,4.7,1271.01
22097,2023-03-06,007a159e-7ae7-49f8-8e00-b84bb3f01169,Fashion,Europe,3,161.7,0.1,Cash,4.0,3.2,436.59
1166,2023-06-18,38d5101f-423c-4d9d-993e-478302b34254,Home,Africa,1,33.26,0.0,CreditCard,6.0,4.0,33.26
94932,2024-02-07,8eb68958-eafc-4247-aadc-1d1ab5201f17,Home,Asia,4,181.76,0.0,CreditCard,5.0,5.0,727.04
84936,2024-05-25,66c901bb-b2f4-4df9-8dec-43879347ce3a,Fashion,Oceania,5,246.64,0.0,Cash,3.0,3.8,1233.2
91488,2025-09-17,95b47e4c-8253-43de-a5fa-65b0e51411fb,Fashion,North America,2,188.71,0.1,PayPal,1.0,4.5,339.68
39521,2025-11-15,deaf7224-742c-40e5-9aec-65499bdbca5e,Automotive,North America,6,32.904,0.0,Cash,4.0,4.8,197.42
75760,2024-12-10,3c69b13d-93f7-4212-8c5f-b99a681873c9,Electronics,North America,1,196.66,0.0,PayPal,4.0,4.4,196.66
22951,2024-08-18,4c6de01c-c02e-42da-9338-c96e4c0781a9,Home,Europe,2,390.43,0.2,CreditCard,4.0,2.9,624.69
64247,2023-02-10,e6bddcc3-e6f8-4195-a091-b634a8cef04f,Home,Africa,2,138.25,0.1,PayPal,2.0,4.6,248.85
64775,2024-12-22,3fabe1c7-f4fa-4da4-994c-3216064aac70,Beauty,Africa,1,119.34,0.05,Cash,9.0,2.3,113.37
42069,2025-02-05,4744a01a-d6ba-4b74-acf4-0fbe1d71a00e,Electronics,South America,4,18.9,0.0,Cash,5.0,2.5,75.6
18554,2025-10-22,08aec57e-4d05-4113-8d4f-9a2d55f16dbb,Home,Oceania,2,59.23,0.0,CreditCard,8.0,3.7,118.46
31463,2023-02-21,9feb7f70-2cb6-4fa5-9bb6-43569a8c3437,Home,North America,3,302.65,0.05,CreditCard,3.0,3.0,862.55
93576,2025-11-15,56badfed-abc0-47a8-a53e-b3e63fcc1260,Fashion,South America,4,412.9740000000001,0.1,PayPal,3.0,4.9,1486.71
27887,2023-06-29,26050196-f2fb-4ac1-b685-0ced7d99b3ec,Beauty,South America,3,52.87,0.15,CreditCard,1.0,2.3,134.82
34281,2023-07-05,1fcf1c05-5133-4179-8cc9-3a5a63e6446e,Sports,North America,3,484.93,0.1,PayPal,8.0,3.5,1309.31
70626,2023-02-23,26f29800-1be3-43fd-9289-85e656ece23a,Home,North America,1,150.98,0.0,BankTransfer,9.0,3.8,150.98
21757,2024-08-11,6ea96992-ca9c-4c16-bfbb-0308abfd45aa,Toys,Europe,2,430.08,0.15,BankTransfer,8.0,2.9,731.14
61804,2024-09-04,0e822240-561d-4ba7-97b1-b0eea413fba2,Beauty,South America,3,203.0,0.0,PayPal,4.0,3.9,609.0
93629,2025-02-09,568ebc49-9b9a-4149-bc7e-e24cf3dcc423,Home,North America,4,354.78,0.0,CreditCard,3.0,4.4,1419.12
80446,2025-02-24,593489bd-1041-43b3-b106-6b732e1fc0be,Automotive,Africa,5,63.56,0.15,CreditCard,1.0,3.0,270.13
52178,2025-02-06,8f178f35-3935-41da-bbbb-4aaf494db579,Toys,North America,5,17.44,0.15,Cash,5.0,3.1,74.12
44521,2023-04-20,b9f787e8-6edc-419f-966f-4e518f55ae0e,Toys,South America,2,100.92,0.0,PayPal,7.0,3.7,201.84
72533,2023-05-25,d1b50b65-e556-46d8-971d-bf18d70cad8d,Sports,Europe,1,89.24,0.0,BankTransfer,5.0,3.3,89.24
7738,2023-04-26,8eb232b8-54b5-4b05-af67-8fc82308961b,Beauty,Africa,5,258.07,0.0,PayPal,2.0,4.9,1290.35
58722,2024-06-17,3f7c50f3-9889-441c-8419-0e9cd3b7e554,Electronics,Europe,2,176.96,0.05,BankTransfer,1.0,3.3,336.22
53616,2025-11-15,bcc82784-8232-4904-a71e-d05e3875825a,Sports,Asia,3,201.384,0.1,CreditCard,4.0,2.9,543.74
20556,2024-11-05,1883b28d-cf54-4778-8e13-5f0c68392841,Home,Asia,3,433.359,0.0,PayPal,6.0,,1300.08
56049,2023-09-10,c6ebc07d-df31-4996-a8c6-57fe7e10605c,Sports,Africa,5,162.83,0.0,Cash,8.0,2.0,814.15
17556,2025-02-24,5b868adc-0893-4949-8512-aa6e70172842,Sports,Asia,1,66.71,0.0,BankTransfer,6.0,3.1,66.71
83782,2023-09-24,f15e6976-6343-4154-a3fe-37bd904b9616,Fashion,North America,5,45.62,0.15,BankTransfer,1.0,2.3,193.88
42237,2024-09-05,2a74889c-6f74-4c44-b1ac-96a2944b8033,Electronics,Asia,4,326.59,0.15,Cash,5.0,3.3,1110.41
94421,2025-12-15,2194293a-5383-49bf-98ac-09836fc38ef9,Sports,Asia,4,404.85,0.0,BankTransfer,5.0,4.0,1619.4
24096,2023-10-25,e7a4e064-c531-4074-9bd1-e92c9ca32e67,Electronics,North America,3,13.68,0.1,PayPal,8.0,4.8,36.94
63607,2024-09-11,f03cf8e4-f42f-4ca3-9d19-b3a47a453fdb,Toys,Oceania,4,89.2,0.0,Cash,9.0,2.0,356.8
56632,2024-06-09,7d75ef1a-c60e-4839-992c-2069e605278d,Electronics,Oceania,4,491.41,0.1,CreditCard,5.0,3.5,1769.08
68271,2024-02-11,a55bb796-91bc-45f4-b2f7-ac20a4f305f0,Automotive,Europe,5,485.88,0.0,PayPal,3.0,2.0,2429.4
11363,2024-06-19,2ced976e-52bb-4866-bf93-3b6d2acef9bd,Automotive,Oceania,1,31.67,0.05,Cash,7.0,3.6,30.09
8711,2025-08-08,3309cd89-f26d-4669-95e3-8f96a2bf0f3d,Sports,Asia,5,294.53,0.1,CreditCard,5.0,3.3,1325.38
11372,2025-12-03,91f97c16-81b6-43bd-8846-8d499ac11a87,Beauty,Europe,3,349.69,0.0,CreditCard,7.0,2.4,1049.07
95116,2024-05-04,feb85aee-d44e-4816-92e3-61e0cd145373,Beauty,Asia,2,371.07,0.0,Cash,7.0,4.4,742.14
25555,2025-11-12,fab014c1-47bf-424e-870d-cc6ce777dac2,Sports,Europe,4,356.04,0.0,Cash,7.0,4.6,1424.16
1719,2023-11-01,bbaa574f-e0e3-45ce-84af-ecb79f2ebefc,Electronics,South America,6,51.975,0.0,CreditCard,4.0,4.8,311.85
41653,2025-05-23,981ff8b4-9116-48c5-a675-f233ef1a402c,Beauty,Oceania,5,222.64,0.0,PayPal,2.0,2.9,1113.2
92556,2024-08-14,0820fb59-b5a4-4895-ae93-eac81952d845,Home,Asia,4,48.1,0.0,CreditCard,3.0,2.2,192.4
90531,2025-05-04,fd9874ec-d27a-4ee6-8226-b2dce60a4bde,Home,Africa,5,140.62,0.05,PayPal,9.0,2.6,667.94
75077,2023-01-28,6cccb5ac-8807-4e82-bf17-00eb5ee3a394,Sports,South America,3,16.15,0.0,CreditCard,7.0,3.3,48.45
1939,2023-10-03,a7668617-78db-4de3-8a28-4792ffaca645,Sports,North America,5,159.03,0.0,CreditCard,8.0,4.3,795.15
93304,2025-08-22,a3730262-3cbb-4910-aba5-a104e5c7205b,Toys,Asia,5,72.86,0.1,Cash,2.0,4.2,327.87
7864,2024-06-12,75d0a2af-1c06-4fa6-921b-a1e492e7fc57,Beauty,Africa,3,62.94,0.1,Cash,7.0,2.2,169.94
78602,2024-09-02,dbdb8161-98e3-40ba-8f8f-3f8a8b017ef7,Automotive,Africa,4,462.33,0.0,PayPal,1.0,4.5,1849.32
8547,2024-03-15,21483249-414e-4cc1-9027-8ec26125cb48,Electronics,North America,4,468.18,0.2,Cash,6.0,3.4,1498.18
34819,2023-07-06,187de90d-f3a9-4ed8-9990-e3a8010b063d,Sports,Oceania,1,270.14,0.0,CreditCard,8.0,2.4,270.14
80550,2025-07-01,eac59504-4075-463e-9900-8c66ce9ccae5,Toys,North America,4,117.74,0.1,PayPal,1.0,2.7,423.86
98205,2025-09-09,9a65c076-3575-476b-8c99-0b106556a27b,Toys,Africa,4,258.99,0.0,BankTransfer,2.0,4.1,1035.96
22645,2025-01-07,328302de-234e-4cfc-af0c-774ebd9a92c1,Automotive,Europe,3,31.67,0.0,Cash,5.0,,95.01
94217,2024-06-23,13c1a18d-85c8-48ce-94e5-469d17b9e9ae,Home,Europe,2,38.54,0.15,Cash,8.0,2.9,65.52
2997,2025-09-15,94e74f26-29b0-4b37-8271-0779d864465a,Home,Oceania,4,287.27,0.0,PayPal,3.0,4.2,1149.08
5179,2023-12-21,62524390-52a3-469d-8906-9da96d3b867c,Fashion,Europe,3,240.34,0.0,,7.0,2.5,721.02
11923,2024-04-03,7dc437dd-e395-45ea-95d4-4c348fa95ec3,Beauty,Europe,3,,0.0,BankTransfer,8.0,4.9,1321.53
87742,2024-06-29,5b2b3ed6-2a12-4112-9be7-22127a0051fa,Sports,North America,2,425.93,0.05,Cash,7.0,2.5,809.27
10514,2024-08-12,4eaeba0b-f07a-4ab7-8b9f-82a53f76f3b0,Toys,North America,3,147.02,0.0,Cash,9.0,3.4,441.06
76237,2024-08-28,1751ad7c-f1f1-4847-9da5-427172e9fb2b,Sports,Oceania,3,122.32,0.05,CreditCard,8.0,4.7,348.61
8036,2024-11-06,835108d8-9251-4afe-9d7e-5e48c03caa32,Home,Asia,6,306.108,0.0,PayPal,8.0,3.7,1836.65
42376,2023-09-23,42931c52-f3b1-44e2-b307-ef63d963cddd,Beauty,South America,4,435.63,0.0,CreditCard,8.0,4.3,1742.52
10826,2023-06-18,99761ae3-9330-4626-bac3-4112bf6247e2,Home,Africa,2,197.79,0.0,PayPal,2.0,3.0,395.58
30759,2023-12-13,7bf5312e-02bb-4a79-87f0-b657e85704a2,Fashion,Oceania,1,185.73,0.0,CreditCard,6.0,2.8,185.73
60016,2023-09-03,730a006c-308c-4971-a8ca-f7957721f50f,Home,South America,5,444.97,0.0,CreditCard,4.0,4.3,2224.85
42061,2024-08-11,d02312d9-fdcb-4956-87fc-ff29a541d05e,Automotive,Oceania,1,70.48,0.1,BankTransfer,9.0,3.3,63.43
69683,2023-02-25,4593fa62-b824-4fd2-bb7b-da0bb9c68ae8,Beauty,South America,4,232.14,0.15,BankTransfer,8.0,4.7,789.28
93159,2023-05-31,5dc64778-89fa-4d88-a3ad-d8db01655e18,Fashion,Africa,3,154.96,0.2,BankTransfer,5.0,4.1,371.9
57904,2024-01-21,87da550d-68f1-4945-8ad7-55c99f43fcc2,Sports,Asia,1,361.72,0.0,CreditCard,7.0,4.0,361.72
39162,2024-09-19,839811e8-8034-442b-af0f-9195b68f04e3,Automotive,Asia,4,382.54,0.05,Cash,2.0,4.9,1453.65
2087,2023-09-22,d61a080a-3fec-4a37-95be-a8dc33e88249,Beauty,Oceania,5,366.6,,PayPal,5.0,4.2,1833.0
95454,2024-06-16,be1992b4-69aa-4d06-849c-ff2c8776bcd2,Home,Africa,1,147.57,0.0,CreditCard,2.0,2.4,147.57
58303,2025-10-07,4c70c16f-c917-4796-a838-4c4f95635189,Home,Africa,5,165.18,0.0,Cash,8.0,4.9,825.9
26113,2023-01-21,33057c2b-939c-4a82-9406-b31cc81e34bd,Beauty,Asia,4,30.18,0.1,BankTransfer,9.0,4.4,108.65
53082,2025-01-29,1989c7a8-ea95-49f2-9ed0-8f80570540bb,Electronics,South America,5,480.97,0.0,PayPal,1.0,3.8,2404.85
24187,2023-11-22,14a61d46-2b18-40ed-ba56-352da6fe223a,Fashion,North America,5,181.404,0.0,CreditCard,8.0,3.2,907.02
54935,2025-06-21,a883c5f5-c94b-4890-82b9-bc79b10f0863,Fashion,South America,1,215.71,0.15,BankTransfer,9.0,3.9,183.35
74909,2025-07-12,439c2a05-5e92-42ac-a2a7-6a80a45c0645,Sports,Asia,1,433.97,0.05,CreditCard,7.0,3.5,412.27
43258,2024-12-18,be0009cf-6156-43b8-9adf-1726d2c780f8,Electronics,Africa,2,450.4,0.15,PayPal,9.0,3.7,765.68
88879,2024-04-09,70228a7a-8ae5-44ef-9e3f-77066735af48,Sports,Africa,2,184.9,0.0,PayPal,2.0,3.9,369.8
45283,2023-07-22,43c3b213-ddb0-4d7d-bf7e-84c5328dc2b0,Beauty,Africa,1,192.58,0.0,CreditCard,3.0,4.2,192.58
31099,2023-05-17,f783fd33-18ed-4c57-8a0a-056b18316028,Fashion,Africa,1,407.34,0.15,CreditCard,7.0,3.9,346.24
506,2024-08-16,a3b5cece-a446-4e72-b64c-911aa9ab364a,Sports,Oceania,4,459.53,0.0,BankTransfer,9.0,2.1,1838.12
51428,2023-06-30,460797f8-752b-48fe-beb6-ec62805f914c,Toys,Oceania,2,92.68,0.05,BankTransfer,3.0,2.6,176.09
50104,2023-02-23,4cbb47fd-ae7b-4853-b6e1-d52e924d1d57,Electronics,Europe,1,83.43,0.0,BankTransfer,9.0,2.5,83.43
35346,2024-04-25,4988e784-f13d-4936-a816-4d9a715dbf9a,Automotive,Asia,3,256.52,0.0,BankTransfer,8.0,2.4,769.56
28746,2024-02-16,8c17b9c9-1936-4c45-93ba-4224e0f7b1fe,Electronics,North America,5,21.61,0.0,BankTransfer,1.0,4.3,108.05
50799,2024-07-09,0548bab7-ddaa-4b0a-a8d7-d9609a6c1b86,Sports,South America,1,244.88,,CreditCard,4.0,2.1,220.39
17498,2024-12-14,a17c6143-3b56-4170-b587-2e50c21e65ac,Sports,Africa,5,374.13,0.0,BankTransfer,7.0,3.8,1870.65
62447,2024-09-01,1cb8d52e-b378-48bd-a0e8-821d430dd383,Beauty,North America,4,41.55,0.05,Cash,5.0,3.4,157.89
99463,2025-04-17,f16651bd-1346-4353-a0c3-1350d86c0de5,Sports,South America,3,221.92,0.2,Cash,2.0,4.5,532.61
21551,2024-01-23,cfc86e84-523d-43f9-8a9e-5ce82544bd53,Home,South America,5,371.49,0.05,BankTransfer,1.0,4.0,1764.58
49233,2024-05-27,79019cb8-03b2-424b-8e15-7ede1ca5809b,Beauty,South America,1,482.56,0.0,Cash,7.0,4.3,482.56
128,2023-10-29,19985f15-ff00-4d4d-9020-59e4ff9ab5c2,Automotive,North America,5,57.82,0.1,CreditCard,2.0,2.4,260.19
91790,2023-12-17,68e02b01-610f-4eb8-9261-8d5586826c63,Beauty,Europe,5,10.03,0.0,Cash,4.0,2.1,50.15
22611,2023-03-30,dfae6b2d-c6fe-462e-b006-58ed94168bf7,Beauty,Oceania,4,498.7,0.0,BankTransfer,6.0,4.4,1994.8
74251,2023-07-08,080c51e8-d70a-4047-afac-bced9e02347c,Automotive,North America,2,282.0,0.0,Cash,7.0,2.4,564.0
13131,2025-04-28,9caa3398-6619-40c8-8097-223feac90c4d,Sports,Europe,3,461.46,0.1,PayPal,9.0,3.7,1245.94
83891,2025-03-27,0f06bebb-ef84-4030-ab3a-2ad22ed6cc0e,Sports,Africa,2,186.66,0.05,BankTransfer,1.0,3.9,354.65
77803,2024-10-18,7a5bb1bc-3761-416b-a1fe-a3d2c7925ad5,Toys,South America,5,474.8,0.0,BankTransfer,2.0,3.4,2374.0
4149,2024-07-10,a71372ab-34cb-4b9a-9338-82b320fa15b7,Electronics,Oceania,1,302.81,0.0,PayPal,6.0,2.7,302.81
35914,2023-01-15,866b09a1-4a26-4f83-849d-62d9eedeef39,Beauty,Europe,1,348.61,0.05,Cash,9.0,3.5,331.18
55852,2024-10-04,c6482fd2-19b1-4bb6-933f-afca2eccad55,Sports,North America,5,274.22,0.0,CreditCard,6.0,5.0,1371.1
94926,2025-12-31,615f46f5-0b45-4cce-9a1b-b5469a4c059f,Fashion,Africa,4,492.9,0.0,PayPal,6.0,4.8,1971.6
86967,2023-09-07,ace86d3e-b3c4-4faf-8436-4a94f3d3030f,Electronics,South America,2,126.88,0.0,PayPal,9.0,3.5,253.76
89460,2024-07-05,e8b9c59c-bc3b-439d-b40c-e9a318bb1b9b,Electronics,North America,4,19.56,0.05,Cash,1.0,3.0,74.33
13199,2024-06-15,f3cd0681-81f7-4175-9f59-bdecf7b453f5,Beauty,South America,4,329.48,0.2,BankTransfer,9.0,2.2,1054.34
31162,2024-11-14,fbc6e633-5b6f-49e0-a6bc-35aaa34ac905,Beauty,North America,2,160.191,0.0,CreditCard,6.0,4.9,320.38
22197,2023-02-14,553fc35f-d7e8-4bba-8816-4097486689cd,Toys,South America,5,374.51,0.0,BankTransfer,5.0,4.2,1872.55
39555,2024-11-19,fa86516c-91ff-4eaa-8546-6870a976294d,Sports,Oceania,2,157.851,0.0,Cash,7.0,2.3,315.7
22331,2025-12-25,7a79e8e2-e43d-4011-a215-5170bd2e233a,Toys,Europe,5,380.52,0.05,BankTransfer,7.0,2.6,1807.47
37130,2025-06-10,84da3e2e-4407-432c-8f3a-984850ed57e2,Fashion,Europe,3,18.45,0.0,Cash,7.0,2.9,55.35
96495,2025-06-30,1f99e0a7-f905-4bd9-ac7b-33827b51b4bc,Toys,Oceania,1,106.67,0.0,Cash,9.0,3.7,106.67
35464,2025-05-15,b4c5d4cb-c497-4da8-a8c1-b719825c54b1,Home,North America,2,119.59,0.15,CreditCard,1.0,2.9,203.3
41648,2023-11-07,f0113876-72c1-4c56-a3b7-367b3d55489e,Home,South America,2,323.29800000000006,0.0,BankTransfer,1.0,2.2,646.6
80591,2023-07-24,98470a94-2ad3-482e-a291-aac7d1aec228,Fashion,North America,3,399.55,0.2,PayPal,7.0,3.8,958.92
76874,2023-12-16,18cde8aa-6061-4253-a88e-636304e7ac23,Sports,Oceania,1,495.23,0.0,Cash,6.0,2.5,495.23
96063,2023-04-26,836792ab-8028-4777-8c2d-ba0859497837,Electronics,South America,1,464.3,0.05,BankTransfer,2.0,,441.08
20307,2025-10-13,bc5ec5bb-6f14-4555-81d7-e6b28d2902b2,Beauty,Europe,2,48.23,0.05,CreditCard,9.0,3.6,91.64
44708,2024-10-27,cb04ce57-0060-46d6-a37b-7f716dd5b912,Fashion,North America,1,215.23,0.15,CreditCard,7.0,4.0,182.95
6427,2023-03-18,b0333c0d-5381-4235-b1cf-c83f359ee84a,Sports,Oceania,1,443.94,0.0,BankTransfer,2.0,4.3,443.94
92284,2024-06-26,a7ff332c-1224-4da9-a0be-2359b8e7ec0c,Beauty,Asia,4,243.86,0.05,,6.0,4.4,926.67
40471,2024-03-02,b53a72de-c7fc-4ea1-beed-1089e3e5ef84,Sports,North America,2,274.56,0.2,PayPal,7.0,3.9,439.3
95335,2023-10-22,9348df37-cbd5-4446-9b1a-4ec055f80f72,Beauty,Europe,2,489.66,0.05,BankTransfer,5.0,2.7,930.35
63391,2023-05-29,a1d64e5f-f48d-4096-952f-1a1dfd46195e,Fashion,Asia,3,29.58,0.0,Cash,,4.5,88.74
68128,2023-02-08,74b887df-d88a-45a2-aded-fd48a06950fc,Beauty,North America,1,350.11,0.0,PayPal,1.0,2.6,350.11
66825,2024-05-20,a98d60e9-ab21-4bf4-94ae-05df777edf4d,Home,Oceania,5,284.24,0.0,BankTransfer,3.0,2.1,1421.2
15885,2023-10-14,3b0305cd-d49d-4b27-9f99-ce04f625b970,Electronics,Africa,1,496.3,0.15,PayPal,5.0,5.0,421.86
55380,2024-12-08,3a9123c9-712c-4b84-afc7-788ec919b3c7,Automotive,South America,3,461.34,0.0,PayPal,9.0,2.2,1384.02
17285,2024-10-01,084ec551-b609-4146-a67a-a6887bca7185,Sports,Europe,4,6.39,0.0,BankTransfer,9.0,4.9,25.56
79955,2025-12-10,711942ce-cb34-475d-ba7d-0975c94c4e15,Beauty,Asia,1,433.63,0.05,BankTransfer,7.0,3.6,411.95
39522,2025-05-26,5650e485-9142-494e-b0fe-4912baed6139,Automotive,Oceania,3,301.05,0.0,BankTransfer,3.0,2.2,903.15
28127,2023-01-04,f0c3c3dc-a885-4f61-81f2-11d7153db7db,Toys,South America,1,289.04,0.0,Cash,8.0,4.2,289.04
77658,2023-06-22,a6e26cb1-2e10-4f9c-aba3-34af11450bae,Electronics,South America,4,206.29,0.0,BankTransfer,6.0,3.3,825.16
19109,2024-09-05,7a0816df-5878-4bdf-9f13-f5cc08c1b9dc,Automotive,Europe,1,274.51,0.0,BankTransfer,2.0,3.8,274.51
53738,2024-04-04,1871692c-6562-40f2-bd29-219bf0534a14,Home,North America,3,373.96,0.05,PayPal,9.0,2.5,1065.79
46154,2025-09-22,c563c681-f270-493d-a5af-35fad733766f,Electronics,Asia,3,290.98,0.0,PayPal,6.0,3.7,872.94
19171,2025-11-09,e0cac955-6324-4ac5-a94b-37bcb8c34677,Home,Oceania,2,436.86,0.0,Cash,9.0,4.5,873.72
10219,2024-08-01,fba86e1e-34a1-48ba-9c7f-bd64ac5d2bd1,Sports,Europe,2,142.41,0.05,CreditCard,4.0,2.2,270.58
86763,2025-02-06,8b67e858-5714-498c-b230-804c6680fee9,Toys,North America,1,38.86,0.0,CreditCard,7.0,3.8,38.86
51076,2024-08-01,0e3aa1ab-9186-4913-8487-7863394b9142,Sports,Asia,3,188.7,0.05,Cash,6.0,2.7,537.79
42620,2024-01-18,ca953e46-7ee6-49af-b928-1b752be73a3e,Automotive,Asia,5,495.66,0.05,PayPal,9.0,4.0,2354.39
96402,2023-12-02,1bac9257-f9ca-425a-9a1a-b0d9271c8856,Sports,South America,2,362.26,0.0,CreditCard,4.0,2.6,724.52
18653,2025-03-03,935d1c24-0246-4d11-97ab-d79712886be9,Home,South America,4,286.77,0.0,PayPal,6.0,4.7,1147.08
73941,2023-04-22,0c32f071-cc44-454c-8af7-b7c843b8953f,Home,Asia,2,299.25,0.0,CreditCard,4.0,4.3,598.5
96556,2024-11-08,cb8e00d5-280e-4eff-8ac5-a0fc982a0848,Home,Asia,2,408.402,0.1,BankTransfer,2.0,4.9,735.12
14763,2023-11-03,77fff0fe-9b70-49a0-a901-73cd9d157d1a,Electronics,Europe,6,151.434,0.05,PayPal,9.0,3.1,863.17
22978,2023-04-26,a0c94a61-f3b5-4c60-b14f-b75001b8ed45,Fashion,South America,5,464.19,0.0,BankTransfer,3.0,3.1,2320.95
21759,2023-07-21,042281ad-29fa-4e52-a497-3135632b0366,Home,North America,1,69.99,0.2,BankTransfer,3.0,2.6,55.99
39715,2024-04-28,ca8e8e6b-4316-4435-bdc5-5f44d9f0ade0,Electronics,Oceania,2,37.13,0.0,CreditCard,4.0,4.8,74.26
92767,2023-08-31,e182c3bb-088b-49e3-bcee-da34d72f89b3,Beauty,Oceania,4,192.61,0.05,,8.0,4.8,731.92
34353,2024-07-18,10ae82d6-1939-4502-af13-889381ba572b,Toys,Asia,4,424.33,0.0,CreditCard,6.0,3.5,1697.32
64571,2025-07-23,91d0f10c-beec-4573-8d6d-3176ee089381,Beauty,Africa,1,68.39,0.0,BankTransfer,6.0,3.1,68.39
23842,2024-07-17,e86bd846-b55e-4dd5-96c2-8ce66025a26e,Toys,Oceania,3,239.08,0.0,PayPal,2.0,4.3,717.24
96689,2024-09-21,6161846a-3902-40c8-970f-c035838f5ed0,Fashion,Oceania,5,286.49,0.0,CreditCard,3.0,3.8,1432.45
73206,2025-12-14,9bf595da-0608-4722-8fb8-d9a8f9a8fdd9,Toys,North America,2,255.66,0.0,Cash,3.0,4.6,511.32
32319,2024-11-18,3de699fd-7500-44ae-8989-4f0240190808,Toys,Oceania,2,190.467,0.0,CreditCard,2.0,2.8,380.93
37834,2025-03-26,c251ce26-0894-42cb-b6cc-28e5343d3d8a,Home,Asia,2,159.23,0.0,BankTransfer,6.0,2.6,318.46
36199,2023-09-20,2c66e038-f343-4589-913e-1b820cf0c982,Home,North America,5,373.48,0.05,BankTransfer,5.0,4.4,1774.03
2260,2025-08-09,2dbb45bd-2138-42e6-b013-a170d5cf3b4c,Electronics,Europe,2,246.84,0.0,BankTransfer,9.0,2.9,493.68
68357,2024-06-18,b8cbab80-5024-4521-b8c9-fbee8a3f29dd,Automotive,Africa,3,365.45,0.0,CreditCard,4.0,4.1,1096.35
71108,2023-12-30,a35de9cb-0a0b-4dcd-8cc2-6ad0aef20d14,Automotive,South America,4,474.72,0.1,CreditCard,7.0,2.5,1708.99
18988,2023-03-11,26abf251-b8f1-409a-8f3c-9adfe5592193,Home,Oceania,1,486.98,0.05,PayPal,6.0,4.2,462.63
77362,2024-07-23,150c5590-a22d-46b9-bb0c-a87eb0717eb5,Toys,South America,4,35.55,0.0,CreditCard,3.0,4.4,142.2
17837,2023-08-31,080486d4-edf1-41e1-87a0-a8f918166ea6,Fashion,Africa,5,476.37,0.0,Cash,4.0,4.9,2381.85
82328,2023-11-30,c92a3700-0578-47d5-88eb-cbca750f484c,Beauty,Oceania,5,91.791,0.0,BankTransfer,1.0,3.6,458.96
1055,2023-08-10,a175a9c3-d7b1-42a9-a332-a50e6992896e,Toys,Europe,5,403.53,0.0,CreditCard,5.0,2.1,2017.65
15923,2023-06-26,2da3dab1-97b7-43a8-8dd4-1b5ecd9101e6,Electronics,Asia,2,73.5,0.0,CreditCard,1.0,4.4,147.0
92671,2024-11-26,6f43241b-8258-4124-bad5-a23833584bed,Electronics,North America,2,220.176,0.0,CreditCard,1.0,2.1,440.35
86992,2025-04-30,066d7a74-a4ee-4dc1-b32e-3c1661af716b,Beauty,Africa,1,178.0,0.0,BankTransfer,3.0,3.0,178.0
503,2023-06-16,46a02a9b-65ec-4acd-8f80-35f55bd20c98,Automotive,Europe,1,249.86,0.1,CreditCard,1.0,3.9,224.87
89645,2024-02-02,b927efea-015a-4944-8dfb-e47f1ca216a2,Fashion,Africa,2,482.86,0.05,BankTransfer,6.0,4.6,917.43
69374,2023-07-07,96891208-bc95-4c72-a3a9-da1d069abf2e,Sports,Africa,2,51.42,0.0,CreditCard,5.0,4.4,102.84
27596,2025-06-07,ec47409f-e3e8-40fa-a190-06c000f036b0,Beauty,Europe,2,454.77,0.0,PayPal,7.0,2.9,909.54
34626,2024-06-13,66c62f4b-d991-452a-9c10-cd4db4405a30,Fashion,Oceania,1,48.48,0.05,Cash,9.0,4.3,46.06
32867,2023-08-16,a9545955-2383-46cf-acf8-c47dccd2eb04,,North America,2,258.5,0.1,Cash,8.0,2.9,465.3
32771,2024-06-26,040bb5f4-2d37-452e-9227-66ecd16d299c,Fashion,South America,2,451.49,0.0,PayPal,9.0,3.2,902.98
37819,2023-02-19,a97d3c12-b00b-4505-9453-6b6c6d4ca628,Fashion,Europe,2,487.8,0.0,PayPal,2.0,3.3,975.6
90215,2023-06-14,af3c9f45-0467-4fa2-b321-112374f80476,Automotive,South America,3,356.18,0.0,Cash,4.0,4.2,1068.54
52988,2025-03-26,bec12dae-41c1-4751-8520-d557d5a0bb99,Sports,South America,4,432.15,0.15,Cash,1.0,3.0,1469.31
23884,2023-10-12,d2b71eea-8ef8-4afb-8dde-1089e1203fda,Automotive,Africa,3,362.15,0.05,BankTransfer,9.0,3.8,1032.13
95435,2023-04-06,d7a30642-6efd-4026-91c0-11ba4d159927,Fashion,South America,1,31.83,0.15,BankTransfer,8.0,4.6,27.06
40421,2024-07-27,48bd10a2-4440-467b-917b-0bcda03c81d9,Toys,South America,4,467.16,0.0,BankTransfer,5.0,2.3,1868.64
59727,2024-04-12,742ccfe1-88ba-403d-bff3-94a3b508b618,Toys,South America,4,229.97,0.0,CreditCard,3.0,4.9,919.88
68521,2024-02-11,abb17f97-fac3-4483-b2dd-8e86e40e845e,Sports,Asia,4,395.35,0.0,Cash,1.0,2.3,1581.4
88204,2025-08-06,a3738c8b-0f51-49a2-b6c8-202caa67f9b2,Home,Oceania,4,443.81,0.1,BankTransfer,8.0,3.8,1597.72
57323,2023-03-30,9d57ec88-d024-408e-9cf6-42adcd24021c,Toys,Europe,1,288.85,0.0,Cash,2.0,4.2,288.85
97140,2024-08-17,7a7fa649-2a47-4c13-882a-31791b3b1e61,Electronics,Oceania,1,219.54,0.05,PayPal,6.0,4.4,208.56
9544,2023-10-13,623d45f4-c1ef-4252-9b0c-6cadc9f12b09,Sports,Oceania,2,333.0,0.0,PayPal,9.0,2.8,666.0
13465,2025-02-11,b6c02711-f941-4aad-b10f-71f57de14528,Automotive,Europe,3,429.43,0.05,Cash,4.0,2.2,1223.88
19426,2023-11-28,2650b72f-6043-4b9f-9510-c1efe415626d,Automotive,Europe,4,101.457,0.0,BankTransfer,7.0,3.5,405.83
38854,2025-03-10,4d926ca6-a4db-4fed-a664-3dc801eb82f1,Fashion,Oceania,5,296.92,0.1,PayPal,4.0,5.0,1336.14
99864,2024-12-15,de4a4162-38a3-4774-9bd7-50e7ce55a3c7,Fashion,Europe,1,41.02,0.05,BankTransfer,8.0,4.2,38.97
24711,2024-10-10,2c554bf4-0ce4-4d06-a427-480070651d67,Beauty,North America,4,68.09,0.2,Cash,9.0,4.3,217.89
60468,2025-11-14,393fee64-7968-4391-889b-058b07336e4e,Beauty,Europe,4,39.051,0.15,BankTransfer,2.0,2.0,132.77
1385,2024-11-07,69be173a-850e-40ad-9872-f72ee5b4a1ae,Beauty,Europe,4,8.262,,CreditCard,8.0,4.7,29.74
4700,2025-03-20,65f76d06-5a2d-465b-87ce-baaaf713c245,Fashion,South America,2,286.11,0.0,Cash,7.0,4.6,572.22
45450,2024-05-27,56e5a4d9-4533-4452-9660-f31f5187938d,Electronics,South America,5,111.94,0.15,BankTransfer,3.0,4.7,475.74
65203,2023-12-28,0f953c6a-edab-48b8-84f6-684bc3121a5c,Sports,Asia,4,218.16,0.0,BankTransfer,6.0,3.3,872.64
60091,2023-08-16,bfbf7b8e-4686-4e8c-9eeb-3d24cab337d9,Sports,Asia,2,477.09,0.0,Cash,3.0,2.9,954.18
31471,2024-02-15,97071445-e4ca-40f5-8e81-cbbd15e4486f,Beauty,Oceania,2,256.65,0.0,PayPal,4.0,2.8,513.3
69020,2023-03-31,a77da148-da05-4220-9eee-2c9f9970007f,Beauty,Asia,2,205.22,0.2,PayPal,4.0,4.6,328.35
51759,2023-01-27,6a7de66f-4bcc-4d1f-8af3-a22632d19bd7,Electronics,Oceania,4,23.57,0.05,PayPal,4.0,2.1,89.57
59099,2023-02-16,4e140a7a-1bb2-4342-923c-f22b7d2089a5,Sports,Oceania,2,171.23,0.05,PayPal,8.0,4.6,325.34
78633,2025-02-05,2b8bd602-1924-46e7-bc55-7f3fcbcd6f84,Fashion,Europe,2,207.19,0.05,PayPal,4.0,4.9,393.66
31734,2023-11-19,668b1d14-320f-4e32-842f-b7eb485deadc,Electronics,South America,5,302.913,0.05,PayPal,8.0,4.6,1438.84
5983,2025-12-03,1aedbcfd-a357-44ea-8e80-c78a6bf2d5d9,Home,North America,4,272.51,0.1,CreditCard,9.0,4.7,981.04
7332,2023-01-13,9a2363fe-6901-488c-bd8a-3090353a044d,Sports,South America,1,487.16,0.0,BankTransfer,2.0,2.1,487.16
78675,2023-12-25,c3f6a393-bcc9-48a7-b894-80737e488ba7,Home,Africa,5,479.93,0.1,Cash,1.0,2.1,2159.68
4081,2023-03-01,bf3f51d5-2557-482c-888c-6ea499f9a338,Home,Europe,2,118.0,0.0,Cash,6.0,2.0,236.0
48601,2025-01-13,818cd0e5-099b-452a-9b9d-e53cfaf98769,Fashion,North America,1,,0.0,PayPal,5.0,2.9,405.6
68955,2023-04-08,fd62d44b-d958-4a62-b4bb-7921901cf5ca,Automotive,Oceania,4,79.11,0.0,PayPal,2.0,3.0,316.44
13548,2025-08-19,7321bdcb-eff6-441c-be3d-9753db9c26cb,Automotive,South America,3,263.76,0.0,CreditCard,8.0,3.1,791.28
7117,2024-02-25,b67af865-cfc3-445b-9464-cda8dbf7fa26,Automotive,South America,3,248.27,0.1,BankTransfer,8.0,4.2,670.33
72131,2025-01-19,57a24496-472b-47c2-9403-2a3b40bdcd9f,Toys,Oceania,2,401.28,0.0,PayPal,6.0,2.6,802.56
11135,2025-12-08,b21d1924-bd2a-4b9f-bb30-e92a60c2ad65,Sports,Europe,5,73.36,0.0,PayPal,3.0,4.0,366.8
57993,2025-07-30,eb0407b7-7dcb-4d3f-8959-cea1b792c9cb,Electronics,Europe,3,192.28,0.05,CreditCard,9.0,3.0,548.0
62438,2023-10-15,8112bf5e-c340-410c-8d08-2dc8fab70227,Sports,South America,2,451.36,0.0,PayPal,7.0,2.4,902.72
26595,2023-03-09,f5282b37-8c97-4c5c-9309-cd561ad9ee47,Beauty,Europe,1,313.8,0.2,BankTransfer,8.0,4.0,251.04
20442,2023-06-01,2415a4d5-5564-4396-aef8-6c0252847edd,Toys,Africa,2,99.52,0.05,CreditCard,6.0,4.1,189.09
65948,2023-09-11,fe9b780c-a9ed-4ac2-b3bf-9f7f9569c9cd,Sports,Asia,1,400.53,0.15,CreditCard,6.0,4.3,340.45
96591,2025-03-02,917f8d49-2ecc-4233-8c65-c06892c3c2f1,Sports,North America,4,487.76,0.1,Cash,,4.1,1755.94
43538,2025-08-29,f71e8e41-8075-40cb-9a83-362f9e9f9a73,Beauty,South America,5,167.59,0.0,CreditCard,3.0,4.4,837.95
20267,2023-10-30,2a879ac0-7670-4b08-877e-781c78f756d1,Automotive,Asia,1,461.31,0.15,BankTransfer,3.0,3.1,392.11
64013,2024-11-05,06ee9b2b-88a0-4769-b58b-f6823ead5bf5,Toys,South America,4,240.093,0.0,Cash,5.0,3.9,960.37
2169,2023-06-24,bfb8abb9-a18c-4492-b4e0-079a98fb4727,Toys,North America,1,358.77,0.05,BankTransfer,7.0,4.2,340.83
59866,2024-08-10,eb2387b3-6606-4857-bd85-1d4010d7115a,Beauty,Asia,4,444.55,0.05,CreditCard,7.0,4.3,1689.29
27877,2024-08-30,16d2bd10-3b30-44c9-87c9-d16789c5040f,Sports,Africa,4,14.09,0.0,PayPal,1.0,4.4,56.36
89079,2025-01-20,e03f589d-aeca-404c-a840-4cd4a18b6413,Sports,Africa,1,347.71,0.0,PayPal,5.0,2.2,347.71
95367,2025-04-22,2807ac79-f989-446c-a288-abb725c33b5a,Home,Europe,3,154.23,0.05,BankTransfer,1.0,4.4,439.56
91412,2023-05-09,995a0113-c00f-4792-b352-201a30c9be41,Toys,Africa,3,436.86,0.0,PayPal,7.0,4.3,1310.58
29223,2025-04-03,3e4ba347-64a6-4efa-a9f0-0431366c817b,Sports,Oceania,4,301.59,0.0,Cash,4.0,4.5,1206.36
76824,2023-12-12,7777eeac-606a-491e-a49d-b1ededad3695,Sports,Africa,3,265.89,0.2,CreditCard,1.0,3.0,638.14
29338,2024-02-03,7583bd18-48ee-4460-8b40-11c11c5e230f,Sports,South America,5,323.19,0.05,CreditCard,9.0,2.5,1535.15
90330,2023-04-22,23f54caf-3460-4c32-b6a4-1281c0256394,Sports,Oceania,5,324.16,0.0,PayPal,8.0,3.8,1620.8
805,2023-09-28,f2d3f761-0ba3-4279-94cb-056407437c3b,Automotive,South America,1,203.15,0.05,Cash,4.0,3.9,192.99
39886,2025-03-23,21d555d0-27c0-4780-aa67-946d7d6b57af,Automotive,Africa,1,53.16,0.0,CreditCard,5.0,5.0,53.16
42561,2025-06-13,2db5b1f4-0321-4c70-b28b-d13c494c8758,Fashion,North America,3,468.19,0.1,CreditCard,4.0,4.7,1264.11
78784,2024-07-21,7c7ab696-65c3-4971-bcb1-805d1bf834f0,Electronics,Asia,1,370.33,0.2,CreditCard,1.0,3.1,296.26
30513,2023-03-19,b7eeb5fa-588e-4a83-bdc2-b1d624cf8e36,Home,Europe,3,75.27,0.2,Cash,3.0,3.2,180.65
80442,2024-02-07,0ddfe216-9c19-43c6-9c01-c20e9fd839c6,Electronics,Oceania,2,32.08,0.0,BankTransfer,4.0,2.7,64.16
37144,2024-03-16,ddb2277b-fec4-4348-828f-daa80897bae9,Electronics,Asia,3,494.37,0.05,BankTransfer,4.0,4.5,1408.95
21593,2023-02-11,823e8c38-0f27-468f-9877-00c0920495bd,Electronics,Asia,5,131.87,0.0,BankTransfer,7.0,3.3,659.35
9203,2024-05-05,df40ae0a-e1cb-4d85-b4f1-7153e3b89773,Sports,Europe,4,154.38,0.0,CreditCard,2.0,3.3,617.52
76452,2025-07-26,8353d33c-fe02-43cb-96d3-3f6c5ea80623,Electronics,Asia,3,305.48,0.0,PayPal,1.0,2.9,916.44
54011,2023-06-16,bf8ea596-98a7-4d12-bd8b-0acb508f8aa3,Fashion,Africa,2,263.27,0.0,BankTransfer,3.0,2.6,526.54
66861,2024-05-04,c5128bbd-8599-4b12-a2fc-717c6fe69da7,Automotive,North America,5,18.43,0.15,PayPal,9.0,2.4,78.33
81149,2023-10-12,ff7d68c9-0fc6-4d9c-bdc9-2a2295a99a4c,Sports,Oceania,4,316.46,0.1,CreditCard,1.0,2.8,1139.26
49499,2025-12-03,5e8347df-d5ac-492c-b1f6-99bae79d3568,Beauty,Asia,2,130.32,0.0,PayPal,3.0,2.2,260.64
2874,2024-06-15,b432ece9-76dc-46b5-a076-aed65ed3e00e,Toys,North America,3,168.44,0.0,PayPal,5.0,2.6,505.32
52217,2025-08-25,a45c587f-7b2d-4571-b407-429adc51425f,Sports,South America,4,481.39,0.05,BankTransfer,1.0,2.3,1829.28
75293,2025-06-02,ffa8dce6-ae3a-4adb-863b-5ad5373b7275,Sports,Europe,3,136.47,0.0,PayPal,4.0,4.9,409.41
66694,2023-05-13,55d8ebbc-56f0-4c4b-99e7-7b40234e77f9,Automotive,North America,3,350.87,0.0,BankTransfer,6.0,3.1,1052.61
37980,2023-01-28,40367b57-8412-4b3b-8961-d047a67368cd,Home,Asia,2,41.07,0.0,Cash,5.0,4.8,82.14
135,2024-05-25,aaf91531-0200-41f0-8768-a84fa76afde6,Electronics,Africa,5,73.94,0.0,CreditCard,7.0,3.7,369.7
27820,2024-04-27,b3e771d3-23d0-41a1-bfa3-30ffebd66712,Sports,Oceania,5,165.42,0.2,BankTransfer,5.0,3.7,661.68
79185,2024-12-05,59e647c3-44d0-434a-b05d-2c97e5b72d22,Automotive,Oceania,1,55.65,0.1,PayPal,5.0,3.7,50.08
19321,2025-06-17,fbde7e54-6280-4750-b3b9-95989a4d027c,Home,Europe,5,472.38,0.1,BankTransfer,2.0,2.3,2125.71
51421,2024-11-29,52cb4029-9bfa-4397-853e-1ddac6ba6896,Beauty,Asia,4,167.049,0.05,CreditCard,1.0,4.6,634.79
84149,2023-06-22,3c25d863-9859-4f87-9daa-f4b952336f21,Sports,Oceania,2,166.36,0.1,Cash,5.0,4.6,299.45
8543,2024-07-10,558c7208-283c-47ec-98b4-f757d91ade99,Automotive,South America,3,90.89,0.0,BankTransfer,2.0,2.5,272.67
5604,2023-10-24,4764a956-9968-4a3c-a684-79846b0dd81d,Fashion,Europe,2,439.14,0.05,CreditCard,7.0,2.1,834.37
54807,2023-08-04,9dfecd3b-eb2c-4685-84d6-cb987d2bbc60,Toys,Europe,4,6.03,0.15,PayPal,9.0,2.7,20.5
35704,2023-07-01,40504668-c7e7-415c-85f8-79c1c44768e5,Home,North America,4,250.08,0.0,BankTransfer,5.0,3.2,1000.32
23210,2024-05-10,39f31f6c-f1b6-4d8d-aa41-3b76f826d7d2,Fashion,South America,4,412.56,0.05,PayPal,1.0,3.2,1567.73
86623,2025-07-28,9aa1f218-c112-42dc-80a0-f320879ac141,Home,North America,5,74.78,0.0,PayPal,5.0,3.5,373.9
87467,2025-11-10,704ea49a-ad30-4a09-88be-b2594e072960,Home,Oceania,4,199.8,0.0,PayPal,9.0,4.0,799.2
48273,2025-09-24,9c542018-c1df-4bcb-8f1b-03a52f20a3ac,Home,Asia,2,154.62,0.0,BankTransfer,3.0,3.7,309.24
11754,2023-11-09,b17bb800-20d6-497c-91ac-914923e4b52d,Automotive,South America,3,223.668,0.05,CreditCard,5.0,3.6,637.45
71535,2023-06-06,a8a00531-b036-4c89-bcb0-a7470e282d23,Home,Africa,1,48.3,0.05,BankTransfer,6.0,4.4,45.88
95134,2024-02-03,03b75c77-a4f1-41c0-94e6-30e8ecc5a85e,Automotive,Africa,5,463.53,0.0,BankTransfer,4.0,2.8,2317.65
77145,2024-01-21,006c386b-a1a1-44d8-8402-483c95f14a8a,Sports,South America,1,464.22,0.2,PayPal,3.0,2.6,371.38
26555,2023-10-06,4036d3f7-4dbf-4a86-9b18-0366c500c091,Toys,Asia,3,124.49,0.05,BankTransfer,2.0,3.8,354.8
48390,2025-06-27,de937957-b641-4131-8e58-a09ccb4c5158,Automotive,North America,3,491.55,0.0,Cash,7.0,4.2,1474.65
42578,2023-08-12,849e81ad-7721-44e1-a5b3-3cceb8dd1699,Toys,Africa,1,31.98,0.0,BankTransfer,2.0,2.9,31.98
14793,2025-08-04,590dc4bf-9019-4c4a-8e6b-bcf73378d6c4,Sports,South America,2,64.96,0.0,BankTransfer,5.0,4.3,129.92
99624,2024-04-28,36f99fd4-993e-4907-9166-5c94889765b8,Fashion,Asia,2,424.18,0.05,Cash,7.0,4.1,805.94
21809,2025-06-24,f8134e00-05f6-4fde-9f10-c67f55350761,Fashion,South America,1,101.33,0.0,PayPal,4.0,2.7,101.33
343,2023-07-10,b07aa066-7354-45ea-a894-9b8d00af5b3a,Electronics,Europe,2,245.87,0.05,Cash,3.0,3.5,467.15
53481,2025-07-03,77656969-40a9-407d-8df6-cfdfafdf6f60,Beauty,Europe,3,411.64,0.1,CreditCard,8.0,3.2,1111.43
11726,2023-08-10,7b62e628-b34d-4ab6-86da-d79be7c9b4b3,Fashion,South America,2,317.89,0.0,PayPal,9.0,3.1,635.78
95337,2025-08-19,c3ca7c8c-a7bf-4ec6-8d43-6e09aebd0fbb,Automotive,North America,5,118.58,0.1,CreditCard,7.0,2.5,533.61
73551,2024-12-15,31501505-3bc1-47bc-b5e6-a351c724945f,Beauty,Asia,5,266.96,0.15,PayPal,9.0,4.5,1134.58
79515,2025-11-16,2a075ef6-ce9c-42d7-b650-3688f0ffa78e,Electronics,Europe,3,228.996,0.1,PayPal,5.0,3.6,618.29
65676,2023-04-28,dc5eaeb1-9c82-4ad7-a440-a52a00ad9f4e,Sports,North America,5,367.32,0.0,Cash,3.0,3.2,1836.6
61254,2025-05-04,a680299d-8f02-4e9b-994f-67af94d38feb,Electronics,South America,2,242.46,0.05,CreditCard,5.0,4.3,460.67
15778,2025-04-08,0973834e-2638-49df-aad0-267ed1437323,Electronics,Africa,3,458.86,0.1,BankTransfer,6.0,2.3,1238.92
51538,2025-07-21,ec6efc34-e8a6-42aa-8779-b08a9997fc63,Home,Oceania,5,95.34,0.05,CreditCard,4.0,2.9,452.86
41587,2025-05-11,38437ce9-c160-4ca8-ae61-9b11e02c0f28,Toys,North America,2,266.01,0.0,PayPal,3.0,4.5,532.02
86978,2023-07-30,3ee91cc5-1734-4c96-ac4a-c8b36d3df0d4,Fashion,Asia,1,391.48,0.0,BankTransfer,3.0,3.7,391.48
81365,2024-01-14,6635f9bc-e7fe-425b-ba33-4745f7c80b90,Toys,Africa,1,51.31,0.0,BankTransfer,9.0,2.0,51.31
10850,2025-04-30,cf2df4a6-c972-4c70-8561-88e7566b8b3a,Toys,North America,3,399.49,0.0,Cash,7.0,3.3,1198.47
3000,2023-06-03,5c75352c-45cd-496b-8d8a-16f329ce9bfa,Beauty,Europe,1,481.32,0.05,Cash,9.0,4.8,457.25
84349,2023-02-06,29a7577d-c177-4c26-95bb-ad630826b159,Home,Europe,3,305.07,0.0,Cash,6.0,3.4,915.21
87136,2023-12-17,18498b6a-df80-47e6-b2cc-3c2797d64c16,Fashion,South America,1,272.74,0.0,PayPal,7.0,3.8,272.74
44834,2025-03-27,e2ee9666-4b79-40c2-955e-d53e76f6f68a,Toys,South America,5,240.43,0.0,Cash,3.0,2.7,1202.15
22930,2024-02-09,1d4adfa1-f814-494c-a276-9aa05b715f52,Fashion,Oceania,4,247.77,0.0,Cash,5.0,4.7,991.08
57083,2024-04-16,0ed4f4ff-2215-46f5-b4ae-db9480da5399,Home,Oceania,4,274.5,0.0,Cash,8.0,4.0,1098.0
8937,2025-10-11,4acafd79-ec60-4353-b12d-2edce6b03b0d,Home,Africa,3,12.18,0.0,PayPal,7.0,3.3,36.54
29932,2023-02-02,7bd63c59-d7ea-4d5d-9899-4a8bad5d5c2a,Sports,Africa,5,354.83,0.0,Cash,2.0,4.7,1774.15
8192,2023-03-27,4f848c31-7954-4f2d-a819-d4b9b1a6aed3,Sports,North America,1,302.48,0.0,BankTransfer,6.0,2.0,302.48
674,2024-11-09,70cafdd8-fc04-4f08-9207-0158f2771f63,Automotive,South America,6,101.736,0.05,CreditCard,1.0,2.4,579.9
48783,2024-08-19,90cf2b3f-2210-4407-b7eb-980571b22f24,Sports,Asia,4,60.41,0.05,CreditCard,8.0,4.4,229.56
46463,2023-06-12,d40b8464-92c3-47b3-b663-4fd8dfa8620e,Fashion,Oceania,4,51.37,0.2,Cash,1.0,2.3,164.38
2484,2025-07-07,f75efed8-2d6b-4953-8fea-d84ec98cfd48,Home,Africa,4,351.58,0.0,PayPal,2.0,4.0,1406.32
67047,2024-12-28,94cf76c2-f8b7-4f95-a614-e174f1d5f01d,Sports,South America,2,447.94,0.05,Cash,8.0,2.2,851.09
18476,2024-09-24,5523114e-0404-44c3-bcd3-788c62c483ed,Electronics,South America,3,356.37,0.0,BankTransfer,6.0,2.6,1069.11
71192,2025-12-04,9ccc7889-f0dd-4db0-bff9-392481507e33,Sports,Asia,5,296.43,0.0,CreditCard,6.0,4.2,1482.15
74111,2023-03-08,9fbb74f9-654a-44f9-bdba-ab321fba722b,,Oceania,3,112.19,0.05,BankTransfer,1.0,2.1,319.74
94380,2024-08-27,4f77f353-ce09-4cb2-b4b9-4e84cac2167e,Electronics,Oceania,4,472.96,0.1,Cash,1.0,3.4,1702.66
56603,2025-06-11,53197dab-b026-4d90-a301-5c63d7acef68,Automotive,Europe,5,144.8,0.05,CreditCard,6.0,4.8,687.8
81512,2023-03-28,0a8ba317-1c4c-4e10-8c3a-7a07c2cffeb7,Electronics,Africa,1,317.57,0.15,PayPal,1.0,3.8,269.93
81263,2023-11-06,6650562d-f6bc-4d08-89d1-9bbd8c596260,Toys,Africa,2,154.8,0.0,CreditCard,4.0,3.0,309.6
60034,2023-11-02,7db14dc0-ae1e-4946-a6cd-1e1620d19426,Electronics,Asia,3,327.159,0.15,BankTransfer,1.0,4.1,834.26
90919,2024-10-02,6b71ff09-b08d-44c9-a1a8-34b93ceee14e,Home,Asia,3,47.67,0.1,PayPal,4.0,2.7,128.71
48642,2023-03-28,0f65a0b5-80f2-4e10-8ab5-34ca8c8a9e48,Electronics,Oceania,3,495.38,0.15,BankTransfer,2.0,2.2,1263.22
82817,2025-07-12,0a2aa248-22db-40b5-b680-70be20b00f7c,Beauty,Europe,1,415.58,0.0,PayPal,4.0,2.2,415.58
69037,2023-05-01,eb68e020-1924-4a3c-9264-2dcdd8614b58,Home,Europe,2,255.37,0.1,Cash,9.0,4.7,459.67
47979,2023-09-08,54b0bec1-a6f7-4e85-8dcb-c2347a76bb26,Toys,Oceania,3,335.59,0.0,CreditCard,5.0,3.3,1006.77
79818,2024-07-11,0d4ae279-93e6-452f-b59a-183a3662dd98,Automotive,Asia,2,214.58,0.1,CreditCard,4.0,4.0,386.24
73422,2025-05-03,6c581685-ed92-48e2-a3a8-fe3ffb39f103,Home,Oceania,3,422.45,0.15,PayPal,3.0,3.5,1077.25
51203,2024-01-20,dab7ec06-7c00-454f-89a5-6ba74a9877e1,Sports,South America,2,404.53,0.0,Cash,2.0,4.1,809.06
56840,2024-02-24,eea6c6c7-a54d-4e8e-bd5a-7ee32c6765df,Automotive,South America,3,396.8,0.05,PayPal,5.0,2.2,1130.88
51699,2023-06-29,6a4df5dd-6ff9-4246-b8fc-5f403c088b2d,Electronics,Asia,2,200.25,0.05,BankTransfer,9.0,2.3,380.48
18735,2025-01-23,86010a70-e25f-4611-9d79-0f80b5875e15,Fashion,North America,4,98.59,0.2,CreditCard,7.0,4.8,315.49
48253,2024-01-20,da49ac02-b39e-4f6f-95ad-90f0182e4fe0,Sports,Asia,4,443.43,0.1,BankTransfer,3.0,2.3,1596.35
42644,2025-11-19,a7c99bc3-8240-4ba4-8c80-a0bce774f7b6,Sports,Asia,3,268.83,0.0,BankTransfer,8.0,2.9,806.49
58747,2025-06-06,d6e00eb9-5ea8-4892-a8c9-cf595ef3943e,Electronics,Oceania,3,230.14,0.0,CreditCard,7.0,4.7,690.42
29415,2024-09-26,a1713120-85bf-471f-a2d5-da5de59cb2c0,Beauty,Oceania,1,431.88,0.0,Cash,7.0,4.9,431.88
76542,2024-07-14,85f75a40-a7f5-40d0-bc7a-ff62ea61438d,Automotive,North America,5,45.52,0.2,BankTransfer,1.0,3.7,182.08
83540,2024-11-26,459db719-919b-4387-8a69-e9eef95bd40e,Electronics,Oceania,5,256.635,0.05,Cash,3.0,3.0,1219.02
22893,2023-06-30,39fa9c25-7b17-4af2-b7c9-d8fcd9a3959d,Fashion,Europe,5,269.92,0.05,BankTransfer,6.0,4.0,1282.12
97672,2023-01-02,3408f5fe-bdd2-4677-aedb-50638a56dd0f,Sports,North America,4,245.4,0.1,Cash,2.0,2.3,883.44
61258,2024-01-01,d04bab10-320a-4342-bfda-02b7382d0fd1,Automotive,South America,5,18.16,0.0,PayPal,7.0,4.5,90.8
12529,2023-09-24,82befc49-17cf-46e2-ac5e-7dae6cd01753,Beauty,South America,2,320.52,0.0,Cash,7.0,2.9,641.04
28487,2025-02-03,6dacfc29-5e5a-45ff-9c4d-76da765ec39b,Automotive,Europe,3,225.08,0.1,Cash,3.0,2.8,607.72
39925,2023-01-20,8976ec8a-fbe1-448c-b431-4c09db0e4342,Automotive,Africa,1,303.96,0.05,PayPal,4.0,4.0,288.76
53675,2024-09-12,cabd761f-deac-445e-8c09-837c053e9f6d,Sports,South America,3,352.04,0.15,BankTransfer,8.0,3.8,897.7
84112,2023-05-15,b9be511f-2715-48b1-9ea0-42e2ba18a02a,Sports,North America,4,426.14,0.0,PayPal,6.0,3.6,1704.56
57356,2023-03-29,ada40ac0-a4b1-44e4-bb75-cf7fb09fb603,Fashion,Europe,4,213.91,0.05,PayPal,6.0,2.6,812.86
38115,2025-05-09,d7cb2a2e-180c-442f-9454-322fe654b0e2,Home,South America,1,428.5,0.05,PayPal,1.0,2.1,407.08
4685,2023-09-03,32a807cc-2c47-4336-8006-1add316c00bc,Beauty,Asia,3,499.82,0.1,Cash,4.0,4.7,1349.51
43583,2024-01-12,5bad287f-59bb-4917-a2d6-2c8b95e27771,Automotive,North America,4,256.31,0.05,CreditCard,3.0,2.3,973.98
94481,2025-12-01,16d242df-77b6-4644-bb77-410b9c7460e4,Automotive,Europe,4,126.09,0.0,PayPal,9.0,4.0,504.36
90425,2025-08-10,6d5f62d9-c80c-42d5-a954-08ae8dc62423,Beauty,Asia,4,33.82,0.0,PayPal,5.0,4.4,135.28
11127,2023-01-19,4565e77f-f7f2-4d96-8823-bd8aefd18b7b,Beauty,Asia,3,178.89,0.05,BankTransfer,2.0,4.7,509.84
1197,2025-07-11,503b4078-a39c-4ec6-b746-4c02871854c1,Home,South America,2,390.28,0.1,BankTransfer,1.0,3.7,702.5
13695,2024-09-02,b68848ea-1156-45d0-aa9a-d6c593d0d346,Beauty,North America,2,49.99,0.15,BankTransfer,9.0,4.3,84.98
50601,2025-05-07,b6a26dd3-e7d2-4025-a3ac-73ad30eed426,Electronics,North America,3,136.73,0.0,BankTransfer,5.0,4.7,410.19
94029,2024-06-26,1dbde489-67de-45bc-904a-7079fa80a15f,Home,Africa,5,237.2,0.0,PayPal,7.0,2.7,1186.0
5331,2025-06-10,5f0a74fb-b6e7-4214-b3b5-f7d79d2f1794,Sports,Asia,2,262.56,0.15,CreditCard,9.0,3.3,446.35
95028,2024-08-02,ef9f7c79-9b37-40ab-9b58-2e9ec8ab2ea8,Electronics,Africa,2,197.86,0.0,Cash,7.0,4.6,395.72
55991,2023-03-05,b76b81ce-5b1d-40a6-91de-7f1e09838f18,Automotive,Asia,2,175.67,0.05,Cash,5.0,4.4,333.77
15751,2025-10-31,1f0c4661-109a-4450-b59e-f621d1af623f,Automotive,Asia,4,102.9,0.0,,5.0,3.8,411.6
47594,2024-12-28,f1164f45-97e2-4dce-8710-9bd2e373712e,Electronics,North America,1,281.09,0.0,Cash,5.0,2.3,281.09
67454,2024-06-02,1557a928-9fae-4c7f-b361-ea13f3adc176,Beauty,North America,1,10.3,0.05,PayPal,8.0,3.9,9.78
48215,2023-11-25,cc5fcfb8-9fc6-4092-b91c-187a3179ab12,Sports,North America,6,417.915,0.0,PayPal,3.0,3.5,2507.49
33635,2024-10-23,2ff9a249-c0bd-4806-b60a-4df4e3401a76,,Africa,3,469.7,0.1,CreditCard,3.0,4.4,1268.19
60901,2024-05-03,5f2dc50c-ece4-46a6-8238-6c4495a2392d,Toys,Oceania,2,355.37,0.05,BankTransfer,3.0,2.9,675.2
86921,2023-03-10,ddf7c3e8-32c7-4e9f-bbe2-588bf748934a,Automotive,Africa,4,472.36,0.15,CreditCard,2.0,3.8,1606.02
36722,2023-04-01,05c3c7db-393e-48c0-bfc2-be8ad79efc66,Beauty,North America,4,322.76,0.0,CreditCard,3.0,3.3,1291.04
1863,2025-05-18,06531d47-4867-4b30-b956-77318a4cfe1f,Automotive,Oceania,1,474.68,0.15,Cash,2.0,3.3,403.48
55956,2023-09-03,56fae2de-8a69-413c-bf49-76fbc9f4394f,Beauty,Oceania,4,304.8,0.2,BankTransfer,9.0,4.6,975.36
48467,2025-10-29,1178b8f9-f165-41a4-b171-71aadf2990a4,Toys,Oceania,1,343.28,0.0,BankTransfer,5.0,5.0,343.28
92594,2024-09-21,55088818-a027-4a20-bae0-6f30dfd2a536,Automotive,North America,3,135.56,0.05,PayPal,2.0,3.8,386.35
37754,2024-12-18,0e0ec958-9ba3-448c-9018-11cb4544d03e,Electronics,South America,5,147.84,0.1,Cash,4.0,5.0,665.28
14407,2023-11-23,99cfc5aa-36de-4ce6-b3be-b3611193874e,Beauty,Africa,2,262.56600000000003,0.0,CreditCard,9.0,3.3,525.13
34994,2025-11-25,7fb350e7-96d6-4fcf-9b67-8a3b40d852f5,Electronics,South America,5,24.912,0.0,PayPal,7.0,3.3,124.56
30358,2025-01-10,68b40bc2-68c9-41ec-854e-9f38c002c580,Beauty,Oceania,4,486.93,0.0,Cash,8.0,4.2,1947.72
50924,2025-09-22,6bf5e27d-84c6-4b58-a1f5-ddb3901940da,Home,South America,2,155.13,0.0,PayPal,4.0,4.9,310.26
15515,2024-09-01,81951a47-fbbb-4051-8484-ed40e2236d87,Automotive,South America,3,44.74,0.0,PayPal,4.0,2.2,134.22
85485,2025-08-16,4ee9b1a0-999d-4209-87c3-0e920b3dde04,Automotive,Oceania,4,432.6,0.05,BankTransfer,1.0,2.7,1643.88
38182,2023-10-30,bae0dd1d-965e-44b5-a10d-612f8d47cba8,Home,Oceania,2,361.85,0.1,CreditCard,7.0,4.5,651.33
2183,2025-06-24,e1d55f85-6967-4586-b046-30085fa72012,Toys,Africa,4,391.95,0.1,BankTransfer,4.0,3.1,1411.02
28239,2024-08-08,7abf1053-e287-4082-8a1b-80b92fd61145,,Oceania,4,226.25,0.0,CreditCard,8.0,3.3,905.0
47890,2025-07-25,bbb6f405-8d11-4a34-acd0-9dfbabbdfc6d,Electronics,North America,2,35.87,0.0,PayPal,3.0,3.0,71.74
83772,2023-01-01,c2466df2-a6aa-438a-bed9-2bb4f665b584,Home,Asia,2,439.98,0.0,CreditCard,6.0,4.0,879.96
8519,2023-06-07,9d09cf19-a079-465a-8cc5-b7058af263bd,Fashion,South America,4,342.01,0.0,BankTransfer,5.0,3.1,1368.04
19758,2023-12-08,3a0616db-0f76-4580-963d-8b82fba30867,Fashion,Oceania,2,380.01,0.0,BankTransfer,2.0,3.3,760.02
86036,2024-03-12,492c145f-c281-482d-b550-2479b24e8605,Electronics,Oceania,4,496.91,0.1,PayPal,2.0,4.2,1788.88
1577,2024-11-13,ba92992e-44f8-453c-9224-6d05d3692867,Electronics,Oceania,4,332.514,0.05,BankTransfer,4.0,3.8,1263.55
46392,2025-04-06,dcb17ca6-442a-4da0-a443-06c5f1ffb7d6,Toys,Oceania,4,193.1,0.0,Cash,7.0,4.1,772.4
30453,2025-05-25,ff83457c-fde6-44af-980a-ec23fc43664e,Electronics,Europe,5,91.74,0.15,BankTransfer,2.0,3.0,389.9
36586,2023-06-14,91a785a0-a29e-40c0-9f60-0db091a5449e,Beauty,Oceania,4,24.13,0.0,CreditCard,8.0,2.9,96.52
40148,2023-09-23,0f89a187-98de-49d7-b6ef-8aea6a1f13bc,Sports,Africa,5,459.69,0.0,PayPal,4.0,3.6,2298.45
8170,2023-08-13,296da4cd-431b-411f-af90-d9afca07906e,Home,Europe,3,68.41,0.1,CreditCard,2.0,3.7,184.71
85242,2025-11-30,21540cfb-4447-424b-ab1e-12d2904fa9a6,Home,Asia,4,264.276,0.15,BankTransfer,2.0,3.1,898.54
15288,2025-05-09,1ef10ccd-9b6f-41a3-b8bb-cc542fc068d2,Fashion,Africa,2,466.31,0.0,CreditCard,1.0,3.1,932.62
23862,2023-03-19,2d831604-5659-417f-b74b-e180391397cc,Fashion,North America,3,163.14,0.0,CreditCard,7.0,4.4,489.42
64477,2025-08-21,89433bbf-4c7a-410e-bec3-9aa7cc21bd61,Toys,Asia,1,236.57,0.1,PayPal,8.0,4.9,212.91
87692,2024-08-27,d6bee1c4-99e3-43f2-9716-4453adf11ef3,Automotive,North America,5,33.63,0.05,CreditCard,9.0,2.5,159.74
92371,2023-07-22,7bb84553-5f89-4d71-9b03-5c77ec0a3ad6,Electronics,Oceania,2,375.68,0.0,BankTransfer,4.0,2.8,751.36
68263,2023-03-08,9715a1a3-18b2-4db5-bccf-9b9db304821d,Sports,Asia,2,241.34,0.05,PayPal,7.0,4.0,458.55
82700,2023-09-09,9bd9ece6-f828-4c81-9ab1-dffdb402565a,Fashion,Oceania,5,393.4,0.0,PayPal,1.0,3.2,1967.0
31448,2023-09-06,11b67738-43ed-4e83-b0df-d90c0af6d6d5,,Africa,4,486.86,0.1,PayPal,8.0,4.9,1752.7
4780,2023-08-11,5a19d7ab-73e0-467e-87e8-1b25a9715404,Home,South America,3,286.2,0.0,Cash,6.0,5.0,858.6
77056,2024-02-05,96b154d2-6833-4ede-ab1b-be4b1087f61b,Fashion,Oceania,3,75.28,0.0,PayPal,1.0,4.7,225.84
91444,2024-12-19,98bdd2b8-6908-4ea0-a7f9-2e136a5bd0d0,Beauty,Africa,2,228.51,0.0,PayPal,1.0,2.6,457.02
51450,2025-11-09,1ea48e7d-216c-4adb-bc07-4af529460959,Toys,Oceania,5,359.01,0.0,PayPal,4.0,2.6,1795.05
92036,2023-08-25,b694d3af-a523-4337-a179-af4c302289f2,Toys,North America,2,216.27,0.15,PayPal,3.0,3.5,367.66
6651,2025-03-28,6d3e4848-54d7-4728-99e3-05e54a5039e6,Toys,Asia,2,204.45,0.1,BankTransfer,1.0,2.9,368.01
72764,2024-05-08,ff15d8c8-6364-4208-be63-29c6488e8e98,Home,Europe,3,190.11,0.0,BankTransfer,7.0,3.6,570.33
9764,2024-11-19,0784781d-2006-4fdb-96ee-251359d12415,Home,Africa,6,170.46,0.0,BankTransfer,4.0,2.5,1022.76
86313,2023-08-22,5f3f9fe4-d4ac-4cb2-b4be-7cb292c04163,Home,Asia,4,364.75,0.0,PayPal,4.0,3.1,1459.0
21599,2025-05-02,8ebbcfe7-11ee-4e9c-a373-848bdfbcec8a,Beauty,Europe,4,297.5,0.0,PayPal,7.0,3.0,1190.0
42159,2024-01-30,46e8b91f-8633-4088-b296-f9f05bb57547,Automotive,Europe,4,417.88,0.0,Cash,9.0,4.0,1671.52
15393,2024-11-19,5a4594cf-6648-4283-b6de-1f5cd985084a,Sports,Europe,5,376.146,0.0,CreditCard,2.0,3.6,1880.73
66782,2025-09-11,30beca83-d27d-4fba-b140-ca4ace823aab,Fashion,South America,4,44.66,0.05,Cash,5.0,4.5,169.71
74253,2023-03-23,59699bd7-0adb-47da-b0a7-f7716be8f85f,Home,Africa,3,393.94,0.0,PayPal,4.0,4.5,
1092,2025-02-27,d9750f00-d5ab-48ae-9112-fbc03d8f95f4,Home,Oceania,4,252.06,0.0,PayPal,,2.0,1008.24
20597,2025-03-08,0d4ef107-fe4f-4280-bb2f-da7528c74b47,Sports,North America,4,226.56,0.0,Cash,8.0,2.5,906.24
17455,2025-05-05,19a6914f-8c93-43f7-b097-f2708cf2d92e,Beauty,Oceania,5,88.84,0.0,BankTransfer,2.0,2.8,444.2
98352,2025-03-24,55253efe-ced5-4436-a011-0065721d3b41,Home,Asia,4,164.89,0.0,PayPal,9.0,4.4,659.56
4976,2023-03-07,8037b969-7946-4eae-93dc-00ee9203c5d2,Toys,Oceania,4,275.32,0.1,Cash,4.0,3.2,991.15
9923,2025-08-14,6086ce8d-123e-42fb-a95e-17415e48f8b3,Automotive,Asia,4,94.43,0.1,CreditCard,3.0,4.7,339.95
41205,2023-06-16,58e28d0c-8355-4561-b904-e5b9dd1ddb21,Fashion,Asia,3,71.87,0.0,PayPal,6.0,4.7,215.61
63979,2025-12-13,4a051464-ae8e-40cc-8ae2-6fe1d40be6bb,Sports,North America,2,389.7,0.0,BankTransfer,4.0,3.0,779.4
14965,2025-04-06,e3d43569-b064-4420-b101-362e1a6c8913,Toys,Europe,4,317.52,0.0,Cash,8.0,2.2,1270.08
18593,2023-02-05,88869eb3-f591-4690-a802-514cf839e104,Home,Asia,4,402.64,0.0,CreditCard,2.0,3.7,1610.56
77616,2023-05-30,4273830a-f0be-4661-9ebe-42924048feb7,Automotive,Asia,3,290.52,0.15,Cash,8.0,3.4,740.83
59951,2024-09-10,6492516c-72af-4e47-8262-ded2edfded9c,Automotive,Oceania,2,306.08,0.0,BankTransfer,3.0,3.2,612.16
37027,2025-11-21,c5546ad0-9d62-4af8-a755-00916a4e9ed9,Fashion,Europe,3,208.125,0.05,CreditCard,7.0,2.7,593.16
62880,2024-02-09,d9d0744c-a3d2-4357-9986-63ca261ef842,Fashion,North America,1,307.49,0.0,CreditCard,8.0,3.0,307.49
67293,2024-11-19,b9ff1d9e-e9cd-4115-8946-6957e47f763e,Sports,Asia,4,128.313,0.05,BankTransfer,9.0,3.9,487.59
39983,2025-09-15,09990aed-bc07-42d4-96b4-fac8001b2293,Automotive,Oceania,4,206.64,0.15,PayPal,6.0,2.9,702.58
54447,2023-07-22,631ad1c6-8753-4734-8fdd-6e56eb851b88,Home,Europe,1,97.47,0.0,Cash,9.0,2.6,97.47
78747,2023-04-30,82163ddc-f498-4bab-bef1-9e5eda309c7e,Sports,South America,5,272.8,0.15,Cash,7.0,4.2,1159.4
48476,2024-01-10,a9f1c264-1e5a-484e-817b-df8fb3663f69,Electronics,Asia,5,155.71,0.2,CreditCard,9.0,2.4,622.84
54410,2023-06-04,d92bf054-6142-4878-bb81-f50122699844,Beauty,Asia,1,390.8,0.05,Cash,7.0,2.1,371.26
58904,2024-11-23,c2ee5d35-e5dd-4dae-ac75-ea46382c01b4,Toys,Oceania,2,189.954,0.1,Cash,4.0,4.6,341.92
50805,2023-09-30,8a82563b-5b7e-4101-8d7f-d65419ec5de7,Toys,South America,5,8.1,0.2,CreditCard,2.0,4.3,32.4
14305,2023-03-27,4b0d4cbd-09e6-4510-a634-8757754989fc,Home,Africa,3,261.94,0.0,PayPal,8.0,3.7,785.82
53624,2023-06-27,ea4fb08e-6fbe-4ae1-ae4d-c918521a880e,Home,Europe,2,232.74,0.05,BankTransfer,1.0,3.4,442.21
37638,2024-03-24,513826f8-7f73-45cb-aa31-a10b4bf8a3d3,Home,North America,2,336.68,0.0,CreditCard,7.0,2.7,673.36
38658,2025-03-19,6427f18a-bd2a-4a29-9f08-d79b5923a4b0,Home,Oceania,2,146.03,0.1,CreditCard,8.0,4.7,262.85
60256,2025-10-11,889dd48e-685b-4c32-a054-01215bc3627b,Toys,Asia,1,429.17,0.0,Cash,3.0,2.9,429.17
2531,2025-05-29,600fc79c-fbce-4087-96d2-b14d07faf6f7,Sports,Asia,4,279.52,0.0,BankTransfer,7.0,3.3,1118.08
21256,2025-05-08,c570896e-240b-4dd5-9c00-01e60d927c37,Sports,Europe,4,330.7,0.0,CreditCard,6.0,4.9,1322.8
88493,2024-08-30,83f61065-d3cf-4d66-ab23-ff8f6253ba76,Beauty,South America,5,381.86,0.05,PayPal,7.0,2.4,1813.84
47721,2025-09-12,12898417-6a92-40fe-afab-246060cf791b,Fashion,Asia,4,349.81,0.1,PayPal,8.0,2.1,1259.32
51763,2024-02-16,61b12269-4334-4c0f-ad01-4fe6d0e9bea2,Automotive,North America,5,349.94,0.1,PayPal,3.0,3.3,1574.73
54409,2024-09-12,3af479ed-10e2-4cc2-99dc-d17e10a99d8b,Automotive,Africa,1,452.38,0.05,Cash,,3.6,429.76
54133,2024-09-23,1873b726-3af8-4d8e-b143-100a59da673e,Electronics,North America,1,28.87,0.0,CreditCard,1.0,2.2,28.87
25160,2025-05-30,471246de-be5e-4b17-a2ac-c80d6c3e676f,Beauty,South America,2,180.3,0.15,PayPal,5.0,3.7,306.51
32675,2025-05-28,8419a1ff-4956-4e62-8269-a6aec0ed9119,Automotive,Asia,1,461.8,0.0,Cash,5.0,2.5,461.8
61824,2023-01-31,cc9b5903-966c-4708-9686-2101ba380355,Automotive,Oceania,2,,0.0,PayPal,6.0,2.6,996.98
54691,2023-05-27,0d6f79f8-5871-478c-ace9-aeeb25fb9e58,Home,North America,4,116.36,0.0,PayPal,6.0,4.9,465.44
4196,2025-07-13,ad851456-bdc5-4633-8e5b-961f585d4011,Home,Africa,3,50.03,0.0,PayPal,8.0,4.6,150.09
52526,2023-09-09,5de64d36-6e64-4059-8b49-0bd549669ad8,Toys,Oceania,5,209.91,0.0,BankTransfer,2.0,2.8,1049.55
15845,2024-12-29,458c6bdd-9e70-49ff-8cd7-897f286d84e5,Fashion,Europe,1,75.22,0.1,BankTransfer,7.0,3.8,67.7
12054,2023-01-20,b89a3e7c-5476-4d30-b657-c7e808510276,Sports,Asia,5,496.99,0.05,PayPal,8.0,3.6,2360.7
36910,2024-09-11,1aeb1100-82cd-4317-bc24-5777d41b34ac,Home,Africa,5,392.54,0.0,PayPal,7.0,3.7,1962.7
13133,2024-07-30,e144b6aa-89a5-45bb-b009-91ec574d5150,Beauty,South America,2,163.65,0.0,CreditCard,3.0,4.6,327.3
8933,2025-07-18,59432772-64ba-42bf-9c99-f2bc55dcb8a8,Automotive,Oceania,3,275.56,0.05,PayPal,5.0,2.1,785.35
68535,2024-04-05,95304f4f-2148-4452-9cb9-b8446d8f7676,Beauty,Asia,5,424.68,0.15,PayPal,8.0,2.1,1804.89
70099,2023-05-25,8d0dd87f-ae2c-4d9a-8b66-6ff70cbb6087,Sports,Oceania,1,267.07,0.05,Cash,9.0,2.0,253.72
12326,2025-09-14,3ea16e1d-478e-418e-b170-c9b928478f5d,Home,Asia,2,313.1,0.15,PayPal,7.0,4.5,532.27
10430,2024-12-23,042a2952-adfe-44e5-8744-0006f10eb0ea,Electronics,Africa,2,271.15,0.0,PayPal,2.0,2.5,542.3
22820,2024-04-09,aca83361-e722-4c58-81b8-100070f2d3a2,Beauty,Africa,4,112.47,0.0,Cash,1.0,4.9,449.88
38951,2024-01-09,db8ebf72-b596-48f5-bfe4-0c2da1226850,Sports,Asia,3,427.02,0.0,CreditCard,3.0,4.4,1281.06
43546,2023-01-30,bcefa36d-2976-474c-bec6-ec9ebcf5aa47,Fashion,Europe,5,210.67,0.15,PayPal,3.0,4.5,895.35
17371,2025-09-30,816d6a1a-545b-4bc0-952b-4799b849acf1,Beauty,Oceania,2,109.26,0.1,Cash,2.0,3.4,196.67
19804,2023-02-28,a577d497-9347-4a31-9501-25864f637747,Automotive,Africa,4,362.52,0.05,Cash,9.0,3.3,1377.58
61238,2024-02-23,4b637343-4f0c-4036-bcf4-e458b90ed009,Home,North America,1,485.52,0.05,BankTransfer,8.0,3.1,461.24
17948,2024-08-20,4862f17d-d37f-4be6-8dde-abcc6b258cbb,Fashion,North America,3,403.52,0.0,CreditCard,3.0,3.7,1210.56
13656,2024-08-15,6a4fab5f-12e4-4780-ac93-f0c153a2cdf5,Beauty,South America,3,329.41,0.0,CreditCard,9.0,2.6,988.23
10593,2025-05-31,b90f0b18-d6ce-4975-8a75-3c9e17b854c9,Beauty,Asia,2,247.46,0.0,Cash,7.0,4.8,494.92
29268,2025-04-18,53d196ae-434d-4335-b481-838ddddca162,Automotive,South America,1,130.14,0.0,Cash,3.0,2.2,130.14
65394,2024-01-28,9c4d8178-ada4-4532-8a3e-13a791240ea8,Toys,Oceania,1,68.52,0.0,PayPal,8.0,4.6,68.52
25871,2025-05-05,ff54c509-760b-45a2-95b9-cf2f00502527,Automotive,South America,4,31.86,0.1,CreditCard,1.0,3.6,114.7
15404,2025-07-20,33528551-20c6-4af6-8ace-06d905a13ea1,Electronics,Africa,2,256.66,0.1,PayPal,9.0,2.9,461.99
96450,2025-06-06,6f20b8c3-d434-43bb-bcfb-59685f941349,Toys,Oceania,5,482.82,0.1,PayPal,5.0,4.4,2172.69
96854,2025-11-01,02fe5411-1234-4739-945b-4e6d06392344,Sports,Asia,4,76.581,0.2,BankTransfer,7.0,4.5,245.06
29041,2024-03-24,1b75614f-aa08-4677-b2e6-af5816879c67,Home,Oceania,2,122.9,0.0,BankTransfer,7.0,5.0,245.8
20292,2023-02-16,27f63d41-2b7e-404f-a321-b54ade10a04c,Fashion,Europe,4,85.91,0.0,Cash,2.0,3.6,343.64
1880,2025-02-03,12087e20-8ede-4b46-807d-0affcb51a911,Beauty,Europe,5,87.05,0.1,CreditCard,2.0,4.2,391.72
29189,2023-04-04,cd9f09dd-8348-4399-9fe3-c493aaa718d5,Home,South America,1,360.26,0.0,PayPal,2.0,2.8,360.26
57676,2023-03-14,9b6472b1-5d6e-46c7-9d81-709b1e541412,Home,Africa,1,209.45,0.0,PayPal,2.0,4.3,209.45
61627,2024-04-22,f2553659-5232-466f-a891-a19885035630,Fashion,Europe,1,415.17,0.0,Cash,8.0,2.9,415.17
83963,2025-12-29,c0b2c69a-4195-434d-98fd-0cde39203212,Fashion,North America,4,323.28,0.0,Cash,2.0,3.9,1293.12
58323,2024-11-14,fb3fdcd4-605f-49bb-b3a2-5bcbf5a66d2f,Home,Asia,3,122.193,0.0,PayPal,3.0,4.6,366.58
89800,2024-08-16,479eb95c-3729-4e8d-b6fd-a85277275d4d,Electronics,Oceania,4,161.79,0.0,BankTransfer,2.0,4.2,647.16
32057,2024-05-11,267863e2-365d-4cc3-a6d9-011a77af791c,Toys,South America,1,293.26,0.0,PayPal,4.0,3.3,293.26
52661,2023-03-22,a1ff9e7c-b1e9-4f76-90cb-7b4167b31092,Electronics,South America,1,126.51,0.05,CreditCard,5.0,3.7,120.18
72885,2024-03-18,5245ada7-ce69-4b27-87e7-bb3b121c964d,Fashion,Africa,3,14.85,0.1,Cash,6.0,2.0,40.1
96478,2023-06-23,79ff37f5-ddf5-4bac-9c55-748945fa49d5,Automotive,Europe,4,345.8,0.0,PayPal,9.0,4.8,1383.2
91000,2024-08-29,05eea3df-253d-4060-afbb-975d2018a48c,Fashion,Africa,2,491.19,0.0,PayPal,1.0,3.1,982.38
54357,2024-10-06,360975ed-c902-42d5-955b-41ddbc7b31b9,Electronics,South America,1,382.13,0.0,CreditCard,2.0,4.5,382.13
26622,2024-08-18,53633d85-8eea-4b85-8b8a-dac706c9872d,Home,Africa,1,93.57,0.0,CreditCard,7.0,4.5,93.57
48463,2025-12-08,53958389-d10f-4426-adeb-23655d81f1cf,Sports,South America,1,314.32,0.15,CreditCard,8.0,3.7,267.17
74759,2023-04-12,6653bbba-f631-40fb-b6d8-9323970fd74d,Beauty,Asia,4,494.47,0.0,Cash,2.0,3.3,1977.88
37428,2023-12-17,6066eb28-1f72-4864-b77c-82a7cd38b317,Toys,Asia,2,396.51,0.0,CreditCard,2.0,4.5,793.02
92358,2025-08-02,2bd45fe6-c33c-494c-9571-7ec665cb3d88,Sports,Africa,5,280.34,0.05,PayPal,8.0,3.2,1331.61
47556,2025-05-15,fc106020-4973-46d3-9d05-11451d7bbb68,Toys,Oceania,2,136.5,0.0,CreditCard,1.0,4.9,273.0
83515,2025-06-14,e0f66c22-f81c-4d0e-be83-a44d7369eed3,Automotive,Asia,4,451.04,0.0,Cash,7.0,3.6,1804.16
50506,2025-10-20,98f89a64-5c62-4d1a-b529-db40aa23c3b8,Fashion,North America,4,292.81,0.0,BankTransfer,9.0,3.1,1171.24
7539,2024-09-14,dabd385c-d2c5-49ab-b830-aa05d2d4dd05,Home,Oceania,4,187.35,0.2,BankTransfer,5.0,3.6,599.52
57016,2023-02-19,b0a318ec-628f-471a-bce0-e2e3f5c0a0ab,Sports,Africa,5,280.86,0.0,BankTransfer,8.0,2.0,1404.3
68522,2023-03-21,dc6d665e-cb3d-45f5-9ee1-aa32960efa4a,Toys,Africa,3,84.08,0.0,BankTransfer,7.0,2.7,252.24
47315,2023-06-29,ad5009ec-3e77-46d2-857c-a4b37128ca16,Automotive,North America,5,445.96,0.15,CreditCard,4.0,3.0,1895.33
32006,2024-12-04,fc261a31-5691-4e98-800b-137f8a9cf5cc,Automotive,Oceania,5,323.92,0.0,BankTransfer,8.0,4.1,1619.6
48684,2023-12-24,dc4f433b-3c43-42d1-a455-855663ec37f8,Home,Europe,1,82.97,0.0,BankTransfer,7.0,3.7,82.97
28741,2025-10-16,b0e00fc4-cb87-4110-bc21-3ab1f6797d4d,Home,Africa,5,121.33,0.05,PayPal,7.0,2.6,576.32
74458,2024-06-09,461fbc51-11b5-43f8-9b71-37dee7e6f7b2,Beauty,North America,1,209.61,0.0,BankTransfer,7.0,2.9,209.61
98127,2023-01-14,0ab52ae0-9df2-4506-b198-01c460d41be7,Automotive,Asia,4,172.34,0.0,BankTransfer,7.0,2.6,689.36
59648,2023-12-16,0cdbcdeb-e614-4c07-9bd3-b40e5f30fc19,Beauty,North America,4,402.11,0.0,PayPal,7.0,2.5,1608.44
34715,2023-04-03,7d801b28-5f08-4c3b-bc28-adb342d8b896,Beauty,North America,2,176.31,0.0,BankTransfer,1.0,3.3,352.62
76438,2023-04-01,9b12a5b7-940f-46a5-883f-a2695f8cfac9,Home,Asia,3,316.5,0.2,BankTransfer,3.0,3.5,759.6
94548,2024-06-02,23e8af76-be86-45f3-ace1-022b0f0a7be5,Beauty,Asia,1,94.61,0.1,Cash,3.0,2.4,85.15
99003,2023-05-30,811ca035-b98d-44b3-9a67-a0b92836b014,Toys,Asia,2,22.94,0.0,CreditCard,9.0,2.7,45.88
46634,2023-02-26,b41d5a3d-f3fb-4964-9a15-45466c52fc9a,Home,South America,3,240.26,0.0,BankTransfer,4.0,3.5,720.78
84956,2025-08-21,971524f7-79f2-4cc8-986b-77203bdc4331,Fashion,Asia,5,205.66,0.05,CreditCard,6.0,3.0,976.88
74834,2025-09-30,9d906fc8-49b9-40a5-a26b-af5ef7fa2bb7,Sports,Asia,2,304.17,0.2,BankTransfer,3.0,3.1,486.67
90899,2024-12-07,2b3a567b-0a5d-4e1c-aaac-085fe0cff2e5,Fashion,Asia,4,236.68,0.1,Cash,1.0,5.0,852.05
52378,2023-04-06,4a3a7cf0-d163-4ff2-93a9-901990c01631,Toys,South America,4,202.61,0.05,CreditCard,5.0,3.2,769.92
93243,2023-04-18,124da106-d9d3-404a-87ce-a359cb2132b3,Automotive,South America,5,488.88,0.05,BankTransfer,7.0,2.7,2322.18
47100,2025-06-06,386025cd-30f7-4e01-9baa-c507752b22d0,Electronics,North America,3,175.55,0.05,CreditCard,4.0,4.3,500.32
38754,2023-02-23,913e93a6-e03d-488d-b573-cc53e845e18d,Home,Africa,5,208.97,0.1,BankTransfer,2.0,4.7,940.36
5223,2025-11-19,36d5187b-bfdb-410b-b929-1d34db6ea0ba,Toys,Africa,4,114.597,0.0,PayPal,8.0,3.8,458.39
94199,2023-11-28,bdb4ee73-dda5-40e1-ad3b-944c113a096c,Toys,North America,3,383.085,0.1,BankTransfer,3.0,2.5,1034.33
5712,2024-01-17,e1b33498-8974-4baf-9928-3cfc76da7bc3,Toys,Europe,1,49.43,0.0,CreditCard,5.0,4.1,49.43
50652,2025-02-09,78ff9a6b-8e02-433f-824d-3fc4f012fe07,Electronics,Africa,1,366.62,0.05,Cash,5.0,3.2,348.29
76659,2023-02-25,08046b1b-5476-456d-8b1b-c7b96e32838c,Electronics,Asia,4,100.28,0.0,BankTransfer,7.0,4.3,401.12
11584,2023-10-30,4202c418-b6ae-4b91-890e-2e44f6e5a7b1,Fashion,South America,2,173.63,0.1,PayPal,9.0,4.7,312.53
97266,2023-08-28,48daa810-7e5c-4198-a2e2-8887125fb799,Electronics,South America,1,165.15,0.0,PayPal,3.0,,165.15
95009,2023-03-15,02b262e9-f33c-4490-a333-291a5f7a3ac4,Beauty,Asia,4,402.62,0.1,BankTransfer,3.0,2.2,1449.43
986,2025-06-26,e00da49d-effa-4002-b040-413c4690fb15,Fashion,Asia,2,110.27,0.1,BankTransfer,5.0,4.6,198.49
59150,2025-12-18,0cfcef2e-ad5c-4886-a9cb-02abab5712fd,Sports,North America,4,196.2,0.05,BankTransfer,9.0,3.8,745.56
35929,2023-05-29,2af8e6e7-8aa0-4210-9120-712228673909,Sports,Europe,3,358.05,0.0,PayPal,2.0,2.4,1074.15
5620,2023-08-14,9211d6cc-997d-4ca9-949c-0766ffb88ef4,Sports,Europe,5,237.94,0.0,BankTransfer,7.0,4.9,1189.7
18913,2023-04-25,189bdfe5-1a78-4efb-89b9-e2acd24f9fce,Sports,Oceania,1,156.18,0.1,CreditCard,5.0,5.0,140.56
12299,2025-06-11,bfcf648c-fc3a-4087-8ff9-aa6c083863e9,Sports,Europe,5,26.12,0.05,Cash,8.0,2.9,124.07
58509,2024-07-17,204678c9-bbc7-4e86-9adb-89f9f92e44c9,Beauty,North America,3,174.89,0.05,PayPal,1.0,3.8,498.44
23608,2023-12-20,9eb4c2b9-b416-46bc-b0af-fee458ad4c90,Home,Europe,1,480.23,0.0,PayPal,7.0,3.4,480.23
10927,2025-04-16,d7eaa90f-2e8a-4175-a721-837f624a7cab,Toys,Africa,1,431.37,0.2,PayPal,7.0,3.7,345.1
68093,2024-11-20,951ce53f-e16d-45e3-ac64-537c4875cddc,Fashion,North America,5,278.091,0.1,Cash,2.0,4.9,1251.41
23196,2025-06-02,119f707f-e9fb-4063-8c2a-6a2f71cddba6,Sports,North America,1,148.81,0.05,PayPal,5.0,3.8,141.37
64640,2024-09-01,8555eac2-e269-4e42-9904-adc4bf7abfc3,Electronics,Europe,4,419.55,0.0,BankTransfer,3.0,3.2,1678.2
54710,2023-09-11,a03e235b-6c41-41b7-9d2d-e8daf1ec53e1,Fashion,Asia,3,108.79,0.05,CreditCard,4.0,2.3,310.05
95129,2025-10-09,c4155487-7af1-49a7-a510-09455775cf92,Electronics,Africa,1,396.37,0.15,PayPal,2.0,4.1,336.91
75085,2024-05-15,ae2ce70e-86bc-4c53-9b1f-e7692124a42c,Automotive,North America,1,149.5,0.0,CreditCard,9.0,3.2,149.5
42777,2025-05-28,0202bcc6-9e47-4818-bebb-4e4b5a223d71,Home,Europe,2,13.26,0.0,BankTransfer,6.0,3.8,26.52
69169,2025-06-08,4feb9f90-7722-4636-9cec-0cd5dcf8732c,Automotive,Africa,5,219.38,0.15,CreditCard,2.0,5.0,932.36
33990,2023-05-14,518e5725-cd83-4a8f-9865-607ef27476de,Electronics,North America,3,183.42,0.0,PayPal,6.0,2.2,550.26
93112,2025-02-05,3d9fd0a3-5d31-416a-94ae-3358046a101c,Sports,Oceania,3,38.18,0.0,CreditCard,6.0,4.6,114.54
10964,2023-11-21,8cc81670-d3a7-49d3-a7ad-3af12aeaff2e,Beauty,North America,2,97.065,0.0,Cash,1.0,2.2,194.13
49020,2024-09-05,06af9d77-608f-4c52-b787-3d6e80b1405e,Automotive,Oceania,2,222.97,0.0,Cash,6.0,4.9,445.94
70585,2025-05-21,959e6da9-7308-4aaf-ad94-4a338d864e0a,Toys,South America,1,150.01,0.1,PayPal,5.0,2.2,135.01
10300,2023-07-23,8c494fb2-1ec8-4afb-a79e-9573e33df2e9,Beauty,Asia,2,172.14,0.0,CreditCard,9.0,2.9,344.28
57344,2024-07-18,a4393a31-727b-48e1-9e66-41880b5ae2c6,Home,Oceania,2,435.32,0.05,BankTransfer,7.0,3.8,827.11
76300,2023-04-24,795ce19e-2be3-4285-ad2b-cc74602557fd,Toys,Africa,2,89.47,0.05,PayPal,5.0,4.5,169.99
78558,2023-04-03,ae8107f0-5c43-4149-a615-9111cc53efcd,Fashion,Asia,4,221.02,0.0,CreditCard,8.0,3.3,884.08
49873,2024-06-09,afa3dcc0-2e09-4e54-be86-c0bf4e7900d8,Sports,North America,3,235.85,0.0,BankTransfer,3.0,2.1,707.55
23755,2023-01-10,c88e2b51-2eaf-4258-8cd3-ade36d3dea46,Beauty,South America,1,69.46,0.1,CreditCard,9.0,4.1,62.51
17709,2024-08-22,d3e4dde1-d92e-4689-b889-8d3eee0e2646,Beauty,Asia,4,413.66,0.2,CreditCard,4.0,4.6,1323.71
20777,2023-01-16,cc3fb20d-61bf-48c3-80a7-28c5ee7beff1,Home,North America,3,463.19,0.0,BankTransfer,9.0,4.9,1389.57
23918,2023-04-12,9637522c-4641-4e5f-af0c-95d8ba0050da,Automotive,Europe,2,278.3,0.0,BankTransfer,1.0,3.4,556.6
57505,2023-08-21,ee3e2b23-40d5-4971-9239-d9b4c2358189,Beauty,South America,4,207.99,0.0,BankTransfer,2.0,2.4,831.96
85689,2025-07-28,839a50a5-b845-4c08-8de3-469713f77dba,Beauty,South America,1,160.58,0.0,Cash,4.0,3.8,160.58
34277,2023-12-22,22847787-5076-40c5-8455-77fcdfdee2bd,Electronics,Europe,4,437.31,0.0,Cash,9.0,2.1,1749.24
2340,2024-02-03,af4afcdd-52cb-4ae0-ae18-c9b3c6da85f1,Home,South America,3,492.17,0.05,BankTransfer,2.0,2.6,1402.68
54623,2024-10-29,cbe75a08-1c14-4790-82f7-cddffdef51b4,Sports,Asia,1,433.81,0.0,PayPal,6.0,3.0,433.81
86703,2023-12-28,97a364cb-9902-478f-9925-98cfbca8df9a,Beauty,Africa,4,265.76,0.05,BankTransfer,2.0,4.0,1009.89
71317,2023-08-14,8eb5dae2-aa93-440d-bfbd-bf5d7345873f,Beauty,Africa,2,394.45,0.1,CreditCard,4.0,2.3,710.01
88929,2025-11-18,d27a4fa6-d853-41c0-9c7a-8f900977d8a2,Fashion,Europe,4,270.82800000000003,0.1,PayPal,9.0,4.2,974.98
46949,2023-01-09,ac78e289-ac05-400f-b22b-50ee89f51b7d,Home,Asia,3,89.27,0.2,CreditCard,5.0,4.1,214.25
58472,2025-06-08,8e78fe16-1921-49f0-9d44-4ecc586280f2,Beauty,Asia,1,230.3,0.0,BankTransfer,3.0,2.3,230.3
59277,2023-01-14,37daa076-88b8-4f7f-8b95-306c8192ae93,Home,Oceania,5,415.59,0.05,BankTransfer,4.0,2.3,1974.05
13859,2025-01-09,8c5a3de8-cc27-469f-97a8-754dfd4bdfec,Toys,South America,5,404.05,0.05,BankTransfer,6.0,2.0,1919.24
74731,2024-11-03,1f0318c0-dd52-4fc8-83fb-5c2065c04d48,Home,Oceania,6,157.32000000000002,0.0,Cash,1.0,2.0,943.92
52299,2025-03-02,99407d5f-569d-4ec1-8879-e7c0147a339f,Sports,North America,2,97.4,0.0,Cash,4.0,3.3,194.8
55928,2023-05-27,0e034580-0890-496f-b526-16f4f98e7156,Sports,North America,1,93.45,0.0,Cash,1.0,2.2,93.45
52003,2023-06-01,54ccaa01-5394-4d80-b12d-9d9e9cd9cfb8,Electronics,North America,4,308.91,0.05,PayPal,9.0,3.8,1173.86
981,2025-04-02,c194f97f-00e3-4026-95b6-de85390239d9,Toys,Africa,4,195.6,0.05,CreditCard,3.0,4.2,743.28
35396,2024-06-28,f96af2fa-b5d0-42dd-934a-532cf13043f0,Automotive,South America,5,190.07,0.05,Cash,8.0,4.3,902.83
58381,2023-10-07,e9fc67c0-ea02-4c8c-b179-e9829bec5c86,Sports,Europe,1,451.89,0.0,PayPal,1.0,2.7,451.89
44244,2025-06-07,93c3d6d5-512d-4d99-9348-f0a86bbfd47d,Fashion,Asia,2,38.5,0.0,CreditCard,1.0,3.8,77.0
8746,2023-10-20,5b345ede-d26b-4c21-87e4-7dbaf0ad73fb,Sports,South America,4,267.06,0.1,Cash,3.0,4.9,961.42
96759,2025-01-15,41d0ddc5-fcbd-4ec2-a627-6205e4991583,Automotive,Asia,5,326.91,0.0,CreditCard,5.0,4.8,1634.55
45068,2023-08-25,98449ce1-f5fb-40de-99c9-bdb5ed9ec41f,Home,Asia,5,246.46,0.05,PayPal,8.0,3.2,1170.68
24251,2024-07-28,6765bf17-3bd3-4005-8448-297c8c757197,Automotive,Asia,2,115.17,0.1,PayPal,8.0,3.8,207.31
43812,2024-07-11,c6514738-fecd-49a4-a1ab-61e1d3056c96,Electronics,Asia,2,330.94,0.15,CreditCard,1.0,2.3,562.6
35987,2024-02-25,6f3c9ce8-6806-4e9b-822c-6ecd90af00eb,Beauty,Africa,5,304.37,0.0,Cash,1.0,3.6,1521.85
73843,2023-01-05,96339cf4-7cbe-483e-b4da-7f0985af8127,Fashion,Oceania,4,340.61,0.0,CreditCard,3.0,4.6,1362.44
13564,2025-09-27,ff17662b-06d9-4391-94ca-74050944c6e5,Beauty,Africa,2,400.01,0.0,CreditCard,5.0,3.2,800.02
72262,2024-05-07,7e136b2b-cfcf-4472-b3b3-141fc3a0f69c,Toys,Asia,4,296.12,0.05,Cash,4.0,4.8,1125.26
70238,2023-02-09,9d093ec5-351c-4a8c-83c6-50bf48db4569,Electronics,Europe,3,481.75,0.0,BankTransfer,2.0,2.8,1445.25
2784,2024-07-24,d5d9a385-2bb2-4cbc-9c79-4cdb74c88361,Toys,South America,1,62.05,0.0,PayPal,,4.8,62.05
41277,2023-08-07,290ac04f-0a39-43a7-8e62-1c9b2dc9b66d,Sports,South America,2,345.64,0.15,BankTransfer,9.0,2.4,587.59
32902,2025-08-28,1136ef2b-f45a-4603-bdf8-81a664f477ec,Automotive,Africa,5,332.0,0.1,CreditCard,9.0,2.3,1494.0
97033,2023-02-11,9a9a209e-875d-4dcb-9046-0c3bfec5548a,Automotive,Asia,2,60.13,0.2,BankTransfer,8.0,2.4,96.21
6668,2024-11-24,6fb0c665-4766-429e-8895-df3c7941a6a4,,Asia,5,34.146,0.05,CreditCard,2.0,3.6,162.19
23194,2024-08-26,db008757-dd6d-43eb-b983-1b333ac5e17d,Fashion,Asia,3,300.37,0.0,PayPal,8.0,4.4,901.11
60274,2025-02-19,69ab744a-5c6c-4287-aa8c-f464263c382e,Fashion,North America,2,54.09,0.2,CreditCard,8.0,4.6,86.54
76559,2023-12-04,1efaabec-55f8-4c39-a4c8-09af30ffc6cc,Sports,Asia,2,424.03,0.0,CreditCard,1.0,2.2,
8765,2025-08-15,31ea2821-3034-4270-a81f-f52852ec03ca,Automotive,North America,1,353.9,0.0,Cash,8.0,2.7,353.9
49448,2025-06-20,6530dd25-5913-4494-a86a-9424eb0b1eaa,Automotive,Oceania,3,477.54,0.0,BankTransfer,3.0,3.0,1432.62
32227,2025-11-07,7a4df83a-0583-4954-94d4-13e7701f6eba,Sports,South America,6,236.538,0.0,PayPal,3.0,3.2,1419.23
52827,2023-10-26,6fd90b5a-ac7b-4b60-8759-99ad276e7b9e,Sports,North America,3,43.98,0.0,PayPal,9.0,4.9,131.94
96010,2024-11-22,9c176525-30f3-40da-b36d-3daadeb65bae,Toys,Oceania,6,350.397,0.0,BankTransfer,8.0,3.2,2102.38
6271,2023-05-30,f1758208-2e29-4386-ae89-6265847aefa5,Sports,Asia,5,346.21,0.2,BankTransfer,3.0,4.2,1384.84
68672,2024-05-29,4e14b67c-afe5-45f4-97cc-a58193131310,Beauty,Asia,4,369.52,0.0,CreditCard,8.0,2.5,1478.08
27412,2023-12-26,4d180e38-3699-4fc4-9565-cf0e0f319c37,Automotive,South America,5,52.98,0.0,Cash,6.0,4.5,264.9
36458,2024-02-11,d3379d87-d851-4192-8d0a-87f39ba02459,Electronics,South America,5,374.97,0.15,CreditCard,2.0,4.1,1593.62
40212,2025-11-09,5128f5f5-e102-4708-a1fd-341df472b40b,Toys,Oceania,4,134.496,0.0,CreditCard,5.0,4.5,537.98
92177,2024-09-06,1a59b8ec-57da-4885-8b5c-414af7da7bc5,Sports,North America,4,98.58,0.0,Cash,2.0,4.8,394.32
54580,2024-05-04,553727d8-88e4-40ab-9296-40ed8a349655,Beauty,Asia,2,66.55,0.2,BankTransfer,6.0,3.8,106.48
85061,2023-01-22,5eb01644-b415-4e6f-b130-16139e394bdf,Home,Asia,5,99.29,0.0,BankTransfer,1.0,2.6,496.45
28006,2025-12-13,fdbcb7e2-5da7-409f-abea-b9d7e798054f,Automotive,Africa,3,390.65,0.15,CreditCard,8.0,4.4,996.16
38528,2024-11-19,9a3cfb56-917d-44f2-b720-9add6601ca80,Electronics,Asia,4,417.609,0.0,BankTransfer,4.0,4.9,1670.44
36533,2023-11-19,ca73e49a-8f5f-4aff-b0a6-3a61a148daa7,Toys,Europe,5,158.33700000000002,0.0,PayPal,6.0,4.7,791.68
98542,2025-02-01,36e99f51-55be-4422-a797-3daa8d764411,Electronics,Oceania,2,305.45,0.1,BankTransfer,1.0,2.8,549.81
68527,2024-01-17,050d939a-5bac-4cbf-bda1-9f55de77bb21,Home,Oceania,2,338.84,0.1,BankTransfer,3.0,4.5,609.91
70807,2024-08-14,3a010c14-835a-4cf4-bcb5-04909267d0b5,Toys,North America,1,146.2,0.15,CreditCard,7.0,,124.27
78446,2024-06-13,1c4f3c3b-50c1-4fe8-a54e-adaf9cc37efd,Electronics,Europe,3,237.95,,CreditCard,9.0,4.7,606.77
53064,2025-04-29,fa2c0f6e-a670-4a43-9824-a2e156557c28,Fashion,Asia,5,275.23,0.0,CreditCard,1.0,4.1,1376.15
38425,2025-04-30,454afde3-0251-4db4-b810-453b7471a091,Fashion,South America,2,473.55,0.0,BankTransfer,1.0,4.3,947.1
61543,2025-01-30,c39dba82-bb5c-42be-8460-583a1955ca1f,Sports,North America,3,170.07,0.05,Cash,7.0,4.6,484.7
65199,2023-02-21,bf15e7c3-3da9-4900-b590-2b6b9de2d438,Beauty,Oceania,2,390.55,0.0,Cash,3.0,4.1,781.1
50365,2025-06-30,a10bd6cf-8234-4997-beea-b380d0bc1825,Automotive,North America,5,241.57,0.2,PayPal,3.0,4.7,966.28
11747,2025-05-03,74e8fa93-a38f-4315-820a-80acd7a5914a,Automotive,South America,3,61.37,0.0,CreditCard,6.0,2.9,184.11
4025,2024-08-30,c05e5ade-b303-4188-b378-cb94478b2f00,Sports,Oceania,3,320.76,0.05,Cash,8.0,2.4,914.17
3571,2023-05-03,3d57ee27-33da-4fc1-8d47-e26d1ef7a52e,Sports,South America,2,238.27,0.0,BankTransfer,3.0,2.1,476.54
23810,2025-01-12,41842818-7442-412f-bcab-9298ae1b0ed0,Automotive,Asia,5,199.55,0.05,Cash,3.0,2.3,947.86
30095,2023-09-03,fb5498c8-a5ba-4edd-bf9a-2833d320d3b2,Beauty,North America,1,109.56,0.0,Cash,2.0,4.7,109.56
80830,2025-11-06,33b99bb2-543e-48be-875c-285df84b86e9,Electronics,Oceania,3,386.955,0.05,Cash,8.0,2.5,1102.82
34223,2023-05-03,e4e9fbf6-e472-4813-bb34-6b4be187e480,Home,Oceania,4,279.42,0.0,BankTransfer,8.0,2.6,1117.68
30687,2023-09-30,53c7c650-7762-4f09-b6d1-5ee942b7a3f0,Sports,Oceania,2,438.57,0.1,CreditCard,3.0,3.1,789.43
25972,2024-06-15,92dddc04-d376-409d-bae7-96df8780141a,Electronics,North America,1,406.67,0.0,CreditCard,3.0,2.3,406.67
3314,2025-04-19,076451d3-275d-4459-92d3-6897d6442365,Home,South America,4,49.6,0.0,PayPal,9.0,2.3,198.4
58488,2024-04-20,1035c0de-2dbc-4637-96ab-5061bcbefda2,Fashion,Africa,2,301.91,0.2,BankTransfer,9.0,2.3,483.06
53394,2025-01-30,ef57073f-9480-4065-b04c-9d0b155f4086,Automotive,North America,4,56.96,0.0,CreditCard,9.0,2.7,227.84
615,2024-05-21,e1cde87f-ec95-4f87-ae5e-c36572eb7474,Automotive,North America,2,270.29,0.0,Cash,2.0,3.7,540.58
58594,2023-10-23,d748b1db-e62d-45d4-8c87-87ec6ee79b66,Fashion,Africa,3,398.81,0.05,PayPal,9.0,4.8,1136.61
10367,2025-07-10,94743809-8717-4af0-a52b-d100e20e22b8,Beauty,Africa,5,358.1,0.15,BankTransfer,4.0,2.9,1521.92
79697,2025-05-11,1c9bbeaa-9d64-4f94-aba1-548f8f6b0446,Sports,Asia,4,47.9,0.0,CreditCard,7.0,2.0,191.6
30398,2023-11-04,0c0833f2-7099-4082-8c48-a342f8a35ed8,Sports,Asia,5,123.354,0.05,Cash,7.0,3.3,585.93
67237,2025-04-23,35d0252b-0ecf-4226-8af9-98d1f20f754b,Automotive,Oceania,2,60.19,0.2,BankTransfer,6.0,4.5,96.3
29940,2025-02-26,a6dbf2e9-8287-494d-814c-fad77426032f,Fashion,South America,4,187.09,0.0,PayPal,2.0,2.9,748.36
88898,2025-05-28,ecae7ebd-0e5f-4db6-984a-ef791f83f24a,Sports,Europe,2,200.19,0.15,BankTransfer,4.0,3.0,340.32
55538,2024-08-26,0c4f8074-99ee-4c17-95ed-a3643a8cefa3,Home,South America,4,149.3,0.05,BankTransfer,2.0,3.3,567.34
79825,2025-08-19,f441d92e-321e-4450-b630-40dc76c1db25,Electronics,Oceania,2,185.59,0.1,BankTransfer,5.0,3.2,334.06
64726,2024-07-24,faf9440b-f4ec-4cad-abc6-ec7a242f4c73,Fashion,Asia,3,352.72,0.0,Cash,3.0,3.0,1058.16
26567,2023-09-09,a9c5baf4-14fe-4842-9064-f897e713ca88,Sports,Europe,2,224.08,0.0,PayPal,3.0,4.6,448.16
62677,2023-08-31,af9a634b-f0b4-4a27-9c91-8b18a6cf2962,Electronics,Asia,4,132.89,0.1,Cash,1.0,2.1,478.4
4194,2024-11-21,51683612-2bb6-4a4e-8c47-5261e585a0a5,Sports,Oceania,2,437.625,0.0,PayPal,7.0,4.4,875.25
12072,2023-03-22,60ebb712-710a-4cd6-9eff-7485c4613bbc,Fashion,Africa,5,478.89,0.0,Cash,5.0,4.4,2394.45
31428,2024-09-24,1d930b9b-de70-4c0e-a6ea-2cc22c138751,Sports,Oceania,5,103.68,0.05,PayPal,5.0,2.6,492.48
21261,2024-10-01,43361f25-3897-4fe3-a642-f14a83f522aa,Automotive,North America,2,455.56,0.05,PayPal,5.0,3.7,865.56
8664,2025-07-21,5caf5c6a-64ca-48e8-8dde-dccc831bef03,Sports,North America,4,107.36,0.05,PayPal,3.0,4.2,407.97
86350,2025-11-13,c6962a24-48cb-4fc7-be59-3147fc8d6fde,Electronics,Africa,5,96.084,0.0,BankTransfer,7.0,3.5,480.42
29953,2023-11-01,f16f74a0-587e-40e0-8542-07b09b0fb8ce,Automotive,Africa,3,112.05,0.0,PayPal,5.0,3.5,336.15
21052,2025-08-15,bfa99ddb-f22c-4a47-8863-96750d8ce576,Toys,Europe,1,350.18,0.05,CreditCard,4.0,4.3,332.67
70629,2025-02-24,25f4ce48-9d48-4de1-aa6c-c08455bab777,Home,Africa,1,462.92,0.0,BankTransfer,7.0,2.8,462.92
91126,2025-04-02,325b1b68-20c9-442c-86d5-f8276f6d02bc,Automotive,North America,1,291.08,0.0,BankTransfer,8.0,2.4,291.08
54638,2024-01-11,ebd0d97e-0f08-4fbf-af19-18b51e8719a0,Automotive,Europe,5,200.67,0.05,Cash,5.0,5.0,953.18
60285,2025-04-02,e53a619b-52bb-49b0-8a76-d3247b800ec0,Beauty,Europe,2,407.73,0.05,BankTransfer,6.0,2.4,774.69
94883,2025-06-18,3ae9e50d-3723-49df-91c3-5e9b84aff003,Beauty,Africa,1,191.01,0.05,BankTransfer,4.0,4.1,181.46
39695,2025-09-29,2218f4b6-f542-4c48-9479-59df167c1165,Sports,Asia,3,350.52,0.1,Cash,6.0,3.4,946.4
26238,2025-03-09,a8b59f56-21c2-48d0-b135-f6066b7e7422,Home,North America,4,377.94,0.0,PayPal,6.0,2.5,1511.76
38723,2024-12-22,4eeb3af7-f768-461a-b318-61a5f1c4e99b,Fashion,Asia,2,17.99,0.0,BankTransfer,1.0,4.8,35.98
92343,2025-12-03,59d6921a-0140-4f51-aa9e-d27c1755be5a,Electronics,Asia,1,241.54,0.05,Cash,4.0,3.2,
42593,2023-03-18,375d02fe-86c1-4f97-9f52-434780f6638e,Automotive,South America,5,478.79,0.0,CreditCard,4.0,2.2,2393.95
72270,2024-09-09,58b74bfc-0b80-4853-bc0c-b8a11ec143ee,Home,Africa,3,60.09,0.1,BankTransfer,3.0,3.7,162.24
97317,2024-06-30,9c918edb-4195-4cd0-96f6-07142a8f974b,Fashion,Africa,1,332.56,0.1,CreditCard,7.0,3.8,299.3
91341,2024-12-23,c2ab2d0c-656b-4797-9a3e-4acd04efed60,Fashion,Africa,1,378.67,0.0,CreditCard,3.0,2.4,378.67
99433,2023-06-13,6a2b70fd-56d5-4cd3-9c70-671a86caffd2,Home,South America,2,166.23,0.05,PayPal,9.0,3.6,315.84
96992,2024-03-19,874f113f-7641-449e-a7fa-08000f2b9331,Beauty,North America,1,91.6,0.1,BankTransfer,6.0,2.6,82.44
94189,2023-02-22,5244513f-ba0e-4bd2-8e75-6db17230bc7b,Electronics,Africa,1,17.56,0.1,Cash,2.0,4.9,15.8
897,2024-05-18,8fe069b6-eeda-4802-8568-f42689e03e22,Electronics,Africa,3,313.64,0.0,BankTransfer,8.0,3.0,940.92
67302,2024-04-26,887bc74b-d0fd-4dd2-a59b-5bacdf96a10e,Automotive,North America,2,243.51,0.0,Cash,2.0,2.5,487.02
53922,2025-06-06,d60a8f7c-3deb-4f85-80f1-d220b1405aab,Sports,Oceania,4,80.63,0.05,Cash,5.0,3.9,306.39
97621,2025-04-29,48f2cfa1-40a3-464f-9fa0-3dfbcc3773e9,Automotive,Oceania,4,495.57,0.15,PayPal,2.0,4.1,1684.94
21378,2024-12-10,d1636e46-f0da-4089-8b65-249275f5ebd1,Toys,South America,4,442.0,0.0,PayPal,4.0,2.4,1768.0
16541,2023-06-16,93a4982f-3b0d-46e7-967b-b24d96cf072d,Toys,Africa,3,119.41,0.0,BankTransfer,6.0,2.8,358.23
81012,2023-02-04,520ce5ea-2829-44f3-8964-d8b86a2ef23d,Fashion,Europe,3,140.3,0.0,BankTransfer,5.0,4.1,420.9
41409,2024-01-07,63f0144f-9933-4056-ac39-e3be251b677a,Automotive,Europe,5,345.81,0.05,Cash,8.0,4.7,1642.6
92612,2023-03-01,dc2a9875-37e8-4a6d-8902-78b31c417ab4,Fashion,North America,1,297.28,0.1,PayPal,9.0,3.3,267.55
39796,2024-06-02,61521896-26c2-49f1-8e91-0b5c83eee779,Sports,Europe,3,386.36,0.15,Cash,5.0,2.1,985.22
35380,2024-08-12,ed20e734-0430-409d-b922-80ac7dfd523d,Fashion,Africa,2,329.15,0.05,BankTransfer,8.0,4.4,625.38
27228,2024-04-09,10d5309e-9a5d-4586-8e27-495814e352e8,Automotive,South America,3,396.18,0.0,PayPal,6.0,4.3,1188.54
7113,2024-05-20,950ce835-3659-4a8c-938f-b1ef2ec01db7,Sports,Oceania,4,63.26,0.0,BankTransfer,8.0,4.3,253.04
6833,2024-09-11,5e723c24-c2c7-4d49-8dae-27d77668d540,Fashion,Asia,3,314.35,0.05,BankTransfer,9.0,4.9,895.9
3738,2025-09-11,c3595dc2-0bd3-42a9-abc7-8c063e9ace12,Home,Europe,2,453.69,0.0,Cash,2.0,2.0,907.38
29196,2024-07-14,e9cb5776-51d5-4043-8f0c-9fbe8f700a96,Home,Oceania,5,107.69,0.0,CreditCard,7.0,4.8,538.45
63148,2025-06-17,273cdb44-bc8e-45c4-879f-50678278f424,Toys,North America,3,341.11,0.0,CreditCard,9.0,4.9,1023.33
65091,2025-06-09,f32d5478-afd9-4ca8-86da-9c40a67015ac,Beauty,Africa,4,364.61,0.1,BankTransfer,8.0,2.9,1312.6
75188,2025-04-18,5847302f-6c77-45e4-9035-8f5144062067,Sports,Oceania,4,31.5,0.0,PayPal,5.0,,126.0
86548,2024-09-25,8001a023-458b-471e-863f-7404769f6056,Beauty,South America,2,321.45,0.0,PayPal,2.0,3.5,642.9
54967,2023-11-28,cb718a05-4b89-44b1-aa62-9b76fab2e923,Sports,North America,5,218.61,,CreditCard,4.0,3.6,983.75
49766,2024-10-06,a18b6360-730d-4e83-8cd6-73b9188e0715,Fashion,Africa,1,207.33,0.05,BankTransfer,7.0,4.7,196.96
25744,2024-11-01,9fbbeeef-1d5b-4f01-a4fb-48feb59fd9e6,Automotive,Asia,2,164.232,0.1,BankTransfer,4.0,4.3,295.62
47642,2024-05-26,1b42d88f-c4b5-4808-bcb6-f8a1e55e4509,Sports,Oceania,1,287.57,0.0,PayPal,8.0,3.0,287.57
75110,2023-12-09,6d44c07e-3085-4631-ba9b-6daf75960c4f,Automotive,Europe,3,159.7,0.0,CreditCard,9.0,2.9,479.1
42190,2025-02-18,97a6e8f3-9392-47c4-84be-39d32787c092,Fashion,Asia,4,347.51,0.0,BankTransfer,4.0,3.2,1390.04
93052,2025-12-27,,Toys,South America,3,248.88,0.0,BankTransfer,9.0,3.7,746.64
81823,2023-10-12,1eabd98d-df05-401b-8354-948c916dae4f,Sports,Asia,3,423.87,0.1,PayPal,3.0,3.2,1144.45
49772,2023-06-26,152e0e50-a163-4dd0-b401-f83dafb9b139,Fashion,Oceania,5,55.17,0.05,BankTransfer,3.0,3.4,262.06
63346,2024-01-15,f7130d71-ec33-4dd6-bf42-b289af709f80,Electronics,Europe,3,265.74,0.0,PayPal,3.0,3.6,797.22
61570,2024-02-23,70830c84-a32c-48cb-abf7-91a336a663e9,Sports,Asia,1,282.66,0.15,CreditCard,9.0,2.2,240.26
52227,2025-08-30,f3612f34-1783-4035-9aa4-aa06d74cc026,Sports,Europe,3,49.95,0.0,BankTransfer,1.0,,149.85
86638,2025-11-05,5caea310-7a44-4339-835a-8dc67380ea6c,Fashion,Asia,6,424.71,0.0,PayPal,7.0,3.0,2548.26
20229,2025-05-28,a687c13f-f416-4d61-a6be-4e5155431649,Toys,Oceania,3,179.03,0.1,Cash,2.0,3.6,483.38
39989,2024-02-16,4bb8f598-2098-4c89-813a-1c8f833a44da,Fashion,North America,3,284.37,0.0,Cash,8.0,2.7,853.11
16241,2023-11-29,c10e07c1-bf8e-4640-be8d-544af23c3d37,Electronics,Asia,6,295.281,0.0,CreditCard,4.0,4.5,1771.69
32093,2025-07-25,f516470f-2548-42e0-86bb-0c437bae78c2,Automotive,Africa,3,6.25,0.0,PayPal,5.0,3.1,18.75
74208,2025-02-20,255e674b-8820-49d1-97f3-7a728eab2cd5,Beauty,Europe,3,408.57,0.05,CreditCard,2.0,4.2,1164.42
34036,2025-09-13,ca5dc9bf-05a9-46d6-aa51-ec9cdfbf05af,Electronics,Africa,3,127.56,0.05,Cash,5.0,4.0,363.55
89520,2023-12-19,2c1b5208-98be-4419-9d13-c37dba144430,Electronics,Europe,2,341.21,0.05,BankTransfer,5.0,4.7,648.3
91287,2023-10-26,f34b6900-146d-492f-bc4d-efb0cae47c05,Sports,Europe,3,221.58,0.2,CreditCard,4.0,3.2,531.79
14052,2025-11-22,6aa49b3d-45c8-4af1-9b22-8a51b2f6900c,Automotive,South America,5,268.335,0.0,CreditCard,9.0,2.1,1341.68
83938,2023-11-09,76f7c302-b4ce-4f97-9826-5575bbe42855,Fashion,Europe,6,275.83200000000005,0.1,CreditCard,9.0,4.0,1489.49
57284,2023-10-04,88d3b911-b6e8-43e7-9693-179a9879fc6a,Home,North America,4,329.69,0.0,CreditCard,6.0,3.1,1318.76
23036,2024-03-22,a08f0dae-8b9b-4fbf-afdd-13628380186b,Toys,South America,3,38.68,0.1,PayPal,3.0,3.6,104.44
88702,2023-10-19,ee260218-577c-4ea1-855f-468f9c401f8e,Beauty,Africa,4,36.06,0.0,BankTransfer,8.0,4.3,144.24
35270,2025-12-31,e171405c-9701-4619-bab4-afab01491e7b,Toys,Europe,3,18.06,0.0,Cash,4.0,3.6,54.18
98692,2024-02-26,c809e185-e206-4815-a417-3b82fe84fafc,Automotive,Asia,1,498.49,0.0,Cash,7.0,2.7,498.49
38902,2023-06-03,7e6a04ec-2f17-41d1-81c4-ebcd7bb6e27c,Toys,Africa,5,481.28,0.0,BankTransfer,2.0,2.8,2406.4
42505,2023-07-16,adfb18dd-a3e9-4f17-a5e2-b89ddb61f26d,Beauty,South America,4,189.95,0.0,,7.0,3.4,759.8
64128,2024-10-25,10b92d22-721c-41f4-8ebd-734eebcf0e3b,Home,Asia,4,481.61,0.15,CreditCard,2.0,3.9,1637.47
65906,2024-06-02,d085b2f8-b9e7-4748-b631-2921e6bd6e87,Electronics,Europe,2,179.0,0.0,CreditCard,9.0,4.2,358.0
73312,2023-04-07,8bbe40ed-4b92-4c4d-81fd-f130e8a72e7a,Electronics,Asia,2,463.19,0.1,PayPal,5.0,3.4,833.74
92253,2024-07-30,48c8f7c6-e301-49f6-9b25-dfea44e5fc7d,Automotive,South America,2,77.67,0.05,PayPal,6.0,2.6,147.57
52129,2024-03-02,,Fashion,Africa,1,69.74,0.0,CreditCard,2.0,2.7,69.74
99489,2024-11-17,19ee23d3-7c17-44b9-95fb-1ff449aed8eb,Fashion,South America,6,350.28,0.0,PayPal,6.0,4.3,2101.68
41389,2025-08-04,679bbf88-f551-49fe-90c2-43a6cf857ee2,Home,Oceania,2,142.33,0.0,PayPal,4.0,2.3,284.66
55296,2023-05-21,6e9c47ac-b205-4f95-af7f-dad2a041e65d,Automotive,Africa,3,431.66,0.0,PayPal,6.0,2.8,1294.98
33916,2025-01-19,8623f5ac-37b9-4d6e-809d-cfae021ac68a,Electronics,Oceania,5,436.12,0.05,CreditCard,1.0,2.1,2071.57
21891,2025-12-22,0128d491-bc32-498f-a73a-dd327defbb69,Electronics,,3,23.06,0.0,CreditCard,2.0,3.8,69.18
93065,2024-02-20,1bb81c66-f929-48fc-8285-f46773ea068f,Fashion,North America,4,350.81,0.0,CreditCard,4.0,5.0,1403.24
62585,2025-02-09,e688b58c-6cb8-49e9-b6dd-7f244622390c,Electronics,Africa,4,144.41,0.15,BankTransfer,4.0,3.1,490.99
47345,2025-03-20,281d2c44-fd66-4f49-8663-6be841389c6f,Home,South America,5,246.68,0.1,BankTransfer,4.0,3.9,1110.06
2688,2023-08-09,a9217ddc-3cea-4f89-a217-3b7fc536d2ce,Fashion,Europe,1,171.3,0.05,CreditCard,1.0,2.9,162.74
84126,2023-02-02,a69686fc-36ed-48dc-8428-ef63e54cc0f7,Beauty,Europe,3,206.91,0.1,CreditCard,1.0,4.8,558.66
6934,2023-08-22,f2d058ca-7b2e-429d-9f80-bd12299606d2,Toys,South America,3,390.01,0.0,BankTransfer,9.0,3.3,1170.03
73773,2024-07-25,c257db6d-186f-49eb-8232-660c635ab65c,Sports,Oceania,5,356.13,0.0,BankTransfer,7.0,3.1,1780.65
11462,2023-04-22,6094413d-03c8-4477-addc-d3ff8b1096c0,Beauty,Oceania,5,386.07,0.0,PayPal,4.0,3.0,1930.35
80488,2023-08-12,e675b4c7-eaab-47ed-9cb2-5a2ad260a510,Toys,Africa,1,51.92,0.0,BankTransfer,8.0,4.6,51.92
62448,2024-05-05,1126952a-3d39-4d7d-889e-ddac4158346f,Beauty,Oceania,3,445.69,0.0,CreditCard,2.0,2.7,1337.07
64799,2023-08-05,d00217b2-c595-4ec6-9b1e-cf2b7f7fbada,Electronics,North America,4,420.12,0.0,CreditCard,9.0,4.4,1680.48
83135,2025-02-15,74189841-c37b-4389-b722-ad100cf1f09d,Toys,Oceania,5,114.44,0.0,Cash,8.0,4.7,572.2
73277,2025-02-07,d036f927-c4e5-424c-9543-c99eee078cb4,Automotive,Oceania,4,30.71,0.0,Cash,7.0,2.6,122.84
65336,2025-01-06,151b3925-3426-4911-8749-802844ef50c8,Beauty,Africa,2,113.98,0.1,Cash,9.0,2.6,205.16
5105,2023-07-29,1cf98855-719d-454f-81c6-af4013d5ac4f,Toys,Asia,2,109.22,0.0,Cash,3.0,3.0,218.44
52231,2024-11-02,1c274e43-53a3-4a46-8054-aa86d689746f,Sports,Oceania,4,288.729,0.0,BankTransfer,3.0,3.4,1154.92
42305,2023-09-08,50abdfdb-23dc-480d-bfc5-e0540df96346,Beauty,North America,2,96.75,0.1,BankTransfer,1.0,4.5,174.15
187,2025-09-27,3270e4fa-abae-4f43-bcae-8081bdf070aa,Beauty,South America,5,5.12,0.05,PayPal,3.0,2.2,24.32
73631,2024-07-26,6cd7a51f-c209-446d-90e8-7393cbe76c4d,Fashion,North America,1,275.59,0.0,PayPal,3.0,2.9,275.59
27245,2023-03-03,9c694a79-8a3d-44b6-abc7-021aac472c44,Fashion,North America,1,33.07,0.15,BankTransfer,9.0,4.5,28.11
57788,2023-12-23,dd35b405-2842-424d-8920-a3c87a65ec16,Automotive,Europe,3,17.39,0.2,BankTransfer,9.0,3.4,41.74
83399,2024-02-26,82851a45-f9a7-4350-a954-00dde76d11dc,Automotive,Africa,1,47.84,0.1,BankTransfer,8.0,4.4,43.06
14318,2024-04-30,2da61acf-b630-4d90-affa-40f7350cf740,Sports,Oceania,4,346.08,0.15,Cash,4.0,3.1,1176.67
35090,2025-08-29,ec331e24-f83e-4424-a953-3e74edb07bca,Electronics,North America,4,309.9,0.0,PayPal,9.0,2.7,1239.6
98756,2025-09-10,d99cd3a8-eb87-4518-a441-a0a58ff91293,Toys,Oceania,5,327.1,,PayPal,8.0,4.6,1635.5
1464,2024-08-16,573bfc17-2167-435e-8e73-34f233932b6c,,South America,5,107.01,0.0,Cash,3.0,4.0,535.05
79851,2023-08-14,9a2c566c-0c30-4ab1-a66b-268cfa5e2914,Toys,South America,3,185.0,0.05,CreditCard,1.0,4.2,527.25
52766,2023-05-23,3ba3592c-536f-49de-9293-d5a1261b83b0,Home,South America,5,355.99,0.1,PayPal,6.0,2.8,1601.96
49483,2023-12-20,2e04ab33-458c-499f-8485-40e375df2244,Toys,North America,1,204.9,0.0,Cash,6.0,3.5,204.9
79563,2024-11-17,627eb0f7-2a2a-4ad3-83d4-84f640c1a49d,Toys,South America,2,334.071,0.0,Cash,8.0,4.7,668.14
72364,2023-04-14,c3f7b54c-9bdd-4337-a24f-1eb53d4e80f8,Electronics,Oceania,3,119.7,0.0,PayPal,5.0,2.9,359.1
61128,2025-11-08,835e0883-94bb-414c-86d2-eecbb3b2bcd9,Fashion,Oceania,4,102.618,0.0,CreditCard,1.0,2.6,410.47
49513,2025-03-20,baa93b01-cb77-4aa6-a74c-f567d368093b,Beauty,South America,2,137.51,0.0,Cash,8.0,3.2,275.02
89611,2025-01-03,5790b532-cdd3-47ac-940e-c73113e67487,Electronics,Europe,4,451.65,0.15,Cash,4.0,4.0,1535.61
89409,2024-11-12,e6d894b2-7756-4837-8e6f-c50fa7cef6a3,Home,Africa,6,,0.0,Cash,4.0,5.0,1642.46
28818,2023-08-15,5b612cb1-b605-4cb5-bf2a-e006c8ab7726,Electronics,South America,4,462.03,0.0,BankTransfer,5.0,3.1,1848.12
4450,2025-05-30,bbab3b0e-60a1-451d-a4a0-aaadb436e8fb,Sports,Europe,5,471.37,0.05,CreditCard,7.0,3.9,2239.01
61375,2025-04-08,39ac9064-f4d3-40a4-a07a-4354bc5d543f,Home,Asia,3,88.15,0.05,Cash,8.0,2.9,251.23
573,2023-03-18,530ac1c7-b8ba-4368-8fc7-77685ebbcca5,Beauty,Asia,4,120.93,0.05,CreditCard,9.0,3.2,459.53
4912,2024-01-25,42a1279b-8bf5-4aed-9904-b887d77b03b3,Beauty,North America,4,357.92,0.1,CreditCard,6.0,4.8,1288.51
67813,2024-08-25,ecda9c6e-93a6-4be4-80bf-af5ce9f6bc46,Fashion,Europe,2,467.78,0.0,Cash,2.0,2.7,935.56
85376,2025-09-20,5d400b20-5abd-46da-a31a-85af2417833e,Beauty,Oceania,3,464.08,0.0,PayPal,5.0,3.4,1392.24
37447,2025-12-21,f08e93cd-d638-4944-8352-4d9d1e1aaee0,Electronics,North America,4,225.64,0.2,PayPal,1.0,3.9,722.05
84008,2024-12-26,e734227a-cdd0-4b25-abbe-4eba4ceb6fe7,Automotive,South America,5,336.17,0.0,Cash,4.0,3.1,1680.85
34328,2024-01-07,50e61ba3-2c04-4716-9e6d-08e957d3538c,Fashion,Asia,4,242.06,0.0,PayPal,4.0,3.3,968.24
43144,2024-07-10,7267205e-8f66-4ee7-8557-cad0cf06d5bb,Home,Asia,1,411.46,0.2,Cash,5.0,3.3,329.17
40773,2023-12-26,8f92fba3-cf08-4c0c-b6d9-8a3f79d4672d,Electronics,Europe,1,97.11,0.0,BankTransfer,7.0,4.8,97.11
87502,2023-08-06,3b134d93-463e-42fa-9096-21aa90eac77b,Automotive,Oceania,2,117.25,0.05,BankTransfer,8.0,2.4,222.77
59395,2025-10-24,5ff44565-e4d4-4726-a091-c424916539d2,Electronics,Africa,3,12.75,0.2,PayPal,7.0,2.7,30.6
37524,2024-04-21,d67612eb-4969-457a-b1d3-7b9e3fc698da,Home,Oceania,1,241.59,0.2,BankTransfer,7.0,2.5,193.27
37024,2024-12-23,a7708291-5049-405c-9770-f984588ac85e,Home,Europe,5,44.4,0.0,Cash,5.0,3.6,222.0
57223,2023-09-27,7051c804-39e8-4db4-98a9-2f731870eae8,Toys,North America,5,358.79,0.0,Cash,5.0,2.2,1793.95
88990,2024-02-26,9b226c6d-1b73-4816-8f3e-c8e2f07dc5f5,Fashion,North America,3,440.25,0.05,CreditCard,1.0,3.7,1254.71
93717,2023-11-30,0614f2d6-9247-484f-ae2b-5c1b2daab8c1,Sports,Africa,5,118.56600000000002,0.0,Cash,6.0,3.3,592.83
11151,2025-12-09,53172e89-1595-4106-9511-6c5f34c4f6ad,Fashion,North America,5,253.11,0.0,BankTransfer,6.0,2.6,1265.55
55005,2023-08-06,8b399f8c-1250-483b-a779-84ecefb00e4b,Automotive,South America,5,480.96,0.05,BankTransfer,1.0,2.8,2284.56
68272,2023-08-11,f0383a42-003d-47b1-bfd5-c458e92ba5e9,Fashion,North America,4,27.08,0.1,BankTransfer,2.0,2.9,97.49
85309,2025-10-11,,Sports,South America,1,395.66,0.15,CreditCard,2.0,2.7,336.31
95775,2023-08-21,b3302dfa-1990-4710-bc7a-9bd5971642dd,Automotive,Oceania,1,125.9,0.05,Cash,4.0,4.7,119.6
6118,2023-01-25,5ff540ca-9038-4b45-916d-9a42e7b795f9,Automotive,Oceania,2,97.72,0.1,CreditCard,1.0,2.6,175.9
65733,2024-02-13,e615d90b-a43a-459b-9824-7162a42d8cde,Electronics,Europe,2,421.43,0.0,Cash,2.0,2.7,842.86
79403,2025-07-07,56599848-18e6-4320-93bb-0ed7a776e594,Electronics,Oceania,1,300.16,0.05,BankTransfer,3.0,3.6,285.15
60289,2023-11-24,138a12a1-18c6-462c-a079-0fa55f2da8e0,Home,Oceania,5,427.068,0.05,BankTransfer,4.0,4.4,2028.57
33790,2024-01-24,e64152b4-a49b-4671-88da-ca13c671c92d,Electronics,South America,3,386.7,0.05,CreditCard,4.0,4.1,1102.09
14486,2024-08-28,93e8b90d-d73a-4e2d-8155-0f52bb7202dd,Electronics,Oceania,4,276.1,0.0,CreditCard,2.0,2.7,1104.4
17191,2024-05-03,e4a24c83-9a6d-4ea0-bf21-2de6596d9500,Electronics,North America,5,43.88,0.0,PayPal,4.0,2.4,219.4
51681,2025-03-06,d15aaba3-b320-4d2a-b9a1-6ef67e49e02b,Electronics,North America,1,70.8,0.05,PayPal,9.0,4.6,67.26
29227,2023-05-27,74d54610-ae4b-4031-9dd7-2830d3eb39bb,Toys,Africa,2,90.45,0.1,BankTransfer,7.0,3.4,162.81
64572,2024-01-15,5be4a282-fc4d-4683-ac4d-54105b9e1d72,Fashion,Europe,4,136.76,,PayPal,4.0,2.2,519.69
94615,2025-03-19,44489086-860b-4183-9bbe-8e888e14dbf2,Automotive,Africa,4,334.56,0.0,BankTransfer,5.0,4.3,1338.24
53576,2025-03-18,74e025fe-e2ee-45f5-acb7-fcc10d59857b,Toys,Asia,3,164.93,0.1,Cash,7.0,4.2,445.31
4190,2023-03-21,ce8a5306-d243-4d1b-96bd-5e9f4e7a081e,Electronics,South America,4,336.3,0.0,Cash,6.0,3.8,1345.2
7546,2025-10-09,df30f2f5-3226-486f-8595-30c1a1295a39,Automotive,South America,2,489.73,0.05,PayPal,7.0,4.9,
57517,2025-12-11,e5344937-5992-4dba-b03d-0b2fe3ff4fcb,Sports,Europe,1,418.83,0.05,PayPal,9.0,3.8,397.89
36294,2024-08-06,4e8d0c03-0ef7-4054-8303-4cf68e5c4995,Toys,Europe,5,218.81,0.2,BankTransfer,1.0,4.9,875.24
64349,2023-02-26,636fb8f7-3f95-41d3-a5c7-db3510e1aa52,Electronics,Africa,3,434.74,0.0,CreditCard,6.0,2.6,1304.22
54213,2025-04-26,a52b4d88-fda7-4ff3-a76c-11fcda9a9daf,Electronics,Africa,3,28.2,0.0,PayPal,4.0,3.7,84.6
43113,2024-09-26,5b07045f-78bb-4b31-a8cf-04fa582f1aa1,Electronics,Europe,1,314.78,0.0,Cash,9.0,3.2,314.78
41579,2024-12-04,fc125e15-60ea-4a7e-99a8-f5808fb78e04,Toys,Europe,1,222.73,0.0,BankTransfer,3.0,3.9,222.73
19731,2025-02-26,1d6c0c5e-c393-4544-8378-3050e599e2e0,Sports,Asia,2,418.23,0.05,Cash,4.0,5.0,794.64
43892,2025-05-25,6db27777-5cf2-48a3-a0ee-4f3f7ea19fde,Electronics,Europe,4,83.28,0.0,PayPal,6.0,2.8,333.12
7135,2023-05-01,bce4808b-2b5b-4e12-a06c-e216b54a126d,Toys,South America,3,71.61,0.0,CreditCard,5.0,4.0,214.83
81360,2025-06-04,7ba32bc9-424a-4c61-9c14-c1a3576419b8,Toys,North America,5,415.56,0.0,CreditCard,3.0,4.1,2077.8
21854,2024-02-13,caa6e212-a5ef-4592-87d0-536e44c0d4c5,Fashion,Oceania,2,406.84,0.0,CreditCard,3.0,2.5,813.68
29984,2025-12-29,fd32c920-b89a-45d4-bf5d-3e07036dda75,Fashion,Europe,4,202.06,0.05,CreditCard,4.0,4.1,767.83
54540,2024-12-28,ddc38d4a-fc6e-459b-b684-b8a653130cad,Electronics,North America,4,256.86,0.05,BankTransfer,9.0,4.6,976.07
48389,2025-07-28,ac5c43ff-b91c-4533-aa91-8c62daab40aa,Home,Europe,5,168.71,0.05,PayPal,1.0,2.7,801.37
34124,2024-01-09,5af29561-7c28-473c-823e-26505b5319ed,Automotive,Oceania,3,98.5,0.0,CreditCard,2.0,4.6,295.5
69619,2023-10-29,b1fcaed0-e805-4b3f-b6b2-81717ade2a67,Home,Africa,2,407.6,0.1,Cash,9.0,4.8,733.68
37210,2025-04-07,5d501ff8-631a-45d7-93cd-b211596f17ff,Electronics,Europe,1,225.58,0.0,PayPal,8.0,2.0,225.58
12963,2023-11-14,8a353f73-a4ba-45b5-a5e7-c785d355e653,Automotive,,2,278.07300000000004,0.0,PayPal,2.0,4.7,556.15
89574,2023-06-30,dd126974-7545-44d3-879c-9d9dcde1e1d2,Fashion,South America,3,386.75,0.0,CreditCard,1.0,4.7,1160.25
78072,2025-03-20,bfdfdc4e-0514-4667-b459-d0cf3dad1127,Toys,Asia,5,354.91,0.2,Cash,3.0,2.3,1419.64
84808,2024-01-15,94dd4f00-4574-4fc3-b9fe-c5ce7d742554,Automotive,Europe,2,218.68,0.0,BankTransfer,8.0,4.3,437.36
53819,2024-04-19,b1441eb8-38f2-4c5c-bab7-bb3b585af8eb,Sports,South America,1,393.84,0.15,PayPal,8.0,3.1,334.76
619,2023-03-10,a1a27485-7134-4c2a-b80b-3657117b355b,Electronics,Europe,1,146.83,0.2,Cash,4.0,2.6,117.46
75371,2025-09-07,4dbdad09-4a88-4e16-9d6f-f2653ec677ac,Toys,South America,3,469.38,0.0,CreditCard,3.0,3.5,1408.14
93376,2025-06-14,92f713ca-0b69-4a54-b6a3-5a1e0a2302a7,Home,Oceania,1,197.44,0.1,PayPal,7.0,3.6,177.7
22985,2025-05-22,9d52c38c-a3af-48cb-8710-fa6629aab1f8,Fashion,Africa,3,135.35,0.05,PayPal,4.0,3.9,385.75
1138,2025-03-07,51b30182-f7fe-404f-a5f3-0779f6ee5cdb,Beauty,Oceania,1,313.08,0.0,PayPal,6.0,3.8,313.08
25998,2024-08-18,4dc3a23c-892e-42a6-8d54-d814cbe9b012,Toys,Europe,1,289.41,0.1,Cash,1.0,3.2,260.47
14169,2025-09-22,9dbf4277-589e-4b66-a7a5-1ec243c3329b,Electronics,Europe,5,42.02,0.1,Cash,8.0,4.0,189.09
11947,2023-11-10,cf18d1b9-b281-48f0-865e-b4e1fe801c84,Sports,Oceania,6,245.925,0.05,Cash,1.0,2.9,1401.77
42562,2025-02-27,680800a2-a492-4da5-9f8e-c2d58fed71cf,Automotive,South America,3,350.76,0.15,PayPal,5.0,4.3,894.44
22610,2025-03-26,dd769216-9e55-497e-a471-262f18a96290,Beauty,South America,2,263.59,0.05,CreditCard,4.0,4.9,500.82
1061,2023-10-08,694d7b00-8d38-4327-883f-13c601b158e9,Toys,Africa,3,82.82,0.05,Cash,5.0,3.8,236.04
26942,2025-06-01,2a765772-319f-4143-a6c3-5199f0b49011,Toys,Europe,1,,0.05,PayPal,9.0,3.1,243.18
98481,2025-06-18,a8390f4e-430d-4c66-b52c-fa697bdb1b63,Toys,Oceania,4,490.66,0.2,PayPal,9.0,2.6,1570.11
73835,2023-01-11,53d8b26c-8b56-4e45-93d5-be8876eb1556,Electronics,North America,3,220.13,0.1,PayPal,4.0,3.7,594.35
61934,2024-06-06,073c2a57-4bb9-4842-bce4-5ab0541570fd,Fashion,Asia,4,114.3,,Cash,1.0,3.3,457.2
35725,2025-10-14,db07709d-322b-4bb1-8e8d-7351590ec298,Automotive,Asia,1,461.38,0.05,BankTransfer,2.0,4.2,438.31
55057,2024-05-04,e678b181-c195-4666-a663-704d5f082eb7,Sports,South America,3,399.3,0.05,PayPal,7.0,2.2,1138.01
20071,2024-12-02,a380e9ba-6887-4634-91ef-6c69e8047e04,Fashion,Oceania,2,331.42,0.15,Cash,1.0,3.7,563.41
39252,2024-04-12,20a3c308-ae42-46c8-989f-55e667964fdf,Toys,Oceania,3,378.05,0.05,BankTransfer,1.0,2.0,1077.44
9527,2025-12-22,6b1b8c03-0b7e-4d79-8c1b-0d55933be58a,Beauty,Europe,3,20.18,0.0,CreditCard,9.0,2.0,60.54
50464,2025-09-02,f7efce80-bbf6-42f7-9baf-a1a7b74e085a,Toys,Europe,1,427.26,0.05,CreditCard,5.0,4.9,405.9
28080,2024-10-09,7c45de70-cdab-46c5-9648-43921d0c3e08,Sports,South America,4,486.59,0.0,BankTransfer,3.0,4.1,1946.36
49043,2025-01-05,a008aea1-6785-471b-8a6b-67fd0d2a1903,Sports,South America,4,413.92,0.05,BankTransfer,2.0,4.0,1572.9
15611,2024-07-16,a099fa5d-5fc2-4d26-a8aa-41cb571ff5da,Toys,Oceania,5,13.41,0.05,Cash,7.0,3.8,63.7
14321,2025-02-06,88df6a45-5a2d-422f-948e-2df49a2f8623,Sports,Africa,1,148.33,0.0,PayPal,8.0,3.3,148.33
51649,2025-10-20,99b91e1b-9918-403d-ba6f-d788e47d55a2,Beauty,Africa,2,327.09,0.2,CreditCard,7.0,3.7,523.34
24930,2024-02-22,8b210d49-1491-4371-88c6-38c9d2b45510,Home,Europe,3,174.48,0.0,CreditCard,1.0,3.1,523.44
56108,2025-06-18,a64aa031-f763-443a-9f72-3470dfdda77b,Beauty,Europe,2,304.03,0.0,Cash,4.0,2.4,608.06
82444,2023-09-16,088d3d85-20a0-4362-959e-482b69b9ac48,Home,South America,5,52.82,0.05,Cash,3.0,3.3,250.9
41623,2023-07-08,8388547d-c99b-48c2-bae9-34702c826c44,Toys,Asia,2,303.3,0.15,CreditCard,4.0,2.4,515.61
56499,2024-12-31,2ce70822-dc96-4387-a124-646113fe7335,Automotive,Asia,3,399.17,0.0,PayPal,6.0,3.6,1197.51
52451,2025-11-27,56b9a3e9-a2f1-4922-86b5-eb7ec7f9f47f,Electronics,South America,6,407.376,0.05,PayPal,4.0,4.0,2322.04
88385,2023-03-08,87b740c5-3ae6-4c8f-9cb9-d522a027c366,Home,Oceania,5,182.96,0.0,CreditCard,3.0,3.3,914.8
78317,2025-02-09,03063be3-d08e-45d4-853f-b4929361d3a0,Electronics,South America,2,258.4,0.1,Cash,9.0,3.1,465.12
64672,2025-01-09,4a090af7-30ae-4074-a506-213e347b6810,Beauty,Oceania,4,326.68,0.0,PayPal,4.0,2.5,1306.72
74081,2024-01-19,49eaa97b-fa71-413c-95a2-e6b1194767b5,,Africa,1,80.37,0.1,CreditCard,3.0,4.1,72.33
99188,2023-10-22,4abb4c79-145c-4217-849e-96ff1d5128e6,Toys,Asia,2,112.13,0.0,Cash,2.0,2.0,224.26
11615,2024-10-16,c02d7852-205a-40de-8413-0c746bf49fd0,Toys,Europe,1,130.3,0.0,BankTransfer,1.0,2.9,130.3
84128,2023-11-05,3dbb7ccf-9c54-46ac-a538-1c06116b01f9,Electronics,Oceania,3,275.796,0.0,CreditCard,7.0,3.5,827.39
15250,2024-07-14,c195842c-ed8a-4d7e-88f1-651410160de4,Sports,Africa,5,472.85,0.15,CreditCard,6.0,2.5,2009.61
95718,2024-08-09,4d3a6ab2-357b-4caa-ae30-7eed254914d9,Home,South America,5,381.06,0.0,CreditCard,9.0,4.8,1905.3
37912,2024-11-03,f7b471d6-df48-4923-be0b-38e546a8a0b5,Beauty,Africa,2,324.108,0.05,PayPal,1.0,2.7,615.81
74689,2025-07-19,5b1c1f10-7688-44ae-95cf-c78677262d4c,Automotive,Africa,2,425.53,0.05,PayPal,7.0,2.8,808.51
13368,2023-01-17,6917a9fb-beb7-4b53-9ecd-97f56e3ab4ad,Electronics,Africa,5,26.46,0.05,BankTransfer,3.0,3.9,125.68
57991,2025-04-19,fa823ae2-bf0a-4b33-b642-6796fdbb7edb,Automotive,South America,4,24.04,0.0,PayPal,8.0,4.3,96.16
86281,2024-10-28,06970811-8b49-475c-8cf5-a642bb09a475,Automotive,Europe,2,114.03,0.0,Cash,6.0,3.1,228.06
89430,2023-10-07,668c4775-ac77-43aa-b1c9-08d816b1298d,Home,North America,2,251.01,0.0,Cash,1.0,3.7,502.02
47312,2025-07-25,b620c496-c8a9-4944-ae14-bf86035c13fd,Sports,Africa,4,486.59,0.1,CreditCard,1.0,4.7,1751.72
98974,2024-06-26,9dd10b06-42af-4bbc-9ba4-b93146a4e156,Home,Oceania,2,170.55,0.0,PayPal,9.0,4.2,341.1
84176,2024-12-16,9b553471-0712-4eba-b5ae-f6e876c491f8,Home,Europe,3,247.62,0.05,PayPal,6.0,3.5,705.72
76094,2025-07-18,fc292993-6ab4-4c03-adbe-72e1be2540fe,Home,Africa,2,338.26,0.1,BankTransfer,2.0,5.0,608.87
14255,2023-06-24,896f73b4-2cf4-436a-8f66-cb36c2dcaebe,Home,Europe,4,315.51,0.0,Cash,,4.0,1262.04
62943,2023-09-01,b0ca2259-58ae-4e0c-b835-d78893bbf083,Fashion,Africa,4,370.63,0.0,BankTransfer,3.0,3.0,1482.52
22303,2023-04-18,4188431e-6c96-478d-9f69-881a2adf10e9,Toys,Asia,3,245.12,0.0,Cash,2.0,2.5,735.36
99817,2025-08-11,f8355228-2cbc-4b86-88cf-82437b65ff3f,Fashion,Asia,2,287.9,0.05,PayPal,5.0,4.8,547.01
82072,2023-05-29,70cefef5-cd60-4db9-85c8-b5d85a2a7ac0,Toys,,1,63.35,0.1,PayPal,8.0,2.4,57.02
65699,2025-06-14,428d6450-c223-49e1-bd74-08253af7d156,Fashion,Europe,4,328.65,0.0,BankTransfer,5.0,2.1,1314.6
94115,2024-09-25,1576f6a8-8112-41dd-b10a-cc2a7e61996c,Fashion,Asia,4,216.88,0.0,BankTransfer,8.0,4.2,867.52
97827,2024-10-09,0032110d-5405-4161-b788-70f87ed4f1cb,Electronics,Asia,1,227.26,0.1,CreditCard,6.0,2.3,204.53
90074,2024-08-11,0865bc33-ebda-47b0-89f0-f54a83f5a437,Sports,Asia,2,412.4,0.0,BankTransfer,7.0,3.0,824.8
26665,2023-04-14,beccaf09-6527-42aa-9d43-1d3f76c880ae,Toys,,2,324.97,0.05,PayPal,3.0,3.0,617.44
32411,2023-12-02,acd02d93-069f-476f-85fa-87c84e00af93,Toys,South America,1,17.62,0.0,Cash,5.0,5.0,17.62
43411,2024-04-09,2bacfc18-e5e2-4907-929a-f17623efe09e,Home,South America,4,454.06,0.0,PayPal,8.0,4.1,1816.24
43432,2023-04-24,6e23ad9c-e117-4c6d-a745-e1471b2d79c8,Sports,Africa,2,222.78,0.0,Cash,2.0,2.4,445.56
81411,2023-10-24,14b96b54-57f4-4d47-91ec-577cba19469f,Home,Asia,4,138.59,0.05,CreditCard,5.0,2.3,526.64
75861,2024-02-09,5708a21a-f641-4d60-b6b3-662dcb016af6,Toys,Oceania,1,173.78,0.0,BankTransfer,3.0,3.1,173.78
86302,2023-05-31,5514a8a5-d317-4e2a-95de-5c9ba42e4120,Automotive,Asia,3,278.27,0.05,PayPal,3.0,2.4,793.07
90716,2023-09-16,90048aed-fb7a-4e18-b86c-2cb22bf5d71d,Home,Asia,4,275.06,0.0,PayPal,3.0,4.5,1100.24
37103,2024-12-13,8d1195ad-0bbe-4562-88ae-0c4c2c12710b,Beauty,Europe,2,413.56,0.0,PayPal,1.0,4.7,827.12
16500,2023-03-30,71f4ad4e-df33-4ee8-bf5d-81db3d574d80,Beauty,South America,4,368.68,0.0,PayPal,7.0,2.9,1474.72
16371,2023-07-10,31cdba78-8f36-43d7-915a-ff858f70ce5f,Fashion,Africa,3,139.13,0.0,BankTransfer,3.0,3.0,417.39
39234,2025-09-05,ef1ed1a0-591d-4edf-b206-791dd578128c,Beauty,Africa,2,304.59,0.2,BankTransfer,9.0,4.3,487.34
76776,2025-10-25,3c1dde97-62b3-478e-8418-c70b8a6d8908,Toys,South America,3,305.71,0.0,Cash,6.0,2.7,917.13
22528,2023-11-25,4633f355-c0c5-464a-baf8-fbd12fd505b1,Home,Europe,6,92.142,0.0,PayPal,6.0,3.9,552.85
14683,2023-11-24,5110c40c-651c-4898-971e-ce45cfe41699,Beauty,Asia,6,425.466,0.15,PayPal,5.0,2.0,2169.88
85177,2023-03-15,07fbcacd-f4a8-474c-b6db-c36c75c9a90b,Sports,South America,2,312.93,0.0,PayPal,4.0,4.4,625.86
877,2025-04-12,f4e95734-5052-4700-a077-96a38685abaa,Sports,Asia,2,203.93,0.05,CreditCard,7.0,3.1,387.47
89328,2024-02-15,14041413-8862-4b43-a5ce-a6c53cabd75b,Automotive,North America,2,41.76,0.0,Cash,5.0,4.7,83.52
79081,2023-07-16,e4718201-cfd5-4e63-99c5-510912706177,Beauty,South America,2,465.96,0.0,CreditCard,8.0,2.2,931.92
14042,2025-05-18,d2690f57-b14e-4a2e-9187-7bc86abda041,Fashion,Africa,3,446.06,0.1,BankTransfer,5.0,3.1,1204.36
44594,2024-08-15,fe924949-1447-4297-94fa-3ae5cc2050ac,Beauty,Oceania,4,268.65,0.0,Cash,7.0,2.3,1074.6
88228,2025-02-03,091235e6-5e1a-4ca1-8736-4fd77267d90e,Home,Asia,1,76.93,0.0,CreditCard,6.0,3.1,76.93
11090,2023-05-04,64e76da1-bf21-4991-903e-19e9ff546b60,Beauty,Asia,5,103.26,0.0,Cash,9.0,3.0,516.3
6542,2023-12-18,137b41c2-5f71-41e1-a05e-ad1cbde9a6a8,Automotive,Europe,4,458.35,0.0,Cash,6.0,3.0,1833.4
475,2023-10-09,ad238d36-dc32-4c97-b9c1-e262f76c8ede,Sports,Europe,5,392.1,0.0,BankTransfer,5.0,4.1,1960.5
85809,2023-09-18,c9a87d11-11dc-4326-9632-6aeed5ba45ff,Beauty,Oceania,1,397.64,0.1,CreditCard,2.0,5.0,357.88
46801,2023-11-02,129d6e71-c27f-4b2b-b1f7-82f9618215b6,Fashion,South America,3,50.337,0.0,Cash,1.0,4.6,151.01
2548,2023-06-28,84222f58-f022-44af-bb76-4637d277ab64,Fashion,South America,3,236.86,0.2,BankTransfer,9.0,4.5,568.46
58112,2025-08-05,abd06c5b-cc94-4b8c-bd2f-297dd6965ed1,Automotive,North America,3,440.54,0.1,Cash,3.0,2.3,1189.46
91066,2025-03-29,2800bf99-c0e9-4651-a060-f9156ed8d6a1,Sports,North America,3,172.81,0.15,Cash,4.0,2.9,440.67
9982,2024-05-15,6e659294-876d-432a-a4a3-482f37c783d1,Home,Europe,4,292.86,0.0,BankTransfer,3.0,2.6,1171.44
27870,2024-01-21,c194c25a-1136-4096-8881-c5fdd015e5cb,Sports,Oceania,4,454.66,0.1,BankTransfer,2.0,2.3,1636.78
18216,2025-08-18,ddf66267-40dc-43d0-9b90-eccb57170190,Toys,Asia,4,154.19,0.0,PayPal,8.0,3.5,616.76
97248,2023-02-20,dae77a5f-7874-4da1-a595-0b2cb4fa860e,Fashion,North America,2,41.77,0.0,PayPal,8.0,3.4,83.54
19437,2024-04-10,4cd3f6ad-1da5-4774-8b17-f7741bffaf79,Home,Europe,4,78.83,0.0,PayPal,8.0,3.3,315.32
19819,2023-04-07,0f3089e8-2ff2-4e9d-bd20-647eee97201d,Fashion,North America,2,317.81,0.1,CreditCard,1.0,5.0,572.06
44721,2023-08-18,0938d34d-d579-4650-a3fa-bde823fc8c44,Electronics,Europe,1,410.89,0.0,CreditCard,2.0,4.8,410.89
57113,2025-07-25,23f96deb-4140-45ca-af56-f3433c46d4cd,Toys,Asia,3,391.63,0.05,PayPal,1.0,4.2,1116.15
26117,2023-09-03,e0618f83-6804-440d-b637-fdadb608a8cc,Beauty,South America,3,433.19,0.2,CreditCard,2.0,2.6,1039.66
83737,2024-06-01,319afe68-3478-4455-824f-307ecf174a7c,Home,Europe,1,151.08,0.0,CreditCard,6.0,2.4,151.08
14297,2023-05-13,b58d332b-4fea-48cf-85cc-1354e95e9a2c,Toys,Oceania,1,7.76,0.0,Cash,1.0,3.7,7.76
6152,2023-10-23,677c25b0-6d23-4155-a057-c558f1ba308e,Beauty,North America,3,42.62,0.0,Cash,7.0,3.1,127.86
60692,2024-02-28,93fea86c-2009-4b57-83b0-1dbe58e63b5c,Home,Asia,3,146.37,0.0,CreditCard,2.0,2.4,439.11
11314,2023-12-10,d4aee54d-8fd3-4455-8796-47bc26889e4a,Sports,North America,4,243.08,0.15,Cash,3.0,3.5,826.47
75448,2024-06-27,11d5d9cf-4b18-497a-8bda-762b37666603,Automotive,Asia,1,283.12,0.15,PayPal,1.0,4.5,240.65
31221,2024-08-28,5ed8e959-56bd-4a85-9ca6-865991ed007e,Automotive,Europe,2,13.79,0.2,Cash,6.0,2.0,22.06
9837,2023-06-19,9c7e3507-4f9a-4528-8d0b-906366c5558f,Fashion,Asia,3,492.41,0.0,CreditCard,5.0,3.0,1477.23
38443,2023-10-16,fc5ae805-f2c2-4359-8e6c-ae97fa8279f5,Automotive,South America,1,93.28,0.15,Cash,3.0,4.4,79.29
94058,2023-02-27,8fc1c83d-1ba1-41ff-9f35-f19ea6413865,Beauty,Africa,1,70.96,0.2,Cash,4.0,3.0,56.77
57274,2023-11-18,e93c2aa1-4c71-4424-90bd-724d7b5bba48,Beauty,North America,6,187.308,0.1,PayPal,4.0,2.8,1011.46
63260,2024-08-05,312a982d-09d3-4bd0-9870-2dc92dded27c,Beauty,Oceania,4,346.37,0.15,CreditCard,9.0,4.6,1177.66
78056,2025-08-28,9cd38590-276f-4244-9493-58c77813c60e,Automotive,Africa,5,69.18,0.0,Cash,8.0,4.2,345.9
41302,2023-08-10,d7f06ac8-5097-4bc8-84fb-f3d54738bad5,Electronics,Asia,2,16.09,0.0,CreditCard,2.0,3.8,32.18
92699,2023-07-14,c308821f-5da7-4b1b-8ff2-b1001c7c3615,Home,South America,1,107.38,0.0,BankTransfer,1.0,3.6,107.38
42207,2023-02-18,b1e21d6b-447c-49f5-9161-f817dc91a0d8,Electronics,Oceania,2,309.61,0.1,BankTransfer,6.0,3.9,557.3
56025,2024-06-26,e1ace5f0-b439-4b44-9d95-31c2eaf8276b,Toys,Asia,4,272.67,0.0,Cash,1.0,3.8,1090.68
31841,2024-10-15,9e9add66-024c-49c6-bebd-2f2326701a88,Toys,Oceania,1,191.64,0.0,CreditCard,5.0,2.6,191.64
1567,2024-06-15,66d71d97-b193-48b8-ae49-c0799bd0d4c7,Toys,Asia,2,101.88,0.0,BankTransfer,1.0,3.5,203.76
98953,2023-10-06,742a65ce-c275-4c6a-a776-8f582f2d4fab,Automotive,Oceania,4,443.44,0.1,BankTransfer,9.0,3.4,1596.38
57144,2025-12-27,cbeb15b4-c6d3-4f0a-8d80-63691c474b1a,Electronics,Africa,2,131.25,0.0,PayPal,1.0,3.7,262.5
78225,2024-08-13,29ae01d1-ebee-4748-aa93-9b48cad77185,Automotive,Oceania,2,145.48,0.05,CreditCard,7.0,4.5,276.41
34285,2025-04-03,d514e24d-6617-4495-931a-b4fad0409d28,Home,Europe,3,442.3,0.0,BankTransfer,6.0,4.8,1326.9
11115,2024-07-28,e4c4cc4c-61a2-4b14-a491-8bd2e79398c7,Beauty,Africa,1,383.87,0.1,CreditCard,5.0,2.4,345.48
95150,2025-11-03,f09a55a7-f289-4554-9f16-0ccd1dd22fda,Electronics,Oceania,2,320.364,0.15,BankTransfer,3.0,3.7,544.62
6193,2023-08-31,b08307e1-a9b7-41f5-a0fe-d1f372fa10f7,Automotive,Europe,5,308.76,0.1,Cash,7.0,2.6,1389.42
10531,2025-08-03,da0e862a-4b3e-4d2a-8f74-15e82f10b1cb,Home,North America,5,211.99,0.0,CreditCard,5.0,3.8,1059.95
11001,2025-07-30,37d02fb3-e13e-42b5-a617-9f06a87fce58,Electronics,North America,4,483.3,0.1,CreditCard,6.0,3.7,1739.88
41235,2025-12-22,915476bf-be55-43e1-9db4-67a218cabbe1,Automotive,South America,5,85.47,0.0,BankTransfer,2.0,3.9,427.35
70814,2025-10-10,86fd72e5-cb08-4413-87a5-9174973ab9a7,Electronics,North America,2,184.04,0.0,Cash,2.0,3.7,368.08
5744,2025-01-25,2bf998ad-c92a-4b0c-a56f-fbd8c4329e78,Electronics,Oceania,2,44.54,0.0,PayPal,5.0,3.2,89.08
74064,2024-11-17,2ffeb9b1-01ff-4c42-81fc-072de8177702,Fashion,Asia,2,322.74,0.05,BankTransfer,3.0,2.1,613.21
74440,2025-02-06,ac73b06f-9e72-4dad-96a7-80c18e579579,Electronics,Africa,4,255.8,0.05,Cash,4.0,4.0,972.04
99761,2024-09-08,2bafc1a9-a558-488b-a865-eba4aae277ff,Toys,Africa,4,349.24,0.1,CreditCard,9.0,2.8,1257.26
90709,2023-03-06,7b8a13a4-46f7-4a71-b6af-dfd850a16e21,Electronics,Asia,1,496.46,0.0,PayPal,6.0,4.4,496.46
60494,2024-07-27,47d4ddcb-f20e-4b6f-8483-f8b647983cd0,Automotive,South America,2,252.68,0.2,Cash,2.0,4.3,404.29
89577,2023-09-02,7f39a07a-94c4-4499-90a2-7c2c251faf10,Automotive,Europe,5,16.19,0.0,CreditCard,8.0,4.6,80.95
74769,2025-02-10,7a70c897-5296-4a22-8862-aed6e84b554d,Fashion,Europe,1,355.73,0.1,BankTransfer,5.0,3.5,320.16
79659,2024-12-27,d9e30a2a-5730-45bd-9ba9-dbd7e8df92cb,Sports,South America,1,304.02,0.15,Cash,7.0,2.9,258.42
12909,2023-04-03,0ecb845e-7d32-4d96-8ba4-475b68532e2e,Fashion,Africa,3,431.31,0.0,CreditCard,1.0,4.9,1293.93
63014,2025-09-05,39b25b86-f52e-4a15-8885-e930f9640fac,Beauty,Africa,1,485.69,0.0,BankTransfer,8.0,3.6,485.69
91561,2025-11-10,358792a1-4340-4908-b124-59e935c995c0,Fashion,Oceania,5,172.26000000000002,0.0,BankTransfer,6.0,2.2,861.3
51644,2025-01-03,c1e13d6a-57e9-4210-87a0-0f82a63d39c7,Automotive,Africa,5,21.38,0.15,BankTransfer,8.0,3.0,90.86
26165,2025-03-07,4e05461a-199d-4e84-98ab-bdf2a420cfea,Sports,North America,5,140.09,0.15,PayPal,6.0,2.9,595.38
24339,2024-11-02,fea3be55-b6e9-47c5-bd39-863160ab633b,Home,Oceania,3,291.96900000000005,0.1,Cash,6.0,2.9,788.32
18143,2023-08-28,3aff8085-8d22-463f-8064-b74d4b972bc7,Toys,Asia,2,423.39,0.15,BankTransfer,7.0,4.0,719.76
18413,2025-05-16,d8211808-3e3f-4fcf-af65-6186eb37b884,Home,Oceania,4,78.13,0.0,Cash,1.0,4.0,312.52
17338,2025-07-19,7b90b5dc-2257-4398-9ed9-2dcaf0f879c6,Automotive,South America,4,100.27,0.0,CreditCard,5.0,2.2,401.08
31693,2024-05-14,853473a3-cbb9-47ea-82af-aedea83f657c,Home,Africa,4,143.1,0.0,BankTransfer,5.0,2.6,572.4
14248,2024-06-14,137678df-23b6-4a80-96ad-bd1c2d0faf7a,Home,Africa,5,37.7,0.0,PayPal,6.0,,188.5
47869,2025-05-15,e0e361a4-4004-42c2-a1f2-8f588f71831f,Beauty,Asia,2,465.71,0.2,PayPal,9.0,2.3,745.14
19738,2023-07-11,2652048e-4cfa-4494-9aa2-22caa9fb289b,Automotive,North America,3,405.37,0.0,Cash,3.0,4.0,1216.11
72825,2023-07-06,ffa37bc3-4193-493e-a199-2d4f99071db4,Fashion,North America,5,29.23,0.0,PayPal,3.0,4.9,146.15
90538,2025-12-25,841a33b6-d867-45c5-95f9-39fed6ac7bcc,Toys,Africa,2,117.05,0.1,Cash,9.0,2.4,210.69
8589,2025-10-11,92a6584c-85b2-4fa7-9fde-c4f3c92215cd,Home,Africa,2,462.69,0.0,PayPal,5.0,2.8,925.38
75124,2025-02-09,52978199-8d25-40f9-836d-65c78a0bfba5,Toys,North America,3,51.07,0.15,CreditCard,7.0,5.0,130.23
61662,2024-04-21,70febf4b-fd4c-4f63-bb88-549df44823e0,Toys,Africa,5,471.0,0.1,Cash,1.0,4.7,2119.5
61220,2023-11-28,76c02bd4-da6c-4298-b421-63beca4bba0c,Beauty,Oceania,2,194.337,0.0,BankTransfer,9.0,4.1,388.67
19403,2025-03-15,97f3a5de-b145-46b0-98b2-a4ac4519b98c,Beauty,North America,4,51.49,0.0,BankTransfer,8.0,3.4,205.96
32716,2025-05-16,fff4bad5-898d-4119-bd51-3ea9677769ad,Automotive,Africa,1,120.32,0.1,CreditCard,6.0,4.9,108.29
52570,2025-01-08,2687c2ed-6fc0-4743-a1cb-0b88f8272b68,Automotive,Oceania,1,47.59,0.0,PayPal,6.0,3.5,47.59
26335,2025-06-13,79d50b46-1430-49a9-8deb-011d26b6dd29,Home,Europe,4,319.5,,Cash,1.0,2.4,1278.0
3734,2023-10-25,217bc29e-ec95-43e9-a1fa-246624f982ec,Home,Oceania,2,271.29,0.0,CreditCard,3.0,2.5,542.58
22915,2024-06-07,1a492555-2b89-44a1-a279-9225adb3a657,Sports,South America,1,131.8,0.0,BankTransfer,5.0,4.9,131.8
93505,2023-03-28,7edfb18f-cd9a-47c2-8831-7080af890c90,Fashion,Asia,3,240.55,0.15,PayPal,6.0,3.0,613.4
57336,2025-04-27,ab5efb61-d027-497e-b5bc-9aa155ceca09,Toys,Oceania,4,379.23,0.1,CreditCard,6.0,2.8,1365.23
23343,2025-03-17,87fe47c4-06d9-4a16-8c4d-9c5cd67638a7,Home,South America,3,319.54,0.2,CreditCard,2.0,3.1,766.9
55013,2023-10-01,5c18020a-1dec-4558-bdf3-e9b0683bb8cf,Sports,North America,1,435.39,0.0,Cash,6.0,4.2,435.39
35430,2023-08-30,05815e22-1dd2-49c1-8a2f-1f4fdf39c62e,Beauty,Africa,3,232.29,0.05,PayPal,3.0,3.4,662.03
20975,2024-09-01,15224687-6efd-4fb1-a4a9-358820155171,Fashion,South America,2,404.69,0.0,PayPal,5.0,3.7,809.38
86740,2025-12-10,20cd3ff8-df83-4bb1-8ea5-8f277cbd9bd9,Electronics,South America,2,194.44,0.1,Cash,8.0,3.9,349.99
69041,2025-05-24,93f4be74-1e8f-4aa3-8ab8-31f6fbf23f67,Toys,North America,2,47.61,0.0,CreditCard,7.0,3.0,95.22
46378,2023-02-25,2404576a-13d6-4942-98ed-02a8868259c4,Automotive,South America,5,282.41,0.1,BankTransfer,2.0,3.2,1270.85
86017,2024-09-27,70c03847-f05d-4408-ba88-4a7a833a69dc,Electronics,Oceania,5,269.49,0.0,BankTransfer,7.0,3.1,1347.45
68003,2025-04-24,9a2a6d77-6521-4e2a-8afc-7724cf4c1bca,Sports,Africa,5,23.31,0.0,CreditCard,2.0,2.9,116.55
49471,2023-03-08,53817689-11a3-4e27-bf7f-d74b41f84ff4,Beauty,South America,2,277.42,,Cash,1.0,3.4,554.84
70437,2024-02-04,44f09273-2cb0-4cfd-8329-6076e847da6b,Home,Oceania,4,221.66,0.1,PayPal,3.0,4.3,797.98
53869,2024-09-18,de6a4c5b-616e-426f-8982-33d21a164704,Sports,South America,4,492.18,0.0,BankTransfer,1.0,2.3,1968.72
16580,2023-06-11,40685469-5a88-43ed-a686-1921057de4d0,Fashion,Europe,4,162.19,0.05,Cash,6.0,2.7,616.32
61758,2024-09-22,1bcf1c2e-23e1-45c8-bcd4-6a34840d0878,Fashion,South America,5,44.34,0.1,CreditCard,6.0,2.6,199.53
32853,2024-07-19,5ccb4317-9cef-4290-9643-7d2aba77f532,Automotive,North America,3,439.59,0.0,BankTransfer,4.0,4.1,1318.77
39924,2024-08-23,40c298f0-080c-4389-84d4-8a6c4b2ae8a1,Home,South America,5,218.66,0.2,BankTransfer,4.0,4.7,874.64
63421,2025-09-01,05d0e0f0-2bf1-46a9-b239-bf724c8e7200,Beauty,Asia,5,,0.15,PayPal,2.0,,44.67
20198,2025-08-31,63edbae3-9c9b-4e79-9e6f-1e24a8b1e1a7,Toys,South America,1,413.27,0.0,PayPal,1.0,4.7,413.27
5474,2025-10-06,98cb3cb4-e2f7-47ea-8cf2-fdf8ec1f5d97,Toys,Oceania,5,51.44,0.0,CreditCard,4.0,3.5,257.2
60200,2023-10-10,d14dfe1b-9817-4ce0-9bb9-97226ed53543,Fashion,Europe,4,102.18,0.0,PayPal,2.0,2.4,408.72
75112,2025-09-03,e070028b-039b-41db-96c8-15e555f47f7d,Automotive,South America,4,393.12,0.0,BankTransfer,6.0,3.1,1572.48
35837,2024-01-31,493acbb8-cbed-4ad3-9aa1-a0c404f08bdf,Toys,Europe,3,495.5,0.0,Cash,9.0,2.4,1486.5
63236,2024-02-01,86c1cfc4-91b3-471f-afdf-a1efe1d05547,Home,North America,5,89.78,0.0,Cash,6.0,4.3,448.9
29516,2023-09-03,8f202014-7ac5-40dc-8fba-0368125c5c26,,Oceania,2,,0.0,Cash,4.0,,678.54
61671,2024-03-20,1075ae75-d336-41ad-8232-f8522badf8b8,Automotive,Europe,5,225.61,0.05,Cash,8.0,4.4,1071.65
92209,2025-06-08,761d4393-b382-4cde-afa5-b120778bc229,Automotive,Oceania,1,91.53,0.1,CreditCard,6.0,2.2,82.38
41694,2024-03-14,4ea6341a-1a4e-479b-ab78-b28f04b17841,Fashion,South America,4,144.32,0.0,Cash,8.0,3.1,577.28
26566,2025-10-08,5b444ff0-f9bd-47ea-bbee-00d897e7253f,Toys,North America,3,255.72,0.0,Cash,8.0,3.1,767.16
92752,2024-04-02,7b02e435-df6f-4458-a7a0-d5013f3723bd,Automotive,North America,5,321.3,0.1,CreditCard,9.0,2.4,1445.85
84606,2024-07-27,21b81883-3918-464c-ace9-94de045b9ff7,Beauty,North America,2,9.57,0.0,PayPal,1.0,3.3,19.14
36589,2023-09-27,c118ea20-e9b1-442d-8bf8-eddc0e38fca9,Automotive,South America,1,456.44,0.0,PayPal,1.0,3.1,456.44
84242,2025-04-30,4bfb122b-4c46-4b70-aa45-5e9d8d44f301,Sports,Africa,3,390.94,0.0,PayPal,8.0,2.8,1172.82
37941,2025-06-24,65270cce-378f-4d8f-862c-47f72165ce36,Electronics,North America,1,26.23,0.0,PayPal,8.0,4.3,26.23
85998,2023-05-23,eee38f3e-ec98-4abc-89ee-69ae9af63bc3,Electronics,North America,4,359.61,0.0,PayPal,4.0,4.9,1438.44
16695,2025-11-16,1593191b-2e46-44fd-8d52-925549aecb6e,Home,North America,6,386.01,0.1,BankTransfer,3.0,4.2,2084.45
72157,2024-11-30,9fd90b11-d5d1-4bef-8449-c38ed04bc1f8,Electronics,Oceania,4,331.317,0.0,CreditCard,3.0,2.7,1325.27
12581,2025-12-24,b4b4aba9-4db7-4ad7-85c3-822093cc50ac,Fashion,Europe,1,310.65,0.0,Cash,6.0,2.8,310.65
97434,2025-05-31,f5513c8b-dc51-4835-88d0-a87178d2ccaa,Beauty,Asia,3,193.82,0.15,BankTransfer,6.0,5.0,494.24
24315,2024-10-25,5bf0be14-a6c9-4960-b0c9-5e1edb6e45bc,Sports,Africa,3,482.42,0.0,Cash,9.0,2.6,1447.26
58573,2025-04-04,9c0256f6-1aee-4105-a450-61c91fd423a4,Home,Europe,3,453.4,0.05,Cash,9.0,2.2,1292.19
29777,2025-06-05,49314ad2-7b57-44e3-a52f-954bc67eb983,Fashion,Europe,2,,0.2,CreditCard,9.0,4.0,94.58
5549,2025-03-07,91ae757c-8607-4228-920b-58cfbb916d1c,Toys,North America,4,87.44,0.1,Cash,2.0,3.9,314.78
80797,2025-05-08,4bf64684-6e58-4c2e-953f-22aef9e3e218,Electronics,Oceania,5,52.07,0.0,Cash,1.0,4.7,260.35
39484,2024-01-06,92aab45e-c146-44f8-8d9c-79bc2a418a5f,Automotive,Africa,3,457.71,0.0,BankTransfer,9.0,4.6,1373.13
9963,2024-06-04,e37fb2dd-2f8a-48e5-86bc-b0d00415052c,Beauty,South America,3,456.92,0.15,Cash,2.0,3.3,1165.15
47175,2025-07-28,91354360-eb5c-4275-9ca4-c51c5e92249f,Toys,South America,4,249.84,0.1,Cash,1.0,4.6,899.42
49780,2023-06-09,0a966abc-4b53-4cbc-9430-4757b1def117,Beauty,South America,1,434.62,0.0,BankTransfer,9.0,4.4,434.62
27647,2025-12-09,4200d170-5c6d-4c7b-ab5a-d51f05efa8b1,Fashion,Europe,5,476.77,0.0,PayPal,7.0,3.8,2383.85
32666,2023-03-23,054a7537-94f8-4d94-8217-a0b9a7e88bd4,Fashion,Europe,5,418.51,0.0,Cash,1.0,4.5,2092.55
87860,2024-08-31,77a07acc-ecdd-4d80-8433-e8a68e91fb68,Home,Africa,4,480.42,0.0,CreditCard,3.0,3.8,1921.68
19371,2025-10-05,ec5464a1-8773-4e8a-b013-d7625d4a2b4a,Toys,Asia,3,33.59,0.15,BankTransfer,6.0,2.2,85.65
79096,2023-11-27,e732a683-6d64-419e-b913-d8e89594a115,Electronics,Oceania,6,309.996,0.0,CreditCard,4.0,3.3,1859.98
60340,2025-10-16,90fca244-fcd6-4e46-9118-63b29c4cd555,Beauty,Oceania,3,266.49,0.0,BankTransfer,5.0,4.9,799.47
53281,2025-01-03,f048fc39-dbca-4cfd-8161-e369ebd44c37,Automotive,North America,2,435.74,0.1,BankTransfer,6.0,4.1,784.33
23274,2025-04-22,c01a48b1-6937-4c46-9c3a-bd2a62ccac09,Automotive,Africa,5,275.98,0.0,Cash,3.0,4.8,1379.9
4901,2024-11-27,279f5df0-da2d-4df9-a3c1-4a53acf96a12,Electronics,Asia,5,51.93000000000001,0.0,Cash,9.0,4.4,259.65
57381,2025-11-13,dd21a19b-16fa-4c2e-9c6a-f7860a4b49c6,Sports,Europe,5,114.678,0.05,PayPal,4.0,2.8,544.72
86172,2024-11-16,6860b33f-44a2-4aad-b2ff-86e15f559c7c,Beauty,North America,5,161.34300000000002,0.1,Cash,4.0,,726.04
19295,2024-12-16,8276c48c-9ff8-4ad8-baf8-c27f0fddd13b,Electronics,Europe,1,479.13,0.15,PayPal,9.0,3.8,407.26
58453,2025-05-14,47fcc41c-3cf4-43f4-ad97-667bd999c533,Beauty,,4,351.49,0.1,PayPal,3.0,4.8,1265.36
54208,2025-03-24,6b40431b-cd24-407e-b8df-bd843c1a55f3,Electronics,Oceania,2,470.71,0.0,CreditCard,9.0,3.7,941.42
72894,2024-04-07,ded8eeb5-761c-4ca7-96f1-d7e0c3cb9f79,Beauty,Europe,4,69.58,0.15,PayPal,2.0,4.8,236.57
69509,2024-04-06,b4305a2e-86e9-45b3-b4e4-b04bfd68d348,Electronics,Asia,1,376.5,0.0,BankTransfer,6.0,4.4,376.5
62489,2023-07-05,3c3b984f-e6d3-4590-a894-94b8070ee490,Beauty,Europe,4,323.49,0.05,CreditCard,1.0,2.3,1229.26
8960,2025-11-22,c2fdb44a-7a8e-454f-9c44-91791d7a0bd0,Sports,North America,6,129.753,0.0,CreditCard,3.0,4.4,778.52
61140,2025-03-19,516a6427-92a2-4ac0-8f1f-b4d662e13fb1,Fashion,Oceania,3,466.21,0.0,BankTransfer,5.0,2.6,1398.63
35457,2025-10-29,002e1d10-db37-443a-bf11-910141236498,Sports,North America,4,8.86,0.0,Cash,8.0,4.0,35.44
19851,2023-07-19,91e62df6-9435-4b94-aa40-49d282033ec2,Toys,Oceania,5,198.81,0.0,PayPal,1.0,3.5,994.05
66316,2025-03-15,da695b09-69f8-46e9-b5ab-963c2c5ec803,Sports,Africa,4,26.42,0.15,Cash,6.0,4.2,89.83
15195,2024-04-14,d55cec3a-3568-4809-9268-358f6cd65311,Toys,Africa,1,135.88,0.0,PayPal,2.0,3.0,135.88
36645,2023-07-31,568fe4fe-f858-4532-bc9f-ca6ff0ee7620,Toys,South America,3,81.51,0.0,PayPal,9.0,3.9,244.53
31949,2025-12-13,43c9f21a-4cc6-4333-94c9-65c7ffa8e1ad,Home,Oceania,1,34.82,0.0,Cash,7.0,4.4,34.82
67887,2025-09-16,b001724e-0ec2-4829-b77f-7fdccd689f4b,Beauty,Oceania,5,380.27,0.05,CreditCard,3.0,3.8,1806.28
26502,2023-02-22,e02437a2-374f-4c2c-9c01-ae7b9d72bd2c,Sports,Oceania,3,42.39,0.0,Cash,5.0,4.7,127.17
97053,2024-03-22,80ae10d0-18b7-4755-8905-e014abea2b2d,Home,South America,1,350.15,0.1,PayPal,8.0,4.2,315.14
72953,2023-10-29,838bb07c-c58d-4e8c-8475-1be6608b313d,Beauty,Oceania,3,327.03,0.0,BankTransfer,5.0,2.8,981.09
94350,2024-01-29,666b0650-923a-4139-b4d0-28b48ef4d724,Automotive,Europe,5,203.04,0.0,BankTransfer,6.0,2.5,1015.2
34635,2024-08-24,db707b39-7132-4dcf-ba17-c8a4e8750483,Home,Oceania,3,398.91,0.2,PayPal,1.0,4.2,957.38
10724,2025-04-21,dc05fa81-9e08-4083-a045-9a6a75cef7db,Automotive,Europe,3,371.06,0.0,Cash,4.0,3.1,1113.18
44148,2023-01-18,7e14f5e7-bb1d-432d-9c33-562daafb56c0,Beauty,Asia,1,437.03,0.0,BankTransfer,9.0,4.0,437.03
21397,2025-09-22,b9c3267c-299d-4a89-916c-d9fda26d3ed1,Fashion,South America,1,148.43,0.0,PayPal,8.0,,148.43
51387,2025-08-20,33a71918-31bc-43e6-b4a1-1f462a08fa8d,Toys,South America,2,339.19,0.0,BankTransfer,5.0,4.4,678.38
66689,2025-12-14,78dc4a45-cbd6-4854-9246-9425ec03052d,Automotive,Asia,5,100.26,0.0,Cash,5.0,3.5,501.3
93040,2024-09-27,b4626256-3375-4947-aeee-5b2297c8d04d,Toys,North America,4,411.99,0.0,Cash,3.0,5.0,1647.96
83359,2023-11-07,5435d383-d40b-43ef-9958-7833537fd800,Beauty,Oceania,2,37.377,0.0,Cash,3.0,2.3,74.75
20035,2025-04-21,6b91a4b6-9daa-4003-8569-c3a77610468f,Sports,Europe,4,71.51,0.05,PayPal,3.0,2.9,271.74
68253,2024-07-24,ac698a91-6311-4b3c-aa6f-15732e792def,Sports,Africa,5,274.94,0.1,BankTransfer,7.0,3.2,1237.23
29285,2024-06-24,9ecbef4e-744f-49c1-8a6b-804747cba7c8,Toys,North America,1,493.18,0.2,CreditCard,8.0,3.8,394.54
2324,2023-10-26,909e21ba-8a38-45aa-91be-ba8e0a8aeb94,Toys,Africa,4,139.95,0.0,PayPal,7.0,3.0,559.8
27603,2025-10-10,fe290032-68c3-4565-a5e2-e0176ed26dba,Sports,Oceania,4,414.33,0.05,BankTransfer,6.0,3.9,1574.45
30966,2024-09-12,720c5e44-a894-4ccd-a663-196522da0119,Home,South America,2,143.32,0.0,BankTransfer,1.0,4.6,286.64
73701,2025-11-27,ae8191a6-4ecc-4510-9690-605490e6a652,Automotive,Africa,3,335.745,0.1,CreditCard,2.0,4.1,906.51
41920,2023-04-15,3fa8b844-3eb5-4f4d-a375-cbe30cfea4f2,Toys,Europe,2,183.27,0.0,Cash,7.0,3.9,366.54
82406,2023-09-28,9a8aa879-d49e-4a1f-8deb-c1980add7ac9,Sports,Asia,3,371.24,0.0,PayPal,4.0,4.4,1113.72
18894,2025-02-23,87361a9f-c0bd-4c2d-a8d9-d2b446560d3a,Beauty,Oceania,1,385.55,0.05,PayPal,8.0,3.3,366.27
22934,2024-05-26,bea2ceca-a7bd-4535-ae90-4535ed4d303c,Electronics,North America,4,460.5,0.05,PayPal,2.0,3.8,1749.9
54120,2023-01-22,862e9909-f221-4a7f-8532-3499d7c5216b,Beauty,Oceania,5,9.06,0.1,Cash,4.0,4.4,40.77
71391,2024-04-22,83258987-71c5-4d95-8aaa-e26b6c2719c7,Toys,Africa,4,414.25,0.15,Cash,3.0,4.5,1408.45
85216,2025-01-04,b2e6bea5-2f9e-4133-a698-33d55130cda5,Fashion,North America,5,19.02,0.05,CreditCard,9.0,3.9,90.34
77574,2023-04-14,2e07772e-0db9-4ca1-9600-543077c5e3ee,Fashion,North America,4,92.23,0.0,BankTransfer,9.0,4.1,368.92
25489,2023-08-07,7484f957-f6c5-4e9f-a44c-c88bc5ba85a4,Toys,Oceania,1,421.85,0.0,PayPal,2.0,4.4,421.85
13971,2024-02-07,25c0eac3-a286-4f80-b4e0-958b17ded331,Electronics,Asia,2,389.85,0.1,BankTransfer,4.0,3.8,701.73
42446,2023-02-10,5ab065d2-6d2c-48b8-a1cd-3ef58f405d61,Toys,Asia,2,47.14,0.15,CreditCard,1.0,2.2,80.14
57189,2023-06-12,b42eea4b-5783-4ea9-a9d2-a25d4641b888,Toys,Europe,2,496.13,0.0,Cash,1.0,2.4,992.26
57710,2024-10-06,,Home,Europe,4,95.52,0.05,Cash,3.0,3.0,362.98
83944,2024-05-05,ea610895-da65-47e3-9ad2-2e5b95a093a7,Electronics,North America,1,97.07,0.15,Cash,2.0,4.2,82.51
57259,2023-09-14,082e68db-b53c-41e1-8b2c-9e7295f6130c,Toys,South America,3,400.53,0.0,PayPal,8.0,3.0,1201.59
65434,2024-05-08,097a4e0b-54df-49a9-b136-a86560f34f17,Sports,Europe,3,56.63,0.0,Cash,8.0,3.8,169.89
27977,2023-06-17,90dd9b6d-ccbe-459f-8b81-ba955c01243f,Beauty,Oceania,3,454.46,0.1,Cash,1.0,3.1,1227.04
12201,2023-01-17,ba9b9531-66cc-4f46-ba53-8c4ca404aeeb,Home,Europe,1,365.37,0.0,Cash,5.0,2.4,365.37
73042,2023-04-25,13ffcbb3-1d7d-4f67-b670-3f3b8ba4a65d,Fashion,North America,3,235.81,0.0,CreditCard,6.0,4.5,707.43
46859,2023-09-26,542c4032-9e1d-4d3c-a482-fd9712cf10a0,Toys,South America,4,97.41,0.1,CreditCard,9.0,2.5,350.68
67680,2025-11-13,5ddd0392-2d1e-49ed-9c70-7d52273d83a3,Sports,Oceania,4,298.593,0.0,Cash,4.0,3.5,1194.37
73431,2024-09-19,0a8c53c6-dc66-42dd-bbfd-7fc9e07985cd,Fashion,South America,4,100.66,0.0,BankTransfer,1.0,4.9,402.64
52739,2025-01-24,43e71949-86f6-445f-a2e5-a9b94ec59497,Electronics,North America,3,480.64,0.0,Cash,1.0,3.4,1441.92
2212,2025-04-16,3f46057b-7165-436b-b997-c779c56f05e6,Electronics,Africa,2,142.96,0.2,CreditCard,8.0,2.2,228.74
67611,2024-12-17,78d6736e-c249-4f8a-ab52-ad6e5a22c20e,Fashion,Asia,2,344.68,0.1,Cash,1.0,4.6,620.42
63950,2024-11-05,bc9b235b-c63a-4e9a-b7b2-e442b4708bd9,Home,Europe,2,364.446,0.1,CreditCard,6.0,3.5,656.0
27094,2023-07-24,eea3316e-b1a7-4a11-84b5-7bb8f37b8d86,Sports,Oceania,3,369.66,0.0,PayPal,4.0,3.4,1108.98
89484,2023-02-13,461e5bd0-7762-4057-a06d-779296ae2fcf,Sports,South America,1,14.29,0.05,CreditCard,9.0,3.7,13.58
54417,2024-06-15,7a436735-7865-417e-87e9-e14a4398a63b,Automotive,South America,1,454.78,0.0,BankTransfer,9.0,2.3,454.78
12107,2023-07-24,cf11be94-02a6-427c-8d16-192b515b1487,Electronics,Africa,1,377.16,0.0,Cash,7.0,2.4,377.16
18353,2025-03-08,08a8fbdc-522a-4bb1-9c24-c791ad07020c,Beauty,Africa,3,376.09,0.0,CreditCard,9.0,3.3,1128.27
50440,2024-04-28,9482f925-f9e1-4a1a-b472-924dc970fe69,Electronics,Oceania,2,73.92,0.05,PayPal,6.0,2.3,140.45
99185,2025-08-09,35c0a4d2-ae2f-484b-afb7-67b43891221a,Beauty,Asia,4,135.71,0.15,BankTransfer,8.0,4.5,461.41
27364,2025-02-28,57f9f551-3a5c-46c1-8875-6eca1568e054,Automotive,South America,1,363.5,0.05,CreditCard,7.0,3.3,345.32
94641,2023-01-12,f3dc9c56-5d53-42c8-9e23-89109983d568,Fashion,Africa,2,237.71,0.05,PayPal,,4.2,451.65
18784,2023-03-22,7e2a9ced-8a27-427c-be77-5b7f8b4db6dc,Home,Asia,4,188.82,0.0,,7.0,2.1,755.28
58489,2025-02-01,0c81f9b0-4e25-4c38-a5b9-1de231d6241c,Beauty,Africa,3,137.97,0.2,Cash,1.0,4.3,331.13
43582,2023-08-25,80b3b2e1-941f-44fd-a791-d4f60ca22fbf,Sports,Asia,2,288.3,0.1,PayPal,7.0,5.0,518.94
47565,2024-06-06,9b9b618b-3467-41de-b091-6f27d18181cf,Automotive,Oceania,1,458.58,0.15,CreditCard,1.0,4.2,389.79
63023,2024-04-25,3cf1b6e7-f1c8-44ec-9486-293e0d2530da,Automotive,Asia,5,483.53,0.0,BankTransfer,7.0,3.1,2417.65
57645,2025-12-14,b16fad6e-db60-40eb-bdfc-a4f2e83b25f7,Home,Europe,1,34.39,0.0,Cash,8.0,3.1,34.39
88107,2023-06-25,d80abce2-10f9-4550-bb1a-0f5c402bd4d9,Beauty,Africa,5,20.66,0.05,BankTransfer,2.0,3.6,98.14
62725,2024-01-18,efb33c41-a1e7-48f2-85f6-868b3b05ffa2,Toys,Europe,3,228.1,0.15,BankTransfer,6.0,4.5,581.66
1861,2025-06-28,cbd431cc-ea7a-4c21-a1a1-a29c5228ed8d,Fashion,Oceania,2,298.88,0.0,Cash,6.0,2.1,597.76
15753,2025-01-05,1e171c05-bd50-4fad-851c-94d7dd7803c1,Sports,South America,5,20.3,0.0,Cash,4.0,3.4,101.5
88889,2025-05-12,1212e227-eb76-4351-8984-5ff93a5efbf0,Fashion,Asia,1,281.48,0.0,CreditCard,8.0,4.9,281.48
78615,2025-07-09,c8a758c3-bd5c-4a43-9989-f01b2f16e803,Home,Asia,2,465.31,0.0,PayPal,1.0,5.0,930.62
70368,2025-05-22,d1eebe93-dd78-4dda-a155-678e71a91222,Automotive,Africa,2,48.18,0.15,CreditCard,2.0,3.5,81.91
83922,2023-04-22,9eaca4aa-9851-4af6-bd8c-c7b96bcdb95e,Electronics,South America,2,259.7,0.0,Cash,6.0,2.5,519.4
46250,2023-05-24,7d521537-e092-48d0-872d-f911a9b4e4b1,Fashion,North America,1,82.39,0.1,CreditCard,8.0,4.7,74.15
36566,2024-08-17,3653d055-37c0-4b1d-a37a-f4808ef71cba,Automotive,South America,1,360.36,0.0,Cash,9.0,3.4,360.36
28212,2025-05-22,a12a2031-92da-4b36-9879-27a2da212725,Fashion,South America,2,366.86,0.0,PayPal,6.0,3.4,733.72
88301,2023-06-27,264cd37f-3f76-4984-9342-1a09669b8e08,Sports,South America,3,305.61,0.05,PayPal,4.0,2.2,870.99
15572,2023-02-13,c5a9106e-aa3c-48dd-be34-cde12559506f,Fashion,North America,5,38.49,0.0,BankTransfer,1.0,3.8,192.45
98588,2025-06-28,f20da490-e36f-4f3a-b8d3-80ca90e07b7e,Sports,North America,4,463.81,0.1,BankTransfer,2.0,4.0,1669.72
2300,2023-07-18,36fea0b4-38cd-4122-bc01-45e14ce2afa2,Electronics,Oceania,5,20.87,0.0,CreditCard,8.0,3.4,104.35
35768,2025-05-10,65399d75-47e2-4ede-a83e-b503e424e48f,Sports,South America,3,423.91,0.2,Cash,9.0,3.4,1017.38
16823,2024-02-24,c25d52c2-cbdb-4d33-af65-665fae2054f6,Fashion,Europe,2,499.3,0.0,Cash,9.0,3.7,998.6
26662,2024-03-26,95e2bc75-fc9b-4cb3-93e3-f02374dd877d,Home,Africa,3,389.94,0.15,BankTransfer,9.0,4.5,994.35
6400,2023-12-18,61a73056-5114-4a97-89cb-c14823b1d124,Automotive,Oceania,4,364.64,0.0,BankTransfer,7.0,2.0,1458.56
77413,2025-12-27,7d50c0e0-8cdb-4eb8-a4aa-73203cc5992d,Home,Oceania,2,392.97,0.1,PayPal,1.0,2.2,707.35
94472,2025-01-06,341af90a-8f74-4646-96b0-26e10163323c,Home,Africa,3,364.34,0.05,Cash,1.0,2.5,1038.37
81709,2023-09-17,0dbcdf75-5802-440d-9a42-6243c4541fce,Beauty,Africa,5,222.35,0.05,PayPal,6.0,2.3,1056.16
89728,2024-08-16,e5877871-59a7-4c37-89e6-39d6f440c0d2,Beauty,Asia,5,478.55,0.1,BankTransfer,3.0,2.5,2153.48
39687,2024-05-13,e34200a4-8945-4b63-8df0-31914feeec66,Sports,Oceania,5,19.44,0.1,BankTransfer,9.0,4.6,87.48
25874,2025-03-10,e5b7752e-d67e-4505-913c-e97381436ae0,Fashion,Africa,5,115.58,0.0,BankTransfer,9.0,2.4,577.9
76013,2024-11-12,89f6d50b-c996-4fa8-8a1c-6199cb9262b1,Toys,North America,5,444.312,0.15,BankTransfer,6.0,2.5,1888.33
52210,2025-04-22,dc6a9182-3039-4552-803e-b22f2dfd6fcb,Automotive,North America,5,403.63,0.0,PayPal,3.0,3.8,2018.15
98823,2023-11-20,0e7fb5b9-0b51-40e7-9c4f-1c5d4089da57,Fashion,Europe,3,118.998,0.2,PayPal,7.0,2.6,285.6
93038,2024-08-21,58b2c2a6-86fd-4e71-8dfd-cc2909612c26,Automotive,Asia,3,83.73,0.05,BankTransfer,4.0,2.5,238.63
33516,2024-07-18,ee2f4e50-5328-44e5-a707-d0f00e953e25,Electronics,Europe,2,311.62,0.1,PayPal,5.0,2.2,560.92
72772,2024-11-06,6ca653b7-9fb9-4839-9096-da0015a838a6,Automotive,South America,6,246.57300000000004,0.0,CreditCard,3.0,3.1,1479.44
95712,2025-07-28,e99ff3ca-1870-4054-bad2-59dfc708be8b,Home,Asia,4,491.71,0.0,Cash,3.0,3.0,1966.84
35779,2025-07-02,d4838f7c-b0ee-4a41-b349-9a2f43ea3062,Toys,South America,5,356.19,0.0,CreditCard,9.0,2.0,1780.95
37914,2025-07-16,,Fashion,Oceania,3,25.17,0.05,Cash,9.0,4.9,71.73
40256,2024-12-31,bddb7249-45cb-4ff7-a63e-04381486a406,Automotive,North America,5,242.75,0.0,CreditCard,2.0,2.6,1213.75
80613,2024-01-03,43475e9b-6349-4202-9e51-5b72830988a7,Sports,Africa,1,79.37,0.15,BankTransfer,2.0,4.6,67.46
2328,2024-02-05,9343e6ea-985a-4548-80ba-22a47213e7cc,Sports,Asia,2,302.65,0.15,PayPal,2.0,4.1,514.5
22263,2025-05-07,21b80e00-138e-47cb-9038-edd2694cad07,Toys,Asia,4,136.5,0.0,CreditCard,4.0,4.5,546.0
93466,2024-04-19,109cda2f-ab9b-48ea-82e7-1e889a50893d,Electronics,Africa,1,440.68,0.2,Cash,3.0,4.7,352.54
40554,2024-06-16,cb868e49-d04b-4f1b-98df-90df4833f982,Sports,North America,3,95.94,0.1,CreditCard,7.0,3.5,259.04
69918,2025-07-23,51d6cf1e-8327-4be9-9b69-a75b52695787,Electronics,Europe,3,370.22,0.1,Cash,2.0,3.2,999.59
9378,2025-04-17,1192e4dc-c99a-4a60-9fb4-6e9e15490c7e,Home,Africa,5,397.78,0.05,CreditCard,8.0,2.4,1889.45
40514,2024-02-10,b0d78504-85fd-40ff-a71a-3aeb9ea9ae96,Beauty,South America,3,52.02,0.0,Cash,6.0,4.0,156.06
75379,2025-06-30,285946b3-7218-4854-be5a-60994dc80592,Automotive,Asia,3,59.7,0.2,PayPal,8.0,4.5,143.28
78889,2024-01-03,e8999dee-ec97-4643-97fc-9b1735a4a053,Home,Asia,1,492.22,0.15,PayPal,4.0,4.4,418.39
49517,2025-12-28,08e2aeb5-f154-441a-8083-ee007ed46135,Sports,Oceania,1,447.03,0.15,Cash,6.0,4.8,379.98
15344,2023-05-07,96978820-a505-44a2-9925-0e145d29915e,Beauty,South America,3,136.94,0.05,CreditCard,3.0,3.1,390.28
82594,2025-04-30,ab6c4feb-55d2-436d-8d78-02ecbbb47e6e,Automotive,Oceania,4,203.76,0.0,CreditCard,3.0,3.4,815.04
33803,2025-01-30,c2667162-48ce-4772-848f-8175a5b05c8f,Sports,South America,1,133.36,0.1,CreditCard,3.0,3.5,120.02
49216,2024-10-12,b017d4c5-9441-4552-bd85-d5ef9298655e,Electronics,Europe,3,152.47,0.0,CreditCard,3.0,3.8,457.41
35652,2023-05-31,0b434138-e0ec-48f1-8641-262e605a0d9b,Toys,Oceania,5,423.73,0.05,Cash,5.0,3.7,2012.72
92040,2023-01-20,7f4c22c4-880e-4430-8186-fab70f7a5db9,Beauty,Europe,4,319.19,0.0,CreditCard,4.0,4.5,1276.76
84507,2023-06-06,c3d19c00-b106-4ff9-8ac4-3aa3b5bd4f66,Home,Europe,1,340.65,0.0,BankTransfer,8.0,4.1,340.65
47372,2024-06-15,f586a744-d249-404b-a636-c7ffe060036b,Fashion,Oceania,4,313.33,0.0,PayPal,1.0,4.7,1253.32
42289,2023-01-19,3c90566e-ff49-4786-829d-081469a7216b,Electronics,Asia,2,368.25,0.0,BankTransfer,5.0,4.7,736.5
32181,2024-01-07,7d0b1599-0d6a-4835-b212-ee3b16198e74,Toys,North America,4,249.01,0.0,Cash,8.0,2.5,996.04
26473,2024-12-17,99a0afd8-0771-4287-9050-20dc7e6653b5,Automotive,Asia,4,378.51,0.0,Cash,5.0,4.5,1514.04
90496,2024-02-16,50b90cf7-3232-4cd6-880c-c4cbbd4ada34,Automotive,Europe,4,250.75,0.1,Cash,8.0,3.1,
3897,2023-02-01,ca90001c-8943-414f-b668-705d1a10748c,Sports,North America,5,81.69,0.05,CreditCard,6.0,3.5,388.03
39376,2024-02-19,8f8ae861-8668-4afc-a07e-3c20d2384af9,Home,Europe,4,276.04,0.15,CreditCard,5.0,2.5,938.54
21048,2023-09-03,f5348c17-cd2f-4a12-b985-f1de16f8a267,Fashion,South America,5,200.02,0.0,CreditCard,2.0,3.7,1000.1
42264,2024-06-15,59d0f65b-aad3-4a91-a111-b90ddd98beb0,Toys,Africa,1,411.77,0.0,CreditCard,6.0,2.2,411.77
5672,2023-05-12,20e8dae1-b1f0-4d9b-8e21-7fb3be654bf9,Sports,Asia,2,427.87,0.05,Cash,4.0,2.9,812.95
92791,2025-12-06,19543a56-5b76-42ab-9577-57181978d16a,Beauty,South America,4,355.48,0.0,Cash,9.0,2.4,1421.92
60422,2024-08-23,a85adb0c-6517-4828-a40c-352351e3f195,Beauty,Oceania,3,320.78,0.1,PayPal,9.0,5.0,866.11
90344,2023-08-04,a97e07d9-c870-4767-a4d4-d773958ecdf7,Electronics,Asia,4,261.51,0.2,CreditCard,3.0,2.4,836.83
92856,2025-04-01,74d499e3-d09e-4e58-a0b1-5762f3564292,Toys,Oceania,2,306.2,0.0,BankTransfer,8.0,2.3,612.4
76771,2023-12-14,610f55e8-e82a-4d8d-9d64-065f42ca7eab,Electronics,Oceania,2,446.21,0.1,BankTransfer,8.0,3.5,803.18
62840,2023-11-05,25a2b98c-218c-4dd9-bb0b-ec4b7d3f2384,Home,Oceania,5,245.538,0.05,BankTransfer,4.0,3.3,1166.31
6233,2025-03-06,9123f2c5-c4c9-4949-a334-fca6d04f0a71,Home,North America,3,330.71,0.0,CreditCard,2.0,2.3,992.13
99588,2025-04-30,ab6b0453-f66b-476e-821d-bde8e384ec88,Electronics,South America,5,262.34,0.05,BankTransfer,2.0,3.5,1246.11
15063,2023-10-01,ce37626d-c13b-4b6a-9dd6-5ae9c5b92e88,Sports,Asia,2,352.73,0.0,CreditCard,3.0,4.4,705.46
62362,2025-12-21,fd43f429-7064-414b-8dc5-47c1f409ca34,Fashion,North America,4,88.99,0.0,Cash,3.0,3.1,355.96
56286,2023-03-04,f29e5b1c-99db-46e7-848c-a532a38ae71e,Automotive,Europe,5,282.97,0.0,Cash,3.0,3.0,1414.85
66460,2025-12-03,9de7b893-4f49-4ce8-a4f5-c7b2ca5079ec,Toys,Africa,2,349.0,0.1,CreditCard,8.0,4.9,628.2
64476,2024-05-31,6e85ef52-67c0-4bff-bf57-d8a8a9ca074f,Sports,Europe,4,193.45,0.0,CreditCard,3.0,4.1,773.8
23538,2024-06-18,5d8c8633-e673-458e-93f7-0eea9c8a9bef,Fashion,Asia,2,420.79,0.15,CreditCard,5.0,2.2,715.34
90463,2024-03-03,dd7476ce-4a06-41ad-9234-154626e045fb,Automotive,Africa,5,300.35,0.0,BankTransfer,5.0,4.5,1501.75
86912,2025-11-19,79d2c1d7-1000-4a14-90af-b416883890de,Sports,Oceania,5,53.667,0.0,PayPal,2.0,4.9,268.34
88119,2023-03-17,29999564-3f01-4f17-b98e-411128c9006b,Home,Africa,3,331.17,0.0,CreditCard,2.0,4.4,993.51
77823,2025-08-30,de36f6f6-5ea8-46af-a098-953688bc9518,Toys,South America,2,143.88,0.0,PayPal,7.0,2.5,287.76
20500,2023-10-16,3d8548cf-bfd5-440a-ad81-adbb3cdcbffb,Sports,Asia,5,350.92,0.0,Cash,3.0,3.8,1754.6
63130,2023-04-17,20d5abb5-e6d9-4cd4-9717-fe7041a1fb1c,Automotive,South America,2,286.6,0.0,PayPal,3.0,3.9,573.2
25130,2025-10-02,17907876-8403-43bb-96c1-94580b5665c2,Sports,Europe,3,13.66,0.0,PayPal,6.0,4.3,40.98
16232,2023-12-11,2333c422-a3dc-4212-86ea-b78ce6a697fc,Sports,Africa,4,221.79,0.1,Cash,4.0,2.2,798.44
67598,2023-11-07,c44f1306-055e-41e3-83e5-123ef593d27f,Electronics,Asia,3,444.942,0.0,PayPal,1.0,2.9,1334.83
40261,2024-09-05,b1d277c6-aa78-4c00-9550-eabff84e462f,Toys,Africa,5,144.96,0.0,BankTransfer,8.0,4.0,724.8
49343,2024-02-27,fb3c320b-509b-451f-908c-e6f532c7cdac,Automotive,Asia,2,254.78,0.0,BankTransfer,6.0,3.7,509.56
44893,2024-11-06,b5920752-939c-4c0a-824c-028029670256,Sports,Europe,4,278.36100000000005,0.0,BankTransfer,7.0,3.1,1113.44
10868,2024-07-30,36502aef-ea93-47e9-a764-dec0448d4e76,Sports,South America,2,473.69,0.0,CreditCard,1.0,3.0,947.38
57810,2024-01-23,6e771bb4-c8de-4d9a-b4dc-f40a226282c1,Toys,Europe,3,30.24,0.05,BankTransfer,7.0,2.9,86.18
11855,2025-02-15,aca41c10-2319-46a8-bc2b-edfc23ecb390,Fashion,Europe,1,349.99,0.0,CreditCard,6.0,2.5,349.99
27238,2023-11-20,afd66de4-9b5f-4127-9270-481c0bcafa10,Toys,Oceania,2,218.592,0.0,BankTransfer,4.0,4.0,437.18
56892,2024-11-16,c13c9de3-5c99-49f7-9861-08c234e12327,Home,Asia,3,445.842,0.0,BankTransfer,5.0,3.9,1337.53
2788,2024-11-13,565c1e3f-6d1c-41d6-b3e0-4a38cdf0aaba,Toys,Oceania,4,144.423,0.0,PayPal,1.0,3.5,577.69
68992,2024-08-29,3b9ad32e-3c17-43a4-8e00-ccbee400f9a7,Sports,North America,4,261.57,0.05,PayPal,8.0,4.3,993.97
5220,2023-09-10,7f297630-bbca-4210-afe6-1a89d059b594,Beauty,Africa,2,221.98,0.0,PayPal,6.0,2.3,443.96
49359,2025-09-15,f4564728-3c73-416e-aa0f-1d92c431cbe5,Automotive,Africa,4,466.32,0.05,Cash,8.0,3.5,1772.02
42028,2025-06-02,e2da43f2-7538-4359-980c-b619001cd8a3,Fashion,Oceania,2,450.9,0.05,BankTransfer,9.0,2.4,856.71
16432,2025-02-06,3381311d-deac-4a4c-9ad2-7a444bbfb795,Electronics,Asia,4,114.95,0.0,BankTransfer,5.0,3.6,459.8
15128,2025-08-07,83d50363-3837-45bf-ab16-79f4fa460054,Toys,South America,2,54.73,0.0,PayPal,6.0,3.4,109.46
80854,2025-05-03,ef9be032-3255-4431-bff4-3db29497477b,Sports,Europe,2,461.47,0.0,BankTransfer,3.0,4.4,922.94
31759,2025-08-23,b6d09d3f-2c76-4da4-a829-96b32ba095a8,Automotive,Oceania,5,31.14,0.0,CreditCard,2.0,2.1,155.7
79379,2025-02-10,544fa85c-1b55-40f0-8c6c-c73b4e849066,Sports,North America,3,107.74,0.0,CreditCard,5.0,2.2,323.22
52578,2025-03-07,ff757363-ab90-489c-87c9-12242ab20c6c,Toys,South America,4,42.73,0.0,Cash,5.0,3.5,170.92
33637,2025-02-21,a0b48ea7-b2ae-4aa0-896f-e8bccac6b6dc,Beauty,Asia,5,295.31,0.0,PayPal,3.0,5.0,1476.55
13094,2023-08-06,fd2dd4e4-f17a-4c4e-84b3-725c567d8eb7,Home,Europe,2,485.76,0.05,,5.0,5.0,922.94
63905,2024-01-28,f838de92-f1e4-4db5-8bc2-ea1c69a4571b,Fashion,South America,1,420.7,0.15,PayPal,3.0,4.0,357.6
79959,2023-08-10,8435c3fe-079a-4e06-94ad-5ff16898c90d,Sports,Oceania,5,123.61,0.1,Cash,6.0,4.1,556.24
89625,2023-09-23,52d8e13b-8bc3-43bc-a306-28c251f63263,Beauty,South America,3,12.69,0.0,Cash,2.0,4.8,38.07
58440,2023-04-10,75eff7c7-b00d-4ae8-8d9a-815ae9b500a1,Home,Oceania,5,257.09,0.0,BankTransfer,1.0,3.7,1285.45
44400,2024-12-31,9fed1ec4-def6-43b1-af42-dcdedb076663,Beauty,North America,3,284.71,0.0,PayPal,1.0,3.3,854.13
58659,2025-04-06,c1ec436f-ee55-43a0-8416-b187eaa0b7dc,Toys,Europe,4,33.84,0.0,BankTransfer,3.0,3.4,135.36
49302,2024-01-04,893bc90f-57d7-41b0-bc18-a5111cd94045,Sports,Europe,1,318.38,0.15,PayPal,5.0,2.2,270.62
41474,2024-07-13,780ad9bf-465d-42a2-be4e-fe50684b2d4b,Fashion,Oceania,1,446.31,0.05,PayPal,7.0,2.1,423.99
29848,2024-01-13,ae8c8dea-a336-4b61-93e1-9a9791afc7d4,Fashion,Europe,5,54.35,0.1,CreditCard,1.0,3.5,244.58
43822,2025-12-20,d70af45c-5050-439e-a8ea-db3ac0f77231,Sports,Europe,3,279.49,0.1,BankTransfer,3.0,3.3,754.62
49599,2023-12-24,f3f2f142-3817-4cd8-b584-78446a182068,Automotive,North America,3,214.84,0.0,BankTransfer,9.0,4.3,644.52
76206,2024-02-29,f3d95352-ec64-4e98-b17f-be611b0ca9c5,Fashion,Asia,1,159.74,0.1,Cash,4.0,2.6,143.77
56521,2025-08-22,39039516-db69-4c05-8c80-09f3b7daa7c1,Electronics,South America,5,214.63,0.0,Cash,7.0,3.5,1073.15
84880,2025-11-12,76b0766b-bbd1-44b0-b9df-8f7fe8c8fa9b,Automotive,Africa,2,95.409,0.1,Cash,6.0,2.6,171.74
16870,2025-06-19,1d1d931c-7b20-49bd-8732-b28ee8e02c58,Automotive,South America,1,214.26,0.05,Cash,9.0,2.8,203.55
78509,2024-05-28,3f563a4b-1726-4901-b488-d4a2bab93459,Home,Oceania,1,286.08,0.1,Cash,7.0,4.0,257.47
3916,2025-10-16,b9add00a-ec64-4a9b-bcf1-c29e09b4413c,Electronics,Africa,4,259.93,,PayPal,9.0,3.2,1039.72
19810,2023-06-20,436d1a6a-d98a-41b3-ac02-5f6a7d873b7d,Electronics,North America,5,431.49,0.05,CreditCard,5.0,4.1,2049.58
16461,2025-11-15,58351f3a-6394-446d-b36e-943796d4890c,Home,Europe,4,80.307,0.0,Cash,6.0,4.8,321.23
69128,2025-01-10,5b4d9268-ad5f-4ca4-924e-4e2a52381a07,Automotive,North America,5,301.54,0.15,Cash,5.0,4.9,1281.54
28551,2024-02-22,7d894735-a26c-499e-8307-f13d5cdf9d3f,Sports,Africa,3,13.17,0.1,Cash,1.0,2.2,35.56
22936,2024-02-04,5954d3d2-288a-4503-ae41-3b92cbf829fb,Home,Europe,1,180.32,0.0,BankTransfer,5.0,3.1,180.32
98789,2025-05-20,f64a3ec6-c058-4572-a8d2-011695f666fa,,South America,5,72.9,0.05,Cash,6.0,3.3,346.28
66760,2023-10-01,0fcb5b52-1da8-475e-a666-63a04ecad402,Electronics,Europe,1,123.25,0.0,BankTransfer,5.0,4.2,123.25
71489,2024-10-20,6816439b-7aef-4ca4-ba28-95fae33daafa,Automotive,Europe,5,290.89,0.1,PayPal,1.0,3.7,1309.0
45736,2023-05-19,c2f0ad8b-71ab-40c4-a5d9-85a373b0d58f,Electronics,North America,1,289.96,0.15,BankTransfer,3.0,4.9,246.47
24506,2023-05-02,0a9f2fe2-6a12-4e3d-92c1-dabb549e011f,Beauty,North America,5,479.7,0.1,BankTransfer,7.0,3.2,2158.65
71846,2023-04-08,639b3f82-f10a-422d-8b34-c046eb8f1b09,Sports,Africa,4,152.67,0.05,BankTransfer,3.0,3.7,580.15
66045,2024-08-04,a23cc79c-0789-4691-80a6-82141313cf08,Automotive,Africa,5,129.0,0.0,BankTransfer,6.0,2.2,645.0
59187,2023-06-13,e44ea92e-6e7f-4639-b4f7-5fef740d6899,Fashion,Africa,3,276.51,0.05,BankTransfer,6.0,2.9,788.05
35823,2024-06-22,7e21776d-d92d-417e-a0da-0919f65f00d8,Toys,Oceania,3,17.54,0.0,BankTransfer,2.0,2.2,52.62
52046,2025-07-15,935e2b4e-4a93-4430-8f73-ce9ad971958e,Home,Oceania,3,450.35,0.0,CreditCard,6.0,3.6,1351.05
69380,2025-12-21,8c1254ee-257a-4304-b9c0-cb57dccb8b46,Fashion,Africa,4,275.65,0.15,CreditCard,1.0,3.4,937.21
29508,2024-01-08,81e2db6e-be49-4a02-98f9-8c93929b98d1,Electronics,Europe,1,313.08,0.0,Cash,5.0,4.2,313.08
9802,2024-07-12,ce68210c-1bdd-4bea-aec2-1c06f99773b2,Automotive,Asia,4,320.22,0.0,PayPal,8.0,4.4,1280.88
45517,2024-12-11,651535c0-d9e7-4673-b2cf-9cd005e1872f,Automotive,Africa,2,372.97,0.0,CreditCard,5.0,2.6,745.94
19549,2025-11-09,39a31c1e-0fdd-443b-ae3b-7ea146d2befb,Toys,Oceania,3,287.81100000000004,0.1,Cash,9.0,2.0,777.09
95457,2025-07-30,71c50b25-1af6-4c3c-a5dc-3b0c8ec67c3a,Electronics,Asia,3,339.2,0.15,PayPal,8.0,4.7,864.96
67560,2025-11-02,c7fa0bf5-bb2b-4ac2-a00b-2b3d7132f5aa,Fashion,Africa,4,7.29,0.1,Cash,7.0,3.9,26.24
43188,2023-09-01,dc6756f8-52b9-4c08-a3ad-2aef0452d9af,Sports,Europe,2,313.95,0.0,BankTransfer,3.0,2.0,627.9
12827,2025-02-24,920368b2-a9b7-4b58-961a-a5bea4e343db,Electronics,North America,5,252.89,0.0,BankTransfer,4.0,3.0,1264.45
25328,2025-10-12,b1f7c6f6-6f2c-430a-8011-513fbfe06963,Beauty,Asia,5,213.85,0.05,Cash,4.0,4.4,1015.79
65595,2025-06-15,0d19955e-e696-4c67-a786-de64f92ec2bc,Toys,Africa,4,71.67,0.1,BankTransfer,6.0,2.1,258.01
97487,2024-11-22,671a8a66-0631-4d18-a9ff-a39885c8eec3,Beauty,Africa,6,84.76200000000001,0.0,CreditCard,3.0,4.7,508.57
51452,2024-12-16,0c87ed1b-318b-4799-8a65-f3c664cba971,Home,Europe,4,366.96,0.15,PayPal,2.0,4.0,1247.66
14608,2024-04-14,ff17bd6f-c984-44fb-a656-1ffcc61c3d58,Toys,Africa,5,176.88,0.15,CreditCard,1.0,4.4,751.74
2038,2024-04-13,1690636b-6f74-455d-99a9-af6aed054732,Electronics,Europe,2,37.27,0.0,CreditCard,7.0,2.8,74.54
40981,2023-10-23,64a18452-dae5-498a-ba19-7e9f557b9e63,Beauty,North America,1,419.55,0.0,Cash,4.0,4.8,419.55
5059,2025-02-21,0803ad31-4e1e-4f3d-a910-22b80d60e364,Automotive,South America,3,413.48,0.15,BankTransfer,4.0,2.9,1054.37
65462,2023-08-12,af93db35-85ac-43d2-aef1-55e9bf554375,Toys,North America,2,233.47,0.0,BankTransfer,7.0,4.4,466.94
24461,2025-02-16,01b05586-6186-4d77-a147-da0629615636,Home,Europe,5,342.23,0.15,CreditCard,6.0,4.2,1454.48
68821,2025-12-28,83685a5e-88e5-40f5-9abf-52bca921f65c,Fashion,South America,4,305.18,0.0,PayPal,9.0,4.6,1220.72
85020,2025-11-13,f10dffb6-f8c3-453e-b6cf-c4c4c8026a45,Toys,Europe,5,296.1,0.0,Cash,9.0,3.1,1480.5
9264,2023-01-21,f41facd1-1344-42f6-869a-cda367d73e57,Fashion,North America,4,292.43,0.0,CreditCard,5.0,3.2,1169.72
68950,2024-01-27,031aa07c-fa0d-4017-a4d9-cbd8535d3c13,Beauty,Europe,4,173.14,0.0,Cash,6.0,4.8,692.56
17170,2024-09-24,09bd7a03-44ea-4da0-96e4-2b52845a91f2,Electronics,Oceania,1,452.03,0.0,CreditCard,7.0,2.3,452.03
94566,2023-05-22,544ef47c-e1d2-4e67-96fd-7c654d012e49,Fashion,Europe,1,218.38,0.0,,4.0,3.0,218.38
79746,2024-03-16,9ec19ca2-fe63-4a17-872f-b66e5161b6bf,Toys,Europe,2,383.78,0.0,PayPal,1.0,2.0,767.56
46757,2024-08-23,a58295d4-9288-4cb6-b13f-bd71268f5cfe,Sports,Europe,4,149.7,0.2,BankTransfer,4.0,2.1,479.04
79927,2024-09-06,bcbfe54f-e076-4b2c-ba1c-220f3ade7026,Fashion,Africa,3,179.26,0.05,CreditCard,9.0,2.2,510.89
10539,2024-08-03,d641beaf-b11b-477e-8150-bdcbe285db4d,Sports,Asia,2,332.43,0.0,Cash,7.0,4.3,664.86
97306,2025-11-03,3abe7838-160c-42f5-9aba-7a62b7aecdeb,Toys,North America,4,88.488,0.05,Cash,6.0,3.3,336.25
29574,2025-04-06,1e005657-d048-4e32-938f-627626dea97b,Home,,3,353.68,0.0,CreditCard,1.0,2.5,1061.04
52913,2024-07-02,708af036-3e17-442c-9c29-6683b159ea64,Fashion,North America,3,274.14,0.0,CreditCard,1.0,2.7,822.42
61342,2023-10-31,171265e5-eeb7-495a-9157-0c0d9fd3c6fe,Beauty,Asia,3,285.36,0.15,BankTransfer,4.0,4.9,727.67
9684,2024-01-23,05476e17-0f9b-4aca-8081-a70437c200e3,Toys,Europe,4,60.76,0.1,CreditCard,9.0,2.6,218.74
68989,2024-08-15,33b20e48-58ac-493e-a401-9bc7dbe2dacc,Fashion,Oceania,4,269.51,0.0,CreditCard,3.0,4.1,1078.04
3503,2024-01-02,6cfa28cf-b62e-410a-a584-83851915bb1c,Toys,Asia,4,220.74,0.0,BankTransfer,4.0,2.7,882.96
44111,2023-02-12,be41056b-8597-4cc5-9222-df6aa9690cdc,Electronics,Asia,5,12.65,0.0,Cash,9.0,3.4,63.25
94928,2024-02-27,3a7c0072-76c1-43d0-96bc-17e51bbc697f,Electronics,Europe,4,38.11,0.0,BankTransfer,6.0,3.8,152.44
25981,2023-02-09,92600ddc-369d-47be-8fd6-9e6a50803f14,Sports,Asia,4,121.2,0.0,BankTransfer,2.0,2.3,484.8
42455,2024-10-22,9ee9aedc-741f-4e1d-8b5c-cc26488ae444,Fashion,North America,5,356.59,0.2,Cash,4.0,2.7,1426.36
67074,2024-03-28,c4b4ba55-898b-487b-84df-d7718fc72891,Home,Oceania,1,149.36,0.0,BankTransfer,9.0,4.2,149.36
69802,2023-03-31,963415f6-90d2-4b7e-b0db-c718e1e99689,Electronics,Asia,4,331.1,0.05,PayPal,1.0,4.7,1258.18
8236,2024-07-27,f0a968a6-aea2-449e-bdc2-c940fa26897a,Electronics,South America,5,351.46,0.05,PayPal,6.0,2.5,1669.44
75430,2023-07-02,36f3d6d3-3559-43c3-9b8b-b33814b7ada1,Toys,South America,4,405.43,0.05,Cash,1.0,3.3,1540.63
37594,2025-02-16,0a8e7c78-06a9-4518-bc7a-dd932b48dcbd,Toys,Oceania,5,150.93,0.1,BankTransfer,5.0,2.4,679.18
84923,2024-05-08,49f36ca3-53bc-4a7f-8a53-1527c637285c,Toys,South America,4,256.46,0.1,Cash,7.0,2.7,923.26
59360,2023-01-16,7ec895b1-c180-4e75-b094-8b7e88f73e9c,Toys,Africa,5,328.13,0.0,CreditCard,5.0,2.7,1640.65
37077,2023-09-06,4b832bf3-0b90-4e3d-9c17-22e452f71704,Electronics,Africa,5,97.69,0.05,CreditCard,4.0,3.4,464.03
6905,2024-01-05,35eaede0-ea83-456b-bd8c-93df41515f1e,Beauty,Europe,4,152.39,0.0,CreditCard,7.0,3.2,609.56
34090,2025-04-27,5a92e40a-2830-44d6-b2ff-f8af0f382db3,Automotive,Africa,3,130.15,0.0,CreditCard,7.0,4.0,390.45
83026,2024-02-25,03121f15-daeb-402e-ab0b-a5bcbeea2c9c,Automotive,South America,4,464.84,0.0,CreditCard,6.0,2.2,1859.36
58696,2024-08-28,a4b39cbf-603d-4b7e-acb3-8aa09cc83123,Toys,South America,3,150.7,0.05,PayPal,6.0,2.8,429.49
33457,2025-04-15,cfb7fd57-a20e-4bb3-a2b1-9e4c2988ae6f,Beauty,Europe,1,244.64,0.15,PayPal,2.0,4.4,207.94
37145,2023-08-25,f112a09a-c601-4f8c-b5de-6c97c623db71,Automotive,South America,3,6.73,0.15,BankTransfer,6.0,4.5,17.16
16766,2025-04-02,2dcedef0-27be-4417-bc97-b3bbca425e86,Sports,Oceania,5,435.03,0.0,BankTransfer,6.0,4.6,2175.15
2450,2024-10-22,171603b1-7466-4e6f-a1ee-b1f133b1d0dc,Automotive,Asia,5,344.36,0.05,PayPal,3.0,3.6,1635.71
7321,2023-09-23,a2fcab34-5868-4fda-a0bd-c6623ee07bb3,Electronics,South America,5,252.04,0.1,Cash,1.0,4.4,1134.18
77373,2025-05-15,22c1f991-e38e-4f32-8e2a-553902aea08a,Fashion,South America,2,442.14,0.05,Cash,6.0,3.7,840.07
93354,2023-03-02,330cb9c2-86ce-4c21-9d40-435437ec1673,Sports,Oceania,4,484.23,0.15,Cash,8.0,3.5,1646.38
11644,2025-03-01,c414777b-6673-4343-bcfd-24be650b8d2c,Home,Asia,2,149.95,0.05,PayPal,4.0,2.7,284.9
44685,2025-04-21,f3b092b7-3364-4f27-bb9b-04e7d490e1fd,Beauty,South America,5,240.54,0.0,BankTransfer,4.0,3.3,1202.7
11249,2025-02-27,9719d16c-786b-4874-90c5-0d154bc8f4c9,Sports,North America,5,404.04,0.05,CreditCard,6.0,4.4,1919.19
84927,2025-11-06,97da4c62-3df0-4bf7-86af-9d45d51cffa0,Sports,Europe,4,292.55400000000003,0.0,CreditCard,6.0,3.3,1170.22
49044,2023-01-17,a1470e58-5870-4df1-ba40-26c30262b936,Home,North America,2,436.61,0.0,PayPal,6.0,3.9,873.22
62750,2024-11-08,16951215-d93a-448c-9f0a-f1175ee3ac2e,Sports,Africa,6,139.86,0.0,BankTransfer,8.0,2.3,839.16
56754,2024-12-06,99887c0b-1462-4397-bc80-8a98a188d09c,Automotive,Africa,3,312.56,0.0,Cash,8.0,2.2,937.68
88394,2023-07-01,86fbe5ff-c5d8-4707-951a-b215e073b387,Home,South America,4,46.06,0.15,PayPal,3.0,2.5,156.6
8620,2023-04-15,10e7ee6f-1c15-455f-bf6e-074d865fe33c,Beauty,South America,5,229.97,0.0,Cash,7.0,2.2,1149.85
98,2025-04-12,db20a56e-dc81-4fe7-8eda-8bbb71710434,Automotive,Africa,2,337.43,0.0,PayPal,3.0,3.6,674.86
33250,2025-04-22,18275c31-8662-4597-9d28-5350a231203e,Home,Asia,4,423.65,0.0,CreditCard,9.0,3.5,1694.6
77936,2023-03-07,191ae872-c19c-4037-af02-3ae8858b3e73,Toys,Asia,5,344.97,0.0,Cash,4.0,2.7,1724.85
39574,2025-09-13,537594dc-f22b-4e18-b0d8-466d841f30c1,Fashion,Asia,3,491.53,0.0,BankTransfer,5.0,4.8,1474.59
25669,2024-09-01,05d2f243-163f-4feb-90ad-834c2ae2fc62,Sports,North America,4,274.78,0.15,BankTransfer,6.0,4.2,934.25
16421,2023-10-17,806fbdad-2d90-4059-b200-08f320c06aed,Beauty,Europe,4,426.75,0.2,CreditCard,9.0,3.6,1365.6
68362,2023-01-11,c67d3af5-3df6-43ad-9f50-651d3014d441,Fashion,Oceania,2,146.6,0.15,Cash,4.0,4.8,249.22
99060,2024-06-14,00efd96c-6b67-4e6a-a44f-70ccc3ce7385,Sports,Asia,3,19.76,0.1,Cash,1.0,3.4,53.35
87585,2025-06-19,3df88c63-7f61-4b5f-8831-3bfd8fffbc53,Electronics,Africa,5,274.2,0.0,PayPal,5.0,2.4,1371.0
33455,2024-12-29,8b3a303e-b5a6-43bb-b3a5-4c88cd9306df,Sports,North America,4,300.33,0.15,BankTransfer,3.0,4.8,1021.12
40647,2025-02-25,a31dfea7-db3d-4d05-99b1-3a2bdd5c423c,Beauty,Oceania,4,296.73,0.05,Cash,9.0,2.6,1127.57
5449,2025-05-01,8365d2cf-173b-4226-84d9-ea2dcb56eb48,Toys,Europe,2,177.45,0.0,CreditCard,8.0,5.0,354.9
67034,2025-02-23,e62ba94b-9988-4a12-bb31-03c3fa60f04a,Fashion,North America,3,113.31,0.05,CreditCard,6.0,2.7,322.93
95332,2025-11-10,e73ca02f-73f1-4ffe-a8ff-da2b3d4cdf7e,Automotive,Africa,6,270.531,0.2,CreditCard,7.0,2.4,1298.55
41798,2024-07-12,78b541ed-c824-4c15-8d95-96ddc4e26c8b,Home,Africa,3,226.94,0.0,PayPal,8.0,2.4,680.82
31921,2025-05-14,b41e70e8-5a1a-4a61-9e1e-20171e43d2b9,Toys,South America,1,376.79,0.0,BankTransfer,6.0,4.2,376.79
39121,2025-04-04,a5d2f1c3-3de8-49b4-827d-d561397dbecd,Home,,5,399.19,0.15,BankTransfer,7.0,3.5,1696.56
90832,2025-02-22,458a13df-0ade-4275-be2b-3ce2a13ff68d,Toys,Asia,1,15.5,0.05,PayPal,6.0,4.6,14.72
59909,2024-05-06,488795d8-8205-4db2-8d13-c17f71d80755,Beauty,Asia,3,80.83,0.15,PayPal,7.0,2.3,206.12
46939,2024-04-22,4d92d3a5-3520-4b1b-933d-8a8394518b3f,Sports,South America,3,71.8,0.0,CreditCard,1.0,3.8,215.4
10767,2025-06-15,7efdb8da-e5d6-4b9b-a1dc-de120dbbba59,Automotive,,2,338.36,0.05,CreditCard,7.0,2.4,642.88
53832,2023-05-14,9d9e6fe7-0722-440d-a8ee-aec6f129dfd0,Electronics,South America,5,122.44,0.1,Cash,8.0,2.6,550.98
26578,2023-05-10,ede4b7f6-6c0e-46e1-a916-85747002450a,Fashion,Europe,4,449.79,0.0,Cash,2.0,3.1,1799.16
32999,2023-08-02,e6b79290-9f0c-44dd-ad2c-b04de1956123,Electronics,Asia,4,438.49,0.0,PayPal,7.0,4.1,1753.96
40988,2025-02-21,8386ef49-86a6-4115-8568-ab65ff263c84,Home,Asia,4,173.29,0.1,CreditCard,3.0,,623.84
10844,2024-08-20,53e946d9-528d-42fe-a60a-7799f2700781,Toys,Asia,1,424.83,0.0,BankTransfer,9.0,4.9,424.83
25171,2024-12-05,c4b3486f-c68a-4cec-ac52-8ec320aad273,Sports,Asia,3,416.92,0.0,CreditCard,6.0,2.4,1250.76
76862,2024-06-28,2c53c4b6-8a9a-4b37-b9ce-69895ab29d9a,Home,Asia,5,398.51,0.0,BankTransfer,9.0,3.0,1992.55
68474,2025-02-13,b263c33b-cd89-4d24-b6a6-d37711ab78d7,Fashion,,2,33.73,0.0,CreditCard,9.0,4.5,67.46
81242,2024-11-26,51dc34f9-5950-4d34-9825-2b7356ad3c08,Automotive,South America,4,175.32000000000002,0.1,Cash,1.0,3.7,631.15
84186,2025-11-09,743d5b2d-500b-4959-981c-313393c7afc1,Beauty,Oceania,5,341.838,0.2,PayPal,6.0,4.1,1367.35
66110,2024-01-20,0221b9fa-4d38-43b3-8f93-7d3f0b91ec08,Sports,Oceania,5,54.2,0.1,BankTransfer,8.0,3.7,243.9
7733,2023-12-18,c1fcdfc3-21b2-4aa6-95bc-cd83bb853c91,Fashion,Oceania,5,241.42,0.15,CreditCard,1.0,2.5,1026.03
39550,2025-06-22,ada26156-7e48-4921-aab8-a49701f36bbd,Electronics,Europe,5,65.4,0.05,Cash,6.0,4.4,310.65
35359,2025-11-02,443622f0-ce88-4ab1-a997-3f2bb48c25fd,Electronics,South America,2,263.682,0.0,Cash,1.0,3.9,527.36
29129,2023-10-26,798d99fb-2ed7-4961-951e-89e65c4fe578,Beauty,South America,3,303.45,0.0,Cash,7.0,3.2,910.35
60856,2024-09-25,6860df84-7a66-48e9-b617-f5180f5224f1,Electronics,Oceania,2,159.57,0.15,PayPal,5.0,3.9,271.27
75855,2023-08-16,58a7ba89-19ba-4bb8-a5de-a4e7d9e1a107,Home,South America,5,88.34,0.0,PayPal,6.0,2.8,441.7
82214,2025-01-20,9b506ff7-9f29-4f81-9f35-3ab78e118493,Fashion,Africa,5,120.09,0.15,CreditCard,3.0,4.2,510.38
56238,2024-04-07,189a5606-b3ff-4796-a34b-b4e58666599e,Automotive,Asia,2,419.46,0.0,PayPal,8.0,2.1,838.92
14108,2025-06-21,acb15b9b-fd60-4b05-830f-7e8014f7f2c0,Beauty,South America,5,486.04,0.0,PayPal,8.0,3.1,2430.2
75033,2025-12-29,0bb8ca85-c64e-45d7-b6bb-954ce888b983,Toys,Europe,4,225.53,0.0,PayPal,1.0,2.3,902.12
21794,2025-12-17,10da6403-6af3-4358-b610-0ed542e13bc8,Home,Europe,2,81.69,0.0,BankTransfer,9.0,4.0,163.38
42652,2025-02-04,1eba3186-931b-4f4d-ba4d-6caa4cf8651d,Beauty,Africa,5,398.46,0.2,CreditCard,9.0,3.4,1593.84
15737,2025-06-07,bd73f845-faa7-476f-a634-ba2ad3fa1479,Sports,Asia,4,330.89,0.0,PayPal,2.0,4.5,1323.56
11176,2023-07-13,7afb7830-68aa-455f-a759-eb9306fdb09b,Sports,South America,3,262.53,0.0,BankTransfer,7.0,3.1,787.59
62801,2025-08-23,fae596f7-a6b8-4a4f-a246-96455954b354,Toys,Oceania,3,226.92,0.05,Cash,9.0,2.1,646.72
15716,2023-04-08,17b05872-787f-47de-beae-7e2c90bde40e,Fashion,North America,5,328.59,0.1,CreditCard,5.0,4.8,1478.66
9999,2024-10-07,0eca3630-7342-44e1-a957-a9dd5258e6d8,Automotive,Africa,2,278.9,0.15,BankTransfer,6.0,3.0,474.13
97032,2023-06-25,ed4bec3f-0aa3-41a2-aa2d-e9b9e52744e1,Electronics,Europe,2,298.46,0.1,Cash,3.0,3.6,537.23
79716,2024-10-26,838fc165-0fad-4c0b-a2aa-b2527e220195,Automotive,Oceania,5,150.14,0.0,Cash,7.0,4.2,750.7
24620,2024-07-16,32632cc3-665e-416f-9b67-b77503b88938,Automotive,North America,1,39.14,0.05,PayPal,3.0,4.2,37.18
7727,2025-04-20,c50ef346-f34c-4c78-8892-111c1bee4909,Toys,Asia,3,269.5,0.2,PayPal,6.0,4.0,646.8
92705,2024-08-22,ac243a24-a275-4bd9-bf94-abc9d724f943,Beauty,Asia,1,326.34,0.15,Cash,1.0,4.1,277.39
69879,2025-07-11,2bac55fb-0dac-4faf-9092-c355ad8b8a4e,Sports,North America,1,167.02,0.15,CreditCard,3.0,4.0,141.97
85774,2025-10-29,f8ea1476-ee5a-4c08-8532-dbd465568a44,Beauty,Asia,2,323.7,0.1,PayPal,4.0,3.0,582.66
92681,2024-11-16,a98644b2-9a93-49ee-ab8a-f3eef697d176,Toys,South America,3,161.37,0.0,PayPal,3.0,2.0,484.11
73882,2025-04-25,dd5969e8-1b24-40e7-99db-881f595342d0,Fashion,Asia,2,334.26,0.0,CreditCard,3.0,4.4,668.52
47695,2024-02-29,e821de9c-1e9c-4287-8a10-14675f1a0e50,Electronics,Africa,4,367.06,0.0,BankTransfer,1.0,2.2,1468.24
88590,2023-09-10,9982bfc8-7fb8-4cd2-8b61-7dc3f914bf8d,Home,North America,5,212.43,0.05,PayPal,5.0,4.3,1009.04
55862,2023-07-12,478c6745-4337-4faf-81bc-3eb497883d7d,Beauty,North America,3,236.26,0.05,Cash,9.0,4.3,673.34
32348,2024-04-08,ec8ef28d-44d4-42e5-9254-3531c8fbbbc5,Fashion,Oceania,3,145.69,0.0,PayPal,7.0,3.4,437.07
59339,2024-05-03,74f4181a-3664-4d95-b85e-3eedcc18c831,Electronics,Asia,2,368.56,0.0,Cash,2.0,4.1,737.12
55034,2024-08-02,5a67082d-db90-4308-9446-19777cfce364,Electronics,North America,2,97.08,0.0,PayPal,6.0,3.5,194.16
96016,2025-09-26,5bb94ebd-f399-4791-adf9-9a171add4ff5,Electronics,,5,333.35,0.1,BankTransfer,2.0,3.7,1500.08
84698,2023-07-18,368570d1-b68c-4aac-ae3c-3e18d631a566,Toys,Oceania,1,46.07,0.05,BankTransfer,1.0,3.2,43.77
29269,2023-03-06,d4e0097e-0e05-4305-8527-dbd9cac965b7,Fashion,Africa,5,108.65,0.0,CreditCard,9.0,2.6,543.25
73794,2024-09-04,236dc817-b816-475d-a5e4-fbb4c43f56f2,Sports,Asia,2,415.37,0.0,CreditCard,3.0,4.3,830.74
55789,2024-08-16,4ecb2163-6ca3-42ce-be08-f4f85dea9733,Electronics,North America,5,425.81,0.0,PayPal,4.0,2.8,2129.05
45583,2025-09-16,db7cd71e-5516-4bc8-a322-0c46b7ee828e,Automotive,Africa,5,147.5,0.05,BankTransfer,6.0,3.5,700.62
15348,2024-08-18,ef6791b6-6946-4a1f-bf8b-f62b3f9b1b1d,Automotive,South America,1,103.0,0.0,CreditCard,6.0,3.6,103.0
55700,2023-06-24,74c3a1f7-2235-44b2-8edf-0fe9752b1213,Home,Europe,1,463.27,0.0,PayPal,2.0,4.3,463.27
26870,2025-09-11,5d8e3949-73a0-4648-b33a-562457102ec2,Sports,Oceania,4,454.28,,BankTransfer,4.0,2.4,1726.26
87018,2024-04-28,91daf3f7-7589-466a-b32e-4b604521b024,Toys,Oceania,2,25.78,0.0,BankTransfer,5.0,2.9,51.56
23356,2024-08-19,87bafe02-6274-42c0-b686-ebd04da118b7,Toys,Europe,1,195.3,0.0,BankTransfer,1.0,2.5,195.3
25656,2024-06-15,a430b35d-7953-4493-b97d-3b2c0575e589,Electronics,Europe,3,220.72,0.0,BankTransfer,7.0,2.7,662.16
45980,2024-06-29,b300b3a6-576e-4dd3-80c8-ef4c127c2f33,Beauty,North America,2,330.24,0.0,CreditCard,5.0,2.4,660.48
36298,2024-01-27,3f551b92-df8b-4e63-8782-da858e9291bd,Home,South America,4,487.45,0.05,PayPal,8.0,3.5,1852.31
38392,2023-07-27,53a0dd0d-1768-43e0-918d-696fc001254e,Sports,Europe,5,30.71,0.2,CreditCard,2.0,2.1,122.84
52659,2023-01-16,25fb247c-9ebc-49fd-a760-9c775074f4b4,Toys,Oceania,1,118.03,0.1,CreditCard,2.0,3.1,106.23
7116,2025-09-02,e9b89caf-8a93-4d39-813d-3c538cda74ec,Home,North America,1,393.02,0.0,Cash,2.0,4.3,393.02
65537,2024-10-07,977d30f1-3559-44a1-a087-ffb778ca6c7f,Electronics,Oceania,3,439.31,0.0,BankTransfer,5.0,4.6,1317.93
94393,2025-08-16,7265a44d-3cd0-4a4d-84a8-710cacb44f2d,Toys,Oceania,4,7.22,0.05,PayPal,2.0,3.9,27.44
57119,2025-03-06,01c6deff-3eda-4d3b-a9fb-8d3334885010,Beauty,North America,3,333.52,0.05,Cash,7.0,2.8,950.53
48833,2024-07-05,282b0c7b-917a-42fa-af27-f61234386cdd,Sports,Africa,5,231.31,0.0,BankTransfer,2.0,,1156.55
72673,2025-03-03,2f0b28c8-16b0-47a9-abe3-5f72f43eb0d6,Toys,North America,4,73.46,0.2,PayPal,6.0,2.4,235.07
2503,2023-03-12,e237c877-2e0e-4673-8ed7-cd177e14c595,Fashion,South America,1,416.77,0.0,BankTransfer,7.0,4.7,416.77
34352,2025-03-24,1e0ede55-672a-4164-9f34-53e2f1d0ab6c,Fashion,North America,2,15.39,0.05,CreditCard,8.0,3.8,29.24
47283,2023-12-22,743c92eb-e918-4aee-a9a8-5e1b8a5b3040,Sports,South America,1,165.41,0.05,PayPal,2.0,4.8,157.14
60680,2025-12-17,5c50ec23-8410-4b6d-a98d-ad1bae773867,Automotive,North America,3,251.65,0.0,PayPal,2.0,4.8,754.95
96814,2024-08-18,0df810bb-d6bf-49cf-87f7-1ea56c5d8317,Electronics,Oceania,3,415.2,0.15,Cash,6.0,2.4,1058.76
14828,2025-08-13,a96f61cc-a82c-4ed3-b50e-da50c56afa5b,Fashion,North America,3,239.44,0.1,Cash,2.0,2.1,646.49
88234,2023-03-27,ce3dce25-2b2e-47d7-99a8-a8efe23c1a49,Electronics,Oceania,1,473.46,0.05,CreditCard,9.0,4.2,449.79
76502,2025-05-25,5082a8b6-4e41-4748-881d-3e5b63a4baf9,Electronics,North America,3,188.78,0.2,PayPal,6.0,3.1,453.07
14431,2025-11-30,dcd1e2d9-e189-40ef-ae58-83cbc2a7f547,Fashion,North America,5,75.087,0.05,PayPal,3.0,2.2,356.66
45355,2024-11-13,c3d82df3-016d-4d99-8257-15f53c11cf24,Electronics,South America,6,252.77400000000003,0.0,Cash,6.0,4.2,1516.64
41472,2023-01-12,8f7fbbbb-0af6-4c1b-adbe-a9638d951cbb,Sports,Asia,2,461.57,0.05,PayPal,5.0,4.5,876.98
26891,2025-09-13,f8f2390d-38eb-4c56-9b4a-5a768c1708b8,Beauty,South America,4,186.75,0.05,BankTransfer,8.0,2.6,709.65
18053,2024-09-21,f5f71def-2318-45c6-a3c3-ecf705a4702b,Home,North America,1,483.67,0.0,CreditCard,3.0,2.1,483.67
99350,2023-10-17,9cf3c844-0281-4794-9239-348d9d67e2c5,Beauty,Oceania,1,146.31,0.1,Cash,4.0,2.4,131.68
56301,2025-08-10,7602eb89-ac8f-4efa-9ab5-be11feb423da,Sports,Europe,1,412.53,0.0,BankTransfer,1.0,2.9,412.53
13261,2023-08-08,0cc244a5-b893-40a0-87d3-8350a061450c,Beauty,Europe,1,170.31,0.0,PayPal,5.0,2.2,170.31
24252,2025-09-18,89995e38-55cc-4f2b-b65b-3d5b37c9d352,Sports,Asia,5,367.77,0.1,CreditCard,1.0,4.4,1654.96
41470,2024-10-14,fbc21364-7a7c-43c8-ad0f-775e8188fd5d,Fashion,South America,2,332.59,0.0,PayPal,3.0,4.3,665.18
4940,2025-03-16,d6de0902-ea89-4692-9176-37b264d88360,Fashion,North America,5,207.15,,BankTransfer,4.0,3.0,828.6
29980,2025-11-11,48f99917-b5cd-413a-a13c-fcebac89ba55,Automotive,Europe,2,167.751,0.0,PayPal,6.0,2.9,335.5
72815,2024-06-20,0d0151d0-17a0-4e72-8597-9c34c1148050,Home,North America,5,405.03,0.05,PayPal,2.0,2.7,1923.89
59434,2025-08-30,359e2500-4d6c-4b33-82d5-4b3f9594e474,Automotive,Africa,3,200.8,0.15,PayPal,6.0,2.8,512.04
6665,2023-06-11,b55a478e-0541-43ca-ae12-bda9b2ec7ff4,Automotive,North America,3,302.1,0.0,CreditCard,3.0,2.1,906.3
16673,2023-12-17,93bcdfee-c59b-4ad4-8c73-7be3379785a0,Fashion,South America,4,215.06,0.0,PayPal,8.0,2.9,860.24
35003,2023-08-28,7084dacc-3f66-4921-a6da-686e77491652,Fashion,Europe,1,465.85,0.0,PayPal,1.0,2.7,465.85
67336,2024-05-23,30feb983-78f6-4bc1-94ea-8595a5ac71d5,Automotive,Africa,5,102.42,0.0,Cash,5.0,2.7,512.1
66366,2025-11-08,e3776e99-66c7-4c2f-9e45-698f903cad56,Fashion,Oceania,5,81.144,0.0,Cash,1.0,4.6,405.72
75574,2025-11-24,264bd866-4ed3-4a05-a61d-779aca85e15d,Beauty,Europe,2,73.215,0.1,CreditCard,8.0,3.0,131.79
266,2024-04-25,1d48a071-ab61-47b1-b93b-4c3220500494,Toys,Europe,2,117.5,0.05,BankTransfer,8.0,4.0,223.25
50413,2024-05-30,8ae8c091-dd01-4a91-8c6d-f515c298ee8d,Sports,Asia,1,215.08,0.0,CreditCard,9.0,2.0,215.08
7837,2024-10-25,aaae3222-3f19-4d0f-94c3-9b6d0e31275c,Electronics,Asia,3,230.84,0.0,CreditCard,7.0,2.5,692.52
84471,2023-09-09,c4f00fdc-151e-4f32-a32c-1c938028f1d4,Electronics,South America,1,469.31,0.0,PayPal,7.0,2.7,469.31
49909,2023-08-28,a109f179-5579-455c-af21-76ab1c21eb1a,Toys,Asia,5,277.81,0.1,BankTransfer,7.0,3.0,1250.14
85182,2025-11-30,57fe485f-4e59-4445-8bcf-5ff055f0fb43,Electronics,Oceania,5,211.04100000000005,0.15,PayPal,1.0,2.6,896.92
36018,2025-07-10,8a3e6454-a98b-4a03-8890-b77bd746ed6e,Toys,Asia,2,148.91,0.1,Cash,1.0,4.3,268.04
52887,2025-12-28,a0bf916e-368b-4c39-9885-3e91507c74d2,Home,Asia,3,13.61,0.0,Cash,3.0,4.2,40.83
46495,2025-10-11,d37f6d97-43c5-4563-94bd-43b7e36382a4,Toys,Asia,3,280.81,0.0,PayPal,6.0,2.7,842.43
39247,2024-07-17,c4eaf1f9-8a6c-4ef2-b43a-90ec4ca2d829,Fashion,Africa,2,120.97,0.05,CreditCard,4.0,2.1,229.84
28472,2025-10-19,f32491e9-9357-43d1-805f-4cbf93c0d448,Toys,North America,1,333.91,0.0,CreditCard,8.0,3.4,333.91
72158,2025-09-21,73ec5b83-7246-4267-bed4-da72a0d3d8fb,Sports,Asia,1,339.84,0.0,Cash,1.0,4.5,339.84
46641,2025-08-24,d87db1a9-7504-411e-b8d1-540c6d20806f,Beauty,Oceania,1,203.17,0.0,CreditCard,3.0,2.6,203.17
90744,2024-06-11,657a9887-3267-4687-815f-b7057746fe6a,Home,North America,3,353.3,0.1,BankTransfer,6.0,3.9,953.91
84468,2023-08-03,2b705c0d-3b4c-46db-b5d8-bd9fd2fe9c3e,Sports,Africa,5,123.19,0.1,PayPal,1.0,2.3,554.36
95126,2025-11-18,8adb2e17-5fe5-4703-8729-a98ec03e41d5,Automotive,Asia,5,149.769,0.15,CreditCard,3.0,4.5,636.52
55450,2025-01-23,ef2eea84-41a2-49fd-8f0b-0227a1c1c07a,Toys,Africa,4,441.18,0.0,BankTransfer,8.0,4.4,1764.72
74489,2023-06-12,bebc3319-f0c6-4410-92c7-d2b22d6b672e,Beauty,North America,3,245.46,0.1,Cash,6.0,2.7,662.74
64339,2025-11-16,04d06df1-c98f-474c-bc2b-e5904103d5bc,Toys,Oceania,5,325.39500000000004,0.05,CreditCard,7.0,3.3,1545.63
90417,2025-02-02,b71e78c3-55bf-4148-b4f5-6852d5d7846b,Automotive,Oceania,2,406.17,0.05,PayPal,6.0,3.8,771.72
88838,2025-12-09,971419c1-669f-4e36-883f-64c0c23865ea,Sports,South America,5,307.88,0.0,CreditCard,2.0,4.3,1539.4
50399,2023-06-02,786d5d33-a85d-4a4d-b5a4-38ce81ba72c7,Beauty,North America,1,196.17,0.05,BankTransfer,4.0,4.3,186.36
76208,2023-12-07,8e3d7d53-e5cf-45c5-8696-45a58f11d23d,Toys,Asia,3,115.68,0.0,CreditCard,7.0,4.7,347.04
87046,2024-10-22,10c663b7-ca37-44e2-a350-e8609cf4061d,Fashion,Asia,5,309.2,0.0,PayPal,3.0,2.3,1546.0
84078,2025-07-06,b7926cd7-6e0e-40b9-bfe7-f1fcb966b030,Beauty,Europe,4,499.86,0.0,PayPal,1.0,2.0,1999.44
6322,2025-06-21,2ab8c610-e7e3-49b8-918d-a4887d5704df,Automotive,Europe,4,496.25,0.0,PayPal,8.0,4.2,1985.0
99391,2023-05-19,1da5a16d-6676-4270-a5a1-b12b00a6c3cb,Beauty,Oceania,2,207.94,0.0,PayPal,6.0,4.4,415.88
20014,2024-07-13,c6a9dcde-342e-4b30-926d-20bb033fd3c3,Beauty,Europe,2,266.84,0.05,CreditCard,7.0,4.1,507.0
76480,2023-09-30,3a595f88-22a3-4e48-8f79-40562f9abf78,Electronics,South America,5,376.22,0.0,Cash,2.0,4.4,1881.1
40284,2023-06-25,6b9246ca-b6b8-4ef3-af50-c7deef33d1ae,Electronics,Oceania,1,387.2,0.05,BankTransfer,7.0,4.6,367.84
8642,2024-05-07,af0caa3c-122f-462e-8495-6e6a21cc0211,Sports,Africa,3,347.24,0.2,Cash,8.0,2.5,833.38
66129,2024-04-14,4e23cead-a714-4b37-a317-60e4fa66ca82,Sports,Asia,4,211.35,0.0,Cash,7.0,2.9,845.4
45546,2024-12-17,0ce46ae9-fa69-4b6a-be9b-d61a7eccae1a,Automotive,Oceania,4,312.11,0.1,Cash,7.0,4.2,1123.6
59965,2024-11-13,0d075dfb-acfa-4825-b3ff-886f49fe4a5d,Home,Africa,3,423.189,0.05,PayPal,5.0,2.4,1206.09
57724,2023-04-05,64dff775-2266-4824-8f85-39db651aa96d,Home,South America,5,164.96,0.0,PayPal,5.0,2.2,824.8
48669,2025-01-12,2b3fa032-0c02-4f4b-879a-d9f47c36590c,Electronics,North America,4,284.59,0.15,CreditCard,5.0,4.5,967.61
63661,2023-02-22,a4b0ef52-00db-421d-9af2-01cab36e38c1,Home,Asia,5,146.83,0.0,BankTransfer,9.0,3.3,734.15
8181,2024-06-30,217c82b1-c884-4ac6-a19a-4805e03a0ab6,Fashion,Asia,5,440.45,0.0,CreditCard,4.0,3.9,2202.25
75773,2024-10-25,debd90b1-9233-4874-a141-c462b41cd358,Beauty,North America,2,82.87,0.0,CreditCard,4.0,3.1,165.74
38644,2025-04-15,d5c77db0-e4b7-4816-b511-8a7646a65865,Automotive,South America,5,314.81,0.0,BankTransfer,1.0,4.4,1574.05
3201,2025-06-07,5e24296e-b736-4ad9-b9a8-226b5ced7017,Home,Oceania,4,37.87,0.0,Cash,2.0,2.9,151.48
15191,2023-05-11,6655f4f8-7d26-4119-ad61-4f9c7f1d8e4b,Electronics,Oceania,2,184.5,0.0,PayPal,5.0,2.2,369.0
98190,2024-12-07,6a7cdc07-cc48-4601-b829-f3681e432da9,Electronics,Oceania,1,363.58,0.05,BankTransfer,3.0,2.0,345.4
51247,2025-05-16,10498db3-de0c-4ee9-a4c3-2cac294fbb99,Automotive,North America,5,466.64,0.1,PayPal,8.0,2.5,2099.88
20804,2023-03-20,be855ef9-2475-473f-b2a8-76d6f03e77ba,Fashion,Oceania,5,478.35,0.15,PayPal,9.0,4.6,2032.99
30128,2024-07-05,372b5a14-d3aa-45cc-910f-c3d375b580e8,Sports,Oceania,4,259.1,0.05,BankTransfer,1.0,3.0,984.58
20961,2024-11-23,7eb3cbe9-fee0-40ee-bae1-f7af405b7809,Electronics,South America,5,441.657,0.1,BankTransfer,2.0,3.7,1987.46
99471,2023-10-23,3d13f8db-ce57-452b-a971-ab7e723beefd,Fashion,South America,2,259.6,0.0,BankTransfer,4.0,4.2,519.2
79113,2023-06-03,95092352-f9d7-4d3a-969f-042d1d3216dc,Sports,Oceania,5,152.68,0.1,PayPal,6.0,2.4,687.06
75166,2025-11-02,c7386f17-b579-4381-95f4-26b2ffbb2888,Fashion,Europe,5,369.603,0.2,Cash,3.0,3.4,1478.41
34477,2024-07-19,d24c9f86-499c-440e-bd94-8671b0f36f66,Home,Europe,3,334.91,0.05,PayPal,8.0,3.6,954.49
27404,2025-07-10,11faac50-173f-4ed4-9b73-041438da55d2,Fashion,Asia,5,220.83,0.0,CreditCard,6.0,3.0,1104.15
35122,2025-03-26,c81e660e-8de9-4f45-bc60-ddd6b9a05e77,Beauty,Africa,2,86.4,0.0,PayPal,2.0,4.8,172.8
35425,2025-02-27,64bf82e1-a343-4b6b-b19f-815e86a07367,Automotive,Oceania,2,409.35,0.1,BankTransfer,6.0,2.7,736.83
67458,2024-02-29,50d04757-4cce-4630-a65f-9362f936269f,Automotive,Asia,1,207.29,0.0,CreditCard,3.0,4.1,207.29
9784,2024-01-24,29c649ec-2b48-4034-88e5-e76e68eac538,Electronics,Africa,5,380.18,0.0,PayPal,5.0,3.4,1900.9
32258,2023-01-04,5f97082f-1ee9-4617-a835-bbc3ada8668e,Electronics,North America,2,320.3,0.05,PayPal,8.0,4.1,608.57
71875,2025-03-16,de13d2ae-7d5f-4e3a-a54b-13636176c1e1,Sports,Africa,4,102.78,0.0,CreditCard,5.0,4.7,411.12
58576,2025-10-11,c6aa7bea-7138-4e2c-9e3d-b5b2ade778df,Sports,Oceania,5,252.11,0.05,Cash,1.0,4.8,1197.52
52758,2023-02-07,d5b250f9-2a4e-480e-acb2-136bf41caec7,Toys,Asia,3,313.58,0.1,CreditCard,8.0,3.8,846.67
91974,2024-12-17,25123595-5c37-41c8-86e2-b437347dc077,Home,Asia,2,474.55,0.0,Cash,2.0,3.0,949.1
89174,2024-05-04,efb1af4a-38f5-4bdc-a1c5-6346003eb0b1,Toys,Europe,1,126.94,0.05,CreditCard,2.0,2.5,120.59
41718,2025-12-08,f50a615b-2e13-480c-baf5-0c027fa61547,Automotive,Asia,4,253.32,0.0,Cash,6.0,3.0,1013.28
54752,2023-09-12,ccf5237b-13fd-43ff-8e0b-0ca7283c5bd5,Home,Africa,3,166.42,0.0,BankTransfer,2.0,4.6,499.26
80528,2024-08-06,1babc41f-40c0-48ac-8ffd-5c626693a1b9,Sports,Europe,2,469.26,0.0,CreditCard,2.0,4.9,938.52
80032,2024-04-21,25ed5611-11c6-44de-8aa5-1055d8752c82,Electronics,South America,4,303.65,0.05,Cash,2.0,2.6,1153.87
14525,2025-07-26,6650aee8-2a98-4495-9b89-d3838432986a,Toys,North America,3,295.0,0.0,BankTransfer,4.0,3.0,885.0
57461,2025-12-21,9a40c649-cb92-47cb-9597-8641367232f5,Automotive,South America,2,62.81,0.0,Cash,2.0,4.2,125.62
61364,2025-12-30,03e278db-f774-4e24-a0f7-8fe3038b0c36,Electronics,South America,1,296.58,0.15,Cash,7.0,4.9,252.09
7302,2024-03-03,7b1463c9-30bf-4f5a-b01d-e9361527690a,Sports,Africa,4,430.81,0.05,PayPal,1.0,2.8,1637.08
62286,2023-07-02,def1c799-9cdf-48fd-95cc-89b0067e6df1,Toys,North America,3,341.86,0.1,CreditCard,4.0,3.8,923.02
90923,2023-12-01,8a37fba2-2a97-4cf3-975e-cdc00df22a0f,Electronics,Oceania,2,270.22,0.1,CreditCard,2.0,3.6,486.4
41512,2024-11-03,028163fd-4ff5-40af-a258-aa8ff6f4dc6c,Toys,Asia,6,225.828,0.0,BankTransfer,1.0,4.4,1354.97
60042,2024-09-06,31c990dc-8696-4567-8c2f-21d414a1f4a4,Toys,Asia,3,181.42,0.05,CreditCard,7.0,3.0,517.05
20263,2023-09-27,2d341e87-42ec-4acc-897f-9769b749d03f,Toys,Oceania,4,349.94,0.1,PayPal,7.0,4.2,1259.78
78085,2025-01-31,dd8b806c-a268-463c-a509-f05b9eed9237,Home,South America,4,466.96,0.05,PayPal,6.0,3.1,1774.45
33089,2025-04-24,ced77ca3-7926-4748-8d86-5569608251be,Sports,North America,1,373.28,0.1,BankTransfer,5.0,4.1,335.95
73694,2025-11-09,fb37f89d-a68d-429d-866b-ba305269bc84,Toys,Africa,2,279.513,0.2,PayPal,9.0,3.7,447.22
38998,2023-01-18,839d3f73-c16b-4577-b8d5-14722ce9c6f9,Electronics,Asia,4,134.58,0.15,Cash,3.0,3.0,457.57
49219,2025-10-11,b4a43314-69b3-4362-afed-4447dfe2da25,Beauty,Oceania,1,259.17,0.0,BankTransfer,8.0,4.7,259.17
70108,2023-04-01,1725b9ae-9e36-4de9-af2f-009e7f44f777,Beauty,Africa,2,90.68,0.0,CreditCard,2.0,3.7,181.36
32609,2025-06-27,d08fa2c6-9326-404e-8ad9-4050305770d0,Fashion,Africa,3,270.77,0.05,CreditCard,5.0,2.2,
61978,2023-05-09,ccc38bf7-5ce4-4add-9296-7d65da9f81c9,Home,Europe,4,394.63,0.0,PayPal,2.0,2.8,1578.52
2440,2023-03-12,2a9edda7-761a-4914-8931-b2d4d3def87c,Fashion,Oceania,1,58.72,0.1,PayPal,4.0,3.0,52.85
63618,2025-02-11,c8aa4156-82c8-4298-951c-50ddb3ad675c,Sports,Oceania,5,295.73,0.0,PayPal,1.0,3.0,1478.65
85996,2023-01-16,cc56afd5-1208-4360-b9c4-7e7b20391c50,Fashion,Africa,4,195.54,0.05,BankTransfer,5.0,2.8,743.05
60009,2023-05-06,4ad8fce9-72ea-45bf-8f6a-d99184318ec8,Automotive,Oceania,2,86.02,0.0,CreditCard,9.0,2.4,172.04
80035,2024-02-27,59cddf49-d50f-43a1-aacd-36c0a2658397,Automotive,Africa,2,8.78,0.05,PayPal,5.0,2.7,16.68
61765,2024-02-03,0f45171e-3442-4c5f-85d0-6c9744bcaba5,Fashion,North America,1,264.92,0.0,Cash,6.0,3.9,264.92
79163,2025-10-07,4f21818e-2d63-4b08-a267-9a06f4d191f8,Home,Asia,5,374.26,0.0,BankTransfer,2.0,2.1,1871.3
22765,2023-02-14,683033bc-b13b-4ee8-bcdc-6b9b3a014a9b,Sports,South America,1,484.98,0.0,BankTransfer,3.0,2.4,484.98
15207,2025-07-29,9c1b2b3f-3954-4207-94fd-ca961332ee00,Home,Asia,5,431.12,0.1,CreditCard,7.0,3.7,1940.04
83069,2024-10-04,56b35c55-393f-4cbc-8d7c-c059cceb53ca,Toys,South America,3,287.45,0.1,Cash,7.0,4.9,776.11
48014,2023-07-07,fa48bba7-0496-47c5-952c-216a015583b9,Beauty,Africa,5,133.22,0.0,Cash,4.0,2.3,666.1
43641,2025-02-23,bd332331-1e5a-49ba-b1e7-e085b28bc259,Electronics,Africa,3,473.87,0.15,BankTransfer,4.0,4.3,1208.37
10239,2024-09-25,d8a29687-d5fd-4cce-9627-a8eeff7d485c,Fashion,Europe,4,301.77,0.0,BankTransfer,8.0,4.0,1207.08
58356,2023-08-11,a8df0a00-6afa-4b81-a05e-1436e423b21e,Fashion,Asia,2,32.87,0.05,BankTransfer,4.0,2.0,62.45
84035,2025-05-24,ceab62ec-8577-46fd-b58d-0e15211eac54,Sports,South America,3,271.47,0.15,BankTransfer,6.0,4.2,692.25
28187,2024-09-02,a06ebb06-5774-4216-8545-330a04be618c,Beauty,Europe,1,341.97,0.05,PayPal,8.0,4.5,324.87
10773,2025-05-01,d4958480-6e00-4063-ad0a-d4fad783f6b5,Fashion,Africa,3,239.9,0.15,PayPal,1.0,2.2,611.74
76733,2023-02-25,c76b3113-f162-47bb-b69b-c1c3f9aa5c86,Beauty,Africa,3,56.66,0.05,Cash,3.0,2.1,161.48
68530,2025-11-27,3a90045c-b63c-4d1c-b3af-711eacbe65bb,Toys,Oceania,6,258.714,0.0,PayPal,6.0,4.0,1552.28
53423,2024-07-09,804e5c38-89bc-46bf-aadf-d32fa2592d2a,Electronics,Europe,1,449.26,0.0,CreditCard,1.0,2.3,449.26
23339,2025-06-22,bdc7c359-ad35-4fd0-85dd-b4e358e817ef,Electronics,Africa,4,332.33,0.0,CreditCard,4.0,4.1,1329.32
26344,2025-07-16,9b0198ce-ca1d-429d-9ad7-9207b1102552,Automotive,Oceania,4,189.59,0.15,CreditCard,5.0,2.1,644.61
88630,2023-12-13,82529065-43d5-4e40-9bfa-d94b77607dfe,Electronics,Oceania,5,68.55,0.05,Cash,9.0,4.9,325.61
35797,2023-08-16,6504de10-7448-4227-9af9-93de8cf64d3c,Fashion,Oceania,3,7.09,0.0,PayPal,1.0,2.2,21.27
86762,2025-10-09,14ff6ad9-bf5f-4ac7-bb40-d45704a03f37,Sports,Africa,5,124.71,0.2,BankTransfer,4.0,3.1,498.84
91335,2025-09-28,6fe35fa5-7ed6-4106-9244-b343c90f0089,Electronics,Africa,5,228.9,0.1,Cash,6.0,2.2,1030.05
47812,2024-09-10,ebd2a60e-b7e0-4c29-a555-3d490a8021c8,Toys,South America,3,318.68,0.0,Cash,7.0,2.6,956.04
40046,2025-04-01,24630012-166b-49d1-9fc6-ea78b3c622f8,Beauty,North America,5,444.98,0.15,CreditCard,8.0,3.3,1891.16
60867,2025-05-06,3fb9aead-9cc3-4afa-8794-244b130d87e1,Sports,Europe,4,247.34,0.05,PayPal,8.0,4.5,939.89
85906,2023-01-25,73c41e88-5102-489e-be22-202f1af3785c,Electronics,South America,2,162.26,0.0,Cash,3.0,2.1,324.52
35459,2023-09-23,6abf3ba6-8625-4c53-ae23-8260d261f228,Sports,Africa,1,349.17,0.05,CreditCard,7.0,3.9,331.71
40651,2023-09-08,91e1a4da-2da0-46cb-b143-3edba46bb866,Beauty,South America,5,460.82,0.0,BankTransfer,2.0,2.9,2304.1
18621,2024-01-24,0971bee4-553d-4bba-aada-3e53e58b2476,Fashion,North America,5,80.6,0.1,PayPal,8.0,3.4,362.7
70007,2023-05-04,a469f40d-96ab-4bc2-be59-aa02e93988b0,Home,North America,2,418.45,0.0,CreditCard,5.0,2.3,836.9
39525,2023-06-11,452867e8-b6ca-4c64-8bb5-157230bc98b0,Fashion,Africa,2,209.07,0.0,BankTransfer,6.0,4.4,418.14
10549,2023-05-20,9ae27ece-097b-4a0a-817b-aa39f8bad003,Fashion,Asia,2,176.33,0.0,BankTransfer,5.0,2.3,352.66
69642,2025-04-04,40a55e2b-abdc-425e-938d-36ad2cb2e5e2,Electronics,Asia,4,456.62,0.0,BankTransfer,6.0,2.5,1826.48
87119,2025-12-15,3feb1b6d-00dc-4440-a633-45072f46632e,Home,Africa,3,92.11,0.1,PayPal,6.0,3.4,248.7
39360,2025-02-15,4683145a-7644-4415-938a-c7df459e7d82,Toys,Asia,2,367.2,0.0,CreditCard,1.0,4.5,734.4
88150,2024-04-16,d295fe47-6713-4257-b870-491eba91e273,Fashion,Asia,4,155.0,0.0,CreditCard,7.0,2.2,620.0
73093,2025-09-25,6b3ea254-830d-4996-951a-bcb736a50a97,Home,Africa,1,182.15,0.2,CreditCard,1.0,4.0,145.72
9549,2025-06-20,81db9a62-10a4-47d5-a6b1-7ece85d0cf83,Toys,Asia,5,447.54,0.0,PayPal,8.0,2.2,2237.7
43066,2025-04-06,07fb54db-e5ca-45ab-b1d9-4a04f780af43,Fashion,South America,3,423.3,0.1,Cash,8.0,4.4,1142.91
96193,2025-04-01,31e666a8-4106-418d-9468-9398ef3cbd28,Fashion,Asia,2,240.2,0.0,BankTransfer,1.0,3.1,480.4
65400,2024-04-01,c97cd72c-7dec-4bb9-be5a-f91f9f869477,Beauty,Oceania,2,129.07,0.05,PayPal,2.0,3.1,245.23
66390,2025-02-07,2d42d5e2-036a-4bbf-9ce6-2ecc06cbdba0,Automotive,South America,1,131.65,0.0,Cash,1.0,4.0,131.65
27954,2023-06-14,64423d22-ea7f-4808-98f0-2579631e2e41,Beauty,Europe,2,127.7,0.0,BankTransfer,5.0,4.7,255.4
16867,2024-08-20,4f148ea5-d995-47be-8b45-47e6f063069c,Sports,Africa,2,252.29,0.0,Cash,5.0,2.4,504.58
17849,2024-01-06,e5d9040d-1aa4-4f19-8e1c-230c295b260d,Automotive,Africa,3,186.43,0.1,PayPal,9.0,2.1,503.36
7396,2025-05-21,681a035f-e1e3-466c-8a09-bdc139c8a117,Toys,Asia,5,185.93,0.0,Cash,2.0,4.6,929.65
56462,2025-05-17,788253e9-0e40-4f4b-bf69-30ed931ad3ab,Sports,Europe,4,210.59,0.1,CreditCard,5.0,4.6,758.12
79021,2023-12-01,2fa1d465-c2f5-4391-a0be-d705b74db993,Electronics,Asia,4,455.42,0.0,BankTransfer,4.0,3.0,1821.68
75267,2025-12-02,e1fd8e85-fff0-46a2-bb79-05b846099f3e,Toys,Africa,5,198.62,0.2,PayPal,8.0,3.1,794.48
56861,2023-06-11,ab4315fa-d5e9-4b88-b53a-4ae0a0be04c5,Fashion,Africa,4,407.62,0.0,BankTransfer,7.0,4.9,1630.48
99955,2025-04-28,346a36f9-b2d5-4207-9ade-d1971eea08a6,Beauty,South America,3,83.16,0.05,PayPal,8.0,2.6,237.01
74952,2023-04-26,49b12a03-10c0-484c-8237-739a6995d1fe,Home,Africa,1,408.1,0.1,BankTransfer,2.0,3.8,367.29
63759,2023-04-19,402371b5-c6f3-4fe8-bb36-872967063070,Electronics,Europe,5,285.38,0.0,BankTransfer,8.0,4.8,1426.9
81638,2025-06-08,f2a2a958-d99e-49eb-869d-c5a7f7983520,Toys,North America,3,426.68,0.15,Cash,5.0,3.4,1088.03
66511,2023-06-16,59e9264a-0f51-4235-99ec-2fff01c52a97,Sports,Europe,3,238.79,0.05,PayPal,1.0,3.6,680.55
45719,2025-05-29,a0192ac7-8067-4190-9714-5595c3c263f1,Fashion,Europe,5,143.14,0.1,PayPal,2.0,4.0,644.13
67669,2025-05-20,aa6b11f1-6fac-4e57-86cd-f4651dd163d4,Electronics,South America,1,410.48,0.0,PayPal,4.0,4.6,410.48
9170,2024-03-27,29c09a85-48c9-4572-8ba4-0fdb105fef51,Sports,North America,4,94.92,0.05,Cash,1.0,3.0,360.7
59420,2023-12-27,a8aa1e64-bf68-40e5-bd1d-7f4418225cb0,Beauty,North America,1,9.4,0.0,PayPal,4.0,3.6,9.4
85966,2024-03-10,4a8459ce-7d47-4283-81f7-9abe387507ac,Home,Asia,5,84.39,0.05,BankTransfer,7.0,2.1,400.85
87462,2025-02-01,d2063fca-1297-4b03-bc34-edb23a8de5a3,Electronics,Asia,2,378.7,0.2,,8.0,3.2,605.92
34555,2024-10-19,f3202dac-657b-466e-ab72-c78f4e7f014a,Beauty,North America,5,293.95,0.0,CreditCard,8.0,3.0,1469.75
12037,2025-07-08,d88a0619-23f1-427b-97eb-c00bff68728e,Automotive,Asia,3,130.54,0.0,BankTransfer,3.0,4.3,391.62
56490,2023-08-13,6bf07a35-3198-4190-b291-661efc32d96d,Home,Europe,4,303.21,0.15,Cash,2.0,3.6,1030.91
24776,2025-09-17,d1239f58-7ec4-489e-a62c-04a614e27438,Automotive,Europe,2,82.18,0.05,BankTransfer,2.0,3.8,156.14
54374,2023-05-21,cd5dc32e-5b56-4c78-879f-624ca308ae53,Beauty,North America,2,101.06,0.15,Cash,7.0,4.9,171.8
34438,2023-01-28,68131b04-b0fa-47fa-89d8-e098ce6d3107,Beauty,Europe,5,160.14,0.0,BankTransfer,9.0,2.9,800.7
30018,2025-06-21,823da9af-571e-40bd-9b89-6d966201f0ac,Beauty,Africa,2,177.63,0.15,CreditCard,3.0,4.9,301.97
83820,2024-12-31,588b8a3b-385f-46dd-9336-1cca6c7d7b0e,Automotive,Asia,5,140.23,0.0,CreditCard,1.0,4.2,701.15
98567,2025-01-21,e05074ee-8941-4c02-8dc7-f3d72d942f7e,Home,Asia,5,99.07,0.05,Cash,4.0,3.7,470.58
65357,2023-06-18,c2d2a9dd-e511-4bfc-b193-00ceff72f4b8,Beauty,Oceania,1,287.31,0.05,PayPal,5.0,3.3,272.94
49148,2023-11-29,ad9e9d74-2d24-41a0-8e56-03307e04ec0e,Home,North America,4,52.29,0.0,BankTransfer,5.0,2.4,209.16
86345,2023-05-26,2e9d8b06-7a27-42ec-b039-20baf13d60a9,Beauty,Asia,1,50.44,0.05,BankTransfer,9.0,3.2,47.92
69995,2023-06-04,66ceaf9b-9005-4012-b6ee-3a01c4a604db,Sports,Oceania,4,282.72,0.0,CreditCard,2.0,4.2,1130.88
83815,2024-07-12,c18db661-e8a0-4202-8e8a-4401d33039fc,Electronics,Africa,2,487.01,0.0,BankTransfer,5.0,2.1,974.02
82121,2024-04-24,33adfe79-efea-4645-a245-e9d77de736fc,Toys,South America,4,40.97,0.0,BankTransfer,2.0,3.7,163.88
18555,2024-10-29,96502ed4-8dc1-4db4-a406-522ff2ef3eb1,Beauty,Africa,3,156.24,0.0,Cash,3.0,4.9,468.72
16815,2023-05-16,2b36e4fa-6556-4adf-8361-339cdebe25aa,Electronics,North America,5,392.42,0.0,CreditCard,9.0,2.3,1962.1
37148,2023-07-22,753355ab-093c-47e4-8aee-b08adc809829,Electronics,Asia,3,367.69,0.1,BankTransfer,3.0,4.0,992.76
88568,2023-11-19,f3408741-606e-480b-aec3-c60aa09c2594,Beauty,North America,2,266.751,0.05,Cash,1.0,4.2,506.83
10444,2023-03-18,d10c7983-9123-4a9d-8f77-283d94dbaa54,Fashion,Africa,3,209.54,0.1,PayPal,8.0,4.1,565.76
45248,2024-04-21,a7ee0270-aa3a-4d76-bea3-80e19f4cd42f,Automotive,North America,4,350.07,0.15,BankTransfer,8.0,4.8,1190.24
74436,2024-04-01,0664a4a8-a539-45ec-a4f0-881df43b3e69,Sports,South America,4,215.34,0.0,PayPal,3.0,3.6,861.36
21600,2023-09-23,4db23912-d03a-4ab2-9a5e-7f196f8c1c22,Electronics,South America,2,291.16,0.1,BankTransfer,7.0,4.3,524.09
53727,2025-04-09,e1c4cc44-f8cb-4a5c-93b8-fba45f1d437f,Automotive,Africa,3,14.38,0.05,PayPal,7.0,3.4,40.98
26084,2025-06-15,599c19c1-9902-45b6-9442-5752aa6d5bb8,Electronics,Europe,3,449.97,0.0,CreditCard,3.0,4.9,1349.91
13044,2024-08-15,edcf79dd-7e26-44ae-9997-6388742bf60d,Home,Europe,2,143.45,0.05,CreditCard,3.0,4.7,272.55
64119,2024-10-17,a5f74227-6f81-48e9-9e7a-6643229d9c2b,Sports,Asia,3,402.76,0.0,BankTransfer,5.0,4.3,1208.28
36701,2024-12-24,ba731464-ac3c-427f-894e-48548e4ea889,Beauty,North America,3,183.39,0.15,Cash,6.0,4.5,467.64
84954,2023-01-12,45d95418-a7e9-440f-b432-98988dbfc936,Sports,South America,2,380.68,0.0,Cash,9.0,3.2,761.36
90624,2024-06-05,8b6ed727-0237-474f-b531-dce7ed6fb796,Sports,North America,1,79.1,0.1,BankTransfer,3.0,4.4,71.19
91940,2024-05-18,9bf1883f-0345-4fb1-b72a-98008114fa4c,Beauty,Asia,2,291.64,0.1,PayPal,3.0,2.0,524.95
11667,2023-01-06,ea7dbecd-e06f-40d4-af53-5f89e401ce0f,Sports,North America,3,372.97,0.0,Cash,9.0,4.7,1118.91
84252,2024-09-28,ccebb9ff-4e7b-4695-ad9b-009358f1f5bf,Toys,Africa,1,260.68,0.05,PayPal,8.0,2.6,247.65
22277,2024-12-14,4b1e4ee0-1974-448a-8eb3-cc3f8143d2c5,Sports,Asia,5,439.48,0.0,PayPal,5.0,2.6,2197.4
12548,2023-05-25,40dd4e0f-112c-4124-a7d3-2d45ea24ea3a,Fashion,North America,1,407.47,0.0,Cash,8.0,2.3,407.47
43248,2023-02-14,07a0b6a5-0e43-4a9c-9f77-de197643f3af,Fashion,South America,4,316.99,0.05,BankTransfer,5.0,2.5,1204.56
64088,2023-03-22,9e451c2d-3a75-4327-83dc-77252869af8e,Sports,Africa,5,444.6,0.05,Cash,9.0,2.2,2111.85
85187,2025-05-20,d4d42607-08ec-4946-8292-baa248df6080,Electronics,South America,5,315.42,0.1,Cash,4.0,4.6,1419.39
47950,2025-08-05,e4cee509-217a-4255-922f-b3beca184e53,Home,North America,1,66.78,0.15,Cash,9.0,4.8,56.76
30725,2025-04-03,68869693-459a-4785-853c-bfb2ff430c3e,Home,North America,5,476.59,0.1,PayPal,9.0,4.0,2144.65
11048,2024-05-20,3a0505ee-3a0d-42a1-9257-5c4bfef540ca,Automotive,North America,4,416.01,0.0,Cash,7.0,4.4,1664.04
49662,2024-09-05,4ff88826-f720-4486-b04c-f7dd2165d436,Toys,Africa,1,345.02,0.2,PayPal,9.0,2.3,276.02
10573,2024-06-17,4758f609-f2d2-4f14-af3a-e9ef663b28bc,Fashion,Africa,1,237.09,0.15,CreditCard,9.0,3.3,201.53
38278,2023-07-15,b0355602-bfb8-4ed1-95c0-26140d8f5f5d,Automotive,Europe,4,111.58,0.0,BankTransfer,4.0,2.7,446.32
11082,2023-10-13,0791e8ca-bfc5-4a33-aecd-8622f82066f8,Automotive,Asia,5,246.2,0.15,Cash,7.0,3.2,1046.35
72810,2023-03-04,8de11cb0-04d3-4f73-b003-ac1930c2d46f,Toys,North America,4,231.77,0.1,BankTransfer,9.0,4.9,834.37
74722,2023-10-30,9ab4a8b3-a6f6-4420-b74c-b3e079fa9124,Electronics,Asia,2,88.71,0.0,CreditCard,8.0,4.9,177.42
11405,2024-01-17,27af9995-8e5a-4e09-accc-181e2e54ca50,Home,Europe,3,408.24,0.05,Cash,1.0,3.5,1163.48
89593,2023-07-19,8a9a5396-9631-48e0-97b1-3a5ad337e0a2,Toys,Europe,4,362.55,0.0,BankTransfer,4.0,3.4,1450.2
30798,2025-09-14,581d84d2-7364-4c2a-a45d-ad860e29a199,Sports,South America,5,204.34,0.1,Cash,3.0,4.4,919.53
99992,2025-11-10,f4c80445-e2d1-4d4c-b3ef-757622a82fff,Sports,North America,3,266.256,0.0,Cash,7.0,3.3,798.77
90299,2024-04-01,f4d864d7-f72c-4d7d-a2ea-e3e89f1fc0b8,Fashion,South America,5,219.46,0.0,Cash,2.0,2.0,1097.3
92427,2023-03-22,87094e1c-56be-4148-86bf-ebd851701e5e,Toys,Africa,1,203.43,,Cash,1.0,3.0,193.26
15055,2024-05-23,9f69d845-7df9-4cb3-b78e-045a17bd1f60,Fashion,South America,1,178.38,0.0,PayPal,8.0,5.0,178.38
74020,2024-04-06,cf4e23cf-62a9-4a3e-98d1-ba9027e4f366,Home,Europe,3,88.97,0.1,PayPal,8.0,4.4,240.22
90358,2023-11-26,b2d31e65-f2bd-43de-a179-20ecaba22912,Fashion,Asia,5,80.055,0.15,Cash,2.0,3.4,340.23
40501,2025-04-29,0a4e6244-3ead-4eb7-9b4e-f51b8ce6f491,Sports,North America,1,375.04,0.0,PayPal,3.0,3.6,375.04
47090,2024-06-11,f60d02bd-c37f-4d73-855f-e0c6dde677c1,Sports,Oceania,2,371.17,0.05,PayPal,7.0,3.6,705.22
20536,2025-07-16,b731aa06-ce72-429a-a6f3-1683f2b062af,Beauty,Oceania,1,450.77,0.0,CreditCard,5.0,4.6,450.77
46081,2024-12-19,73079edb-5efe-4e1a-8f44-4f17c260f4a1,Home,Asia,3,116.99,0.05,BankTransfer,6.0,2.3,333.42
96840,2025-04-13,38791204-abcf-45ed-94ef-4f79a6b4482e,Home,North America,3,250.18,0.0,PayPal,7.0,4.7,750.54
23740,2025-06-18,51c4a48b-d79a-4414-af05-499070857047,Home,Europe,4,320.65,0.0,Cash,3.0,4.9,1282.6
9409,2025-07-08,571cdfbf-8dd9-4b83-9877-c24c8842955a,Sports,North America,3,13.12,,BankTransfer,6.0,4.2,31.49
66950,2023-12-05,58e596c8-a239-4851-bc43-9b5375a155d3,Home,North America,5,256.9,0.15,CreditCard,8.0,4.2,1091.82
62763,2025-04-01,226e39e5-5d86-4197-a4e7-a7475509426b,Fashion,Oceania,4,419.54,0.05,CreditCard,2.0,2.1,1594.25
80846,2025-10-14,2c0775b6-678a-4b0c-acf3-3b77770906d6,,Oceania,1,210.95,0.0,BankTransfer,7.0,4.0,210.95
21218,2024-01-07,628474b8-e0e9-42dc-8cd5-bcca3cedbfa5,Automotive,Africa,3,223.69,0.0,CreditCard,5.0,3.8,671.07
41524,2025-03-11,eba59ca9-827e-4b0b-be1b-a26531702990,Home,Europe,1,473.76,0.0,PayPal,7.0,2.4,473.76
11266,2023-11-24,353fe8c3-92e7-4ba5-866c-daddbb5ed054,Automotive,South America,5,195.129,0.0,CreditCard,1.0,2.5,975.65
33479,2024-07-16,ad70d469-8b38-4a81-99ba-02bfcd307409,Electronics,Africa,2,452.34,0.05,Cash,7.0,4.6,859.45
76492,2025-05-21,437def7c-470e-4178-b3d7-c51d6b6cc0dc,Automotive,North America,1,315.77,0.1,Cash,3.0,2.1,284.19
55517,2025-12-02,c08724f3-58e3-459e-98fb-bbcb6332b5f8,Electronics,North America,3,317.53,0.2,Cash,4.0,2.2,762.07
63072,2023-03-19,a9b987d8-4190-4e8e-985f-c584c81e3b3e,Toys,Asia,3,226.4,0.0,PayPal,2.0,4.1,679.2
97411,2025-12-09,908275f5-c1e7-4677-8c6e-a1d443afc863,Sports,South America,1,62.03,0.0,BankTransfer,8.0,2.3,62.03
88160,2024-03-15,3a0acc69-7369-4e32-85e0-2bf71af0967a,Automotive,South America,1,480.31,0.0,CreditCard,8.0,2.2,480.31
2410,2025-08-30,9df034d3-9caa-437c-bc67-95e2c32fc21b,Home,South America,2,328.63,0.0,PayPal,8.0,2.4,657.26
3223,2023-04-02,290c42f8-d30b-4f65-99b3-8619d1fb55b1,Beauty,Asia,1,254.43,0.0,PayPal,8.0,3.9,254.43
75518,2023-10-13,5aea5bc1-3ad8-41dc-856a-6310ee1e6f5d,Automotive,South America,4,,0.05,CreditCard,7.0,2.2,588.2
93264,2025-02-25,b891757e-f7e7-4744-8993-113eb9cdc58c,Sports,South America,2,20.98,0.0,CreditCard,5.0,4.4,41.96
33895,2023-07-29,26d1a6ad-71bc-4a0d-8907-c7cfd69af16d,Home,Europe,2,121.7,0.0,PayPal,5.0,2.9,243.4
32214,2023-03-17,e45fbf0c-777c-412f-9275-5c2569ab9b4c,Sports,Europe,5,47.29,0.0,Cash,1.0,2.6,236.45
22794,2025-02-14,b11822ff-ab73-49a1-be9d-d3cc28aca4da,Beauty,South America,5,73.93,0.1,CreditCard,1.0,5.0,332.69
13646,2023-08-12,65c4b4fb-6526-40fc-bc4d-f6408a7f65ab,Beauty,Europe,4,36.39,0.1,PayPal,4.0,4.2,131.0
88853,2025-12-29,96366d2b-e7d1-4b85-aa81-144841c3f0ae,Toys,Europe,1,270.05,0.0,Cash,1.0,2.2,270.05
3947,2023-10-22,154ebf91-daa2-42b4-ad69-e88c61a4b230,Sports,Asia,2,212.88,0.15,CreditCard,7.0,3.8,361.9
17165,2025-05-25,9fc9ced7-c95a-4097-b582-b335297ff1b9,Beauty,South America,5,284.73,0.05,Cash,4.0,2.4,1352.47
41612,2023-01-25,6b9fe0a6-7a2b-4b35-b855-ec871b60a8a5,Sports,Europe,5,404.78,0.05,CreditCard,2.0,2.9,1922.7
91553,2023-11-28,3de8de21-11d8-4be1-aeb9-c7a5fb0eb61b,Home,,6,446.103,0.0,PayPal,1.0,4.1,2676.62
53254,2025-03-17,72b34666-7cb6-484f-b9e2-720ef6cb1747,Automotive,Europe,1,8.34,0.2,CreditCard,9.0,4.0,6.67
1802,2023-11-28,afc5c20e-4a63-4af5-b6e1-e7ac9fc97264,Beauty,Asia,6,117.171,0.1,Cash,2.0,4.8,632.72
44978,2023-04-17,fce31861-ee98-451b-9a40-22e6a4e17c00,Sports,Europe,1,239.2,0.1,PayPal,1.0,3.3,215.28
76410,2024-08-04,1deac3ab-2b12-4303-a0a0-7175155244fe,Electronics,South America,5,228.94,0.0,Cash,1.0,4.3,1144.7
73659,2024-03-10,ea164b91-f3a0-4aaf-a852-8d4875225396,Sports,South America,4,76.08,0.1,CreditCard,2.0,2.2,273.89
34428,2024-07-01,70143c6d-25c3-46ff-809c-2c6b89011a2a,Toys,North America,3,254.22,0.0,Cash,8.0,4.2,762.66
81751,2023-03-11,b1f41379-a5a3-4ddb-8892-feee53b324ff,Beauty,North America,1,108.67,0.0,CreditCard,7.0,3.7,108.67
44597,2023-01-01,d0404aae-f58e-449e-9226-74f614756dfe,Fashion,Africa,5,177.43,0.1,Cash,7.0,4.4,798.44
97232,2024-06-27,a51f5f0f-7482-493f-965a-80ccee7bafb5,Electronics,South America,2,430.03,0.0,CreditCard,5.0,2.4,860.06
39318,2025-08-18,3cc3018d-fa41-4aa8-9db1-fbcfef47c448,Sports,,3,253.04,0.0,PayPal,3.0,3.7,759.12
79317,2024-03-13,efc44d72-39b9-48e6-9ef8-2b0da14cb296,Beauty,Africa,5,92.67,0.15,BankTransfer,3.0,3.4,393.85
954,2024-09-23,1cb9b73a-906d-4c8c-aad0-8c8913fe8a29,Sports,Europe,2,125.85,0.0,Cash,2.0,2.4,251.7
87665,2023-03-15,e8c4b5a3-30fe-4fd2-8073-fbdccd06d0e6,Beauty,South America,1,486.48,0.05,PayPal,8.0,5.0,462.16
92944,2025-09-03,996ce209-12f7-47b0-be1a-cc1c6c253fd3,Home,North America,4,86.73,0.0,CreditCard,9.0,2.8,346.92
1060,2023-07-26,0406ff44-7ce4-4679-a8c6-dbc07bb3447b,Sports,Oceania,1,78.94,0.05,BankTransfer,5.0,4.6,74.99
29396,2023-01-17,890fee3b-5170-479f-a45b-bfd55d0d1872,Beauty,Europe,2,492.3,0.05,CreditCard,3.0,2.0,935.37
24234,2024-11-21,8da411b6-894c-4c78-ad9e-3fc464114680,Home,Europe,2,117.45,0.05,BankTransfer,2.0,3.1,223.16
67258,2023-04-21,bc34f0cb-d39a-4a2b-bec9-55cb7b8fc1d5,Sports,Europe,3,348.43,0.15,BankTransfer,2.0,4.0,888.5
19571,2023-01-07,7b71418f-4c7c-4e89-9412-3c717dae6320,Home,South America,4,313.88,0.1,PayPal,3.0,4.1,1129.97
99887,2024-03-12,7fd9c402-5fee-41d4-940c-0fcf6424d89d,Sports,Asia,3,325.3,0.1,BankTransfer,6.0,3.4,878.31
7843,2023-12-10,21737acd-3e37-47dc-84d9-92ecea3c2de7,Sports,Oceania,4,23.86,0.0,BankTransfer,3.0,2.7,95.44
72688,2025-04-26,5c0234de-f9e9-4c13-ae2f-ce74400766dd,Beauty,Europe,3,438.76,0.0,CreditCard,8.0,3.3,1316.28
67091,2023-04-01,a1f4a29a-a078-4cf5-9738-e5abf6100bdd,Electronics,Asia,1,315.07,0.0,PayPal,4.0,4.5,315.07
43122,2025-12-18,ebf4a80a-0473-488b-8219-17cc3a9dc781,Electronics,North America,4,64.85,0.0,PayPal,9.0,2.8,259.4
47442,2025-03-27,e6149638-85c1-403b-9165-27a3ad99c58b,Sports,Africa,4,384.51,0.1,BankTransfer,8.0,4.0,1384.24
23477,2023-03-03,4ea623e3-47b2-4835-b655-4281d10ef70c,Sports,Asia,4,401.31,0.1,CreditCard,9.0,3.6,1444.72
18049,2023-05-24,f6204f2d-2f33-4232-a27f-df4009bcc25a,Sports,South America,5,492.13,0.05,CreditCard,6.0,3.4,2337.62
85425,2025-12-29,970fc272-8b7f-43cc-8921-c6e03013d704,Toys,South America,1,59.14,0.0,PayPal,1.0,4.7,59.14
96821,2024-02-20,49951b23-ed0e-4252-b04c-049d31475db5,Beauty,South America,2,373.48,0.0,PayPal,2.0,2.5,746.96
6302,2023-08-06,7a14cf98-611e-4047-b90a-474e6185e21b,Sports,Europe,5,131.24,0.05,CreditCard,9.0,3.3,623.39
98841,2024-11-16,c8271d45-0e3c-4c44-9f72-e09ddc5d1c14,Fashion,South America,4,214.56,0.1,PayPal,7.0,3.2,772.42
45052,2025-03-12,c54819e1-300f-4951-8b5f-0c81b96d3171,Sports,Oceania,3,84.44,0.1,Cash,9.0,3.2,227.99
36872,2023-09-14,16f290af-a06f-47bc-8a40-f765e36e8607,Beauty,Africa,4,478.42,0.0,CreditCard,2.0,4.8,1913.68
53485,2025-12-02,cc014e9c-13a3-48dd-b826-be2310aa2d7a,Automotive,North America,1,344.09,0.0,BankTransfer,9.0,4.8,344.09
55568,2023-06-04,088f262c-f17e-4612-a580-66a3aa42d181,Toys,South America,3,163.38,0.15,PayPal,4.0,4.2,416.62
41469,2025-05-08,0a44b229-af3b-4315-91f2-b01b93731894,Toys,Europe,4,186.56,0.05,BankTransfer,9.0,4.6,708.93
78380,2025-03-20,5b025984-ffe3-42af-ac7a-79648e0129c2,Beauty,Africa,5,417.03,0.15,PayPal,5.0,2.6,1772.38
42514,2025-07-20,d9227c05-e3f9-41de-acef-faf8774502d6,Beauty,Europe,5,224.77,0.0,Cash,5.0,2.4,1123.85
5113,2025-06-30,4b47b715-f937-4fff-b146-56f1787ed06b,Automotive,Africa,2,20.9,0.0,CreditCard,4.0,2.4,41.8
47631,2025-07-01,0edb81d9-bd7d-4801-b0a9-bb6a6e4bf20b,Automotive,Asia,2,78.55,0.05,CreditCard,3.0,3.2,149.24
56833,2023-06-03,59b5d37d-0cd4-4a59-b3f3-7e94c46eaad8,Toys,Oceania,1,218.51,0.0,BankTransfer,4.0,4.0,218.51
60306,2025-12-23,7f78a63a-f311-48cf-934b-c1e858bd3fd9,Toys,North America,1,24.79,0.05,PayPal,5.0,4.6,23.55
82238,2023-07-21,032cd6b6-7bc9-462b-9630-04260414911f,Home,Africa,4,183.16,0.0,PayPal,3.0,4.9,732.64
43560,2025-09-27,cac49626-c6e7-436d-97ca-2a8d962e1e62,Sports,Europe,4,186.39,0.0,Cash,4.0,2.5,745.56
79411,2023-08-21,a253f545-8b3c-414e-b2ad-30e9763f0d47,Automotive,South America,2,409.97,0.0,Cash,7.0,2.2,819.94
95389,2023-02-11,5cf2f8d2-9968-44a9-8af2-7d2f8159fd47,Fashion,Oceania,2,44.43,0.0,BankTransfer,8.0,2.2,88.86
83543,2025-01-11,9e8da991-91e0-4e31-aa64-f424ffbcc6ee,Electronics,South America,3,279.38,0.0,PayPal,5.0,4.7,838.14
86818,2024-11-14,3fc7128e-d03e-4475-b4a0-5c28b9aac9c7,Beauty,Oceania,5,443.8440000000001,0.0,BankTransfer,4.0,2.3,2219.22
60626,2024-01-10,e01f2d89-fdb8-4e48-87df-cc39293aa0cc,Electronics,North America,5,105.63,0.0,Cash,7.0,3.8,528.15
8910,2023-03-22,4f3c0388-ec61-43eb-b33c-4dee97d47986,Sports,Asia,1,115.59,0.2,BankTransfer,4.0,3.3,92.47
99578,2025-04-10,00a68632-6176-48c4-be33-e329fe5ad7e5,Automotive,Africa,4,88.24,0.1,CreditCard,3.0,2.5,317.66
54407,2024-12-29,35750c90-c023-4ca3-aafb-7ebd5dddf483,Electronics,Europe,2,431.62,0.0,PayPal,4.0,2.8,863.24
73427,2023-05-05,29e9c860-439b-4b4e-87cf-b5f4d804ec1e,Automotive,Africa,1,27.33,0.15,CreditCard,5.0,3.5,23.23
82562,2025-10-09,8feb0f6e-cf60-4903-b5f0-f9e892e7d962,Electronics,South America,1,175.39,0.1,CreditCard,5.0,4.2,157.85
21739,2024-10-15,1003667c-8c77-4a46-8749-3806e4ec9cee,Toys,Europe,4,133.84,0.0,BankTransfer,7.0,2.6,535.36
60419,2023-06-14,0f52f32b-c3b0-49e4-be9f-8c8f7c4de6d7,Beauty,Asia,5,213.99,0.0,Cash,6.0,2.8,1069.95
7634,2025-06-24,c88994e7-49ef-4088-8ab7-2eb99be4e2ac,Sports,Europe,3,246.47,0.0,BankTransfer,7.0,2.5,739.41
80761,2023-05-23,ad8c0022-cd3d-47f5-baeb-24a3b9de9807,Home,North America,2,273.05,0.0,BankTransfer,4.0,3.3,546.1
9933,2023-01-08,c4ca0233-4273-4de8-abad-2b997fa8c425,Automotive,Africa,4,475.8,0.15,CreditCard,3.0,3.7,1617.72
77614,2025-06-12,9cc3a154-70dc-464e-861c-f4a131a743d6,Beauty,Africa,3,158.22,0.05,Cash,5.0,3.0,450.93
90894,2024-01-20,12785ea3-1839-48b5-8183-18fd6195870b,Home,Africa,4,41.57,0.0,Cash,9.0,4.6,166.28
57513,2025-10-28,dbe0b32f-3ff6-46c0-b524-ce35dd3f1285,Automotive,Africa,5,448.34,0.05,CreditCard,3.0,3.7,2129.61
98073,2023-06-05,44e2826b-6ee6-4184-927f-e33cc51a9744,Fashion,Africa,2,120.12,0.0,PayPal,1.0,4.6,240.24
53337,2025-04-11,df0ff726-1c8a-45e6-a46c-f4a979633a2f,Home,Oceania,4,132.64,0.15,CreditCard,7.0,4.9,450.98
91372,2024-02-20,deaaddae-370b-4ace-884e-844481291a28,Home,Africa,4,447.31,0.1,CreditCard,8.0,2.3,1610.32
18906,2024-08-03,c0e9a3aa-d872-446a-908b-90e62598c556,Fashion,Asia,5,346.46,0.0,PayPal,1.0,3.1,1732.3
9159,2023-02-15,504d39e0-d4f7-415f-be9a-f4fb7afe3780,Beauty,Oceania,1,253.07,0.05,BankTransfer,8.0,4.1,240.42
96308,2023-05-31,079389d7-fbd2-46f1-883d-5bf6a856525c,Home,Oceania,3,76.99,0.15,PayPal,7.0,2.5,196.32
29901,2024-07-25,b481e163-4563-4943-8dcc-90154f8aa6f8,Fashion,North America,4,335.37,0.1,CreditCard,4.0,4.4,1207.33
8559,2023-07-13,8e47fb7d-8a7f-426e-b585-f440c3a98532,Home,South America,4,107.55,0.0,PayPal,7.0,4.7,430.2
21930,2025-12-27,33056f33-356f-4d31-8209-284616432294,Toys,Oceania,4,396.44,0.05,BankTransfer,2.0,4.1,1506.47
25075,2023-07-10,e68aa52f-f4f1-4bd7-a2c6-9d34feb12af1,Fashion,North America,5,254.15,0.05,Cash,7.0,4.8,1207.21
6444,2024-03-02,c51b2922-ca91-4df7-b174-5b78c705dd1e,Automotive,Oceania,1,364.15,0.0,BankTransfer,8.0,3.4,364.15
15876,2023-03-27,304b8215-dae7-4073-899f-163e7fde376e,Toys,South America,3,7.76,0.0,Cash,4.0,4.7,23.28
54156,2023-12-17,d3f5b956-3bdd-42b4-871f-796dbc3b1846,Electronics,Europe,1,237.86,0.1,CreditCard,2.0,3.8,214.07
27265,2025-12-02,f10f4140-6aa2-4cc7-a8d0-0c769bdfd91d,Sports,Africa,2,220.9,0.0,BankTransfer,7.0,4.0,441.8
1593,2023-07-09,7233d5af-9813-4da1-bd21-20ad5f59fb4d,Automotive,North America,5,149.84,0.15,Cash,6.0,4.1,636.82
77106,2023-06-13,7f8e138a-7dc8-4759-957a-4a633171c6fc,Fashion,Oceania,2,213.97,,PayPal,8.0,3.9,427.94
36704,2023-07-23,625b513d-71a8-4123-b709-797ef4de0acd,Automotive,Oceania,3,460.73,0.05,Cash,9.0,3.7,1313.08
72398,2024-11-30,0af9293b-07d2-41ac-ac23-07b672b0d47f,Beauty,Europe,3,55.89,0.0,BankTransfer,1.0,3.0,167.67
21823,2023-05-29,5e025c70-f396-4535-b8d3-c99e65485986,Electronics,Europe,4,151.13,0.05,BankTransfer,6.0,3.7,574.29
64574,2024-03-11,fd5f6e5f-acae-4508-9396-2be6f278cac8,Sports,Oceania,5,394.73,0.05,PayPal,8.0,4.8,1874.97
93633,2024-06-11,692c1fe3-3bb7-4e67-acc8-f989e232b97d,Fashion,North America,3,8.47,0.2,CreditCard,8.0,4.1,20.33
12828,2025-09-26,71e7ac0c-70a2-4023-85a9-37a979d28895,Fashion,Asia,1,161.19,0.0,Cash,8.0,3.6,161.19
16843,2023-10-12,5df7e09e-c3ae-4ce6-804c-f40018865cd0,Sports,Asia,3,227.77,0.0,CreditCard,2.0,4.3,683.31
88361,2023-10-25,75187964-d57e-463b-b61c-81841dd95417,Toys,South America,4,465.72,0.0,PayPal,5.0,4.6,1862.88
29027,2023-08-15,a781dac1-1212-4c91-92be-654727f395e4,Toys,North America,5,455.0,0.1,Cash,6.0,2.7,2047.5
39488,2023-01-27,a4bebbbb-9c77-40df-9ba9-36d543cd1818,Fashion,Asia,1,65.87,0.0,Cash,7.0,2.4,65.87
98368,2023-12-12,1a67ace5-d670-401d-ae24-83390cf78ae8,Beauty,Asia,4,349.45,0.0,BankTransfer,5.0,4.9,
33625,2025-01-09,6499c67e-c68f-4b66-9cc8-2ba87fba11ab,Sports,North America,3,399.0,0.05,BankTransfer,7.0,3.8,1137.15
83916,2024-08-04,8725d182-5c6d-446e-aef2-beed443c4dee,Home,South America,3,247.29,0.0,PayPal,1.0,2.3,741.87
74562,2024-08-03,64fc30cf-d950-492e-87d3-dacfdf1f9f82,Toys,South America,5,104.61,0.0,Cash,2.0,3.6,523.05
43301,2024-10-03,a3528d57-2c0f-4a8e-b352-f4914f845f0e,Beauty,Asia,2,180.21,0.0,BankTransfer,8.0,3.5,360.42
83847,2024-08-02,5e5c68ab-439f-436f-ae62-d4048e42c497,Toys,Oceania,5,452.87,0.0,CreditCard,7.0,2.4,2264.35
51389,2024-09-16,1eac007f-5df6-4dc5-859e-a5dc8b21b509,Sports,Oceania,3,91.9,0.0,Cash,5.0,3.2,275.7
94557,2023-05-19,b87e4b03-0496-489b-acbb-8966135044b7,Fashion,Asia,2,464.0,0.05,PayPal,5.0,2.9,881.6
57722,2023-12-17,9c157711-e8ae-43da-a85f-cec1d7702c0c,Electronics,South America,3,429.07,0.0,CreditCard,6.0,2.7,1287.21
51719,2024-11-16,,Beauty,North America,3,419.94000000000005,0.05,CreditCard,2.0,3.0,1196.83
13042,2023-08-25,56c07f2b-3875-4569-ae85-fb01030e22b3,Toys,Oceania,5,403.45,0.05,Cash,8.0,2.0,1916.39
95610,2023-10-27,fac2de8b-d309-49f4-962a-f80e01ca939f,Toys,South America,1,142.32,0.05,BankTransfer,3.0,4.6,135.2
2789,2024-05-18,bce8e033-fb70-4bf3-95fd-46d7cfbfd796,Automotive,Oceania,1,70.84,0.15,Cash,7.0,3.7,60.21
68241,2025-06-16,c28cdf3e-f2df-4452-83ff-5dd4f8742e05,Fashion,,3,199.45,0.0,PayPal,9.0,2.2,598.35
88238,2024-10-28,f2e3f818-5d8a-4c2d-a76e-34788b19d195,Electronics,Oceania,5,322.51,0.0,BankTransfer,4.0,3.2,1612.55
2358,2023-05-13,8c7e2904-4237-492a-8017-466e85f4c0a2,Automotive,Oceania,5,378.69,0.1,PayPal,5.0,3.9,1704.1
40624,2025-07-03,48889d86-cf17-4ca4-bdc6-042016a979fa,Electronics,North America,3,219.06,0.0,Cash,5.0,3.8,657.18
60637,2025-01-17,9d14a5ed-0075-44af-9823-4bc41b749a9d,Sports,Asia,5,483.07,0.0,PayPal,6.0,2.8,2415.35
6371,2025-02-01,6508f5c4-2994-4775-ba4b-90e3fdf26daf,Electronics,South America,5,407.79,0.1,PayPal,7.0,2.9,1835.06
63559,2023-01-03,cd25ec88-8a6f-437b-a8ab-a1bbdb06609a,Home,Africa,3,394.52,0.15,CreditCard,8.0,5.0,1006.03
41551,2024-05-06,00db24d5-323d-44e5-b7bc-3c29326e9448,Home,Africa,2,160.27,0.05,Cash,5.0,4.6,304.51
48977,2024-05-24,92bfd42d-727c-474e-ace9-7eb3cf688f93,Fashion,North America,5,404.12,0.0,PayPal,1.0,3.7,2020.6
59010,2025-07-18,84a01954-d9c9-4ec3-a1b5-c8a3da4d7550,Automotive,Africa,3,446.14,0.05,Cash,5.0,4.1,1271.5
39345,2023-11-28,9773b290-7b85-41fe-961f-bd918d479e15,Sports,Africa,5,226.674,0.15,BankTransfer,6.0,2.3,963.36
79433,2023-05-29,79410518-660d-4b8b-a82b-43a54a912802,Automotive,North America,5,484.71,0.15,Cash,2.0,3.4,2060.02
94765,2024-09-28,08b70425-8df0-4539-83be-7e55d55f9f3f,Electronics,North America,1,259.88,0.05,BankTransfer,6.0,3.2,246.89
71293,2025-08-31,033d66ef-63cb-42ec-99e3-e3edc91ec4ed,Home,Africa,5,216.14,0.0,Cash,2.0,4.2,1080.7
12277,2023-09-26,a11d19a4-1117-43a0-a0cf-954ce16dfe37,Sports,South America,4,110.98,0.05,CreditCard,4.0,3.4,421.72
4422,2023-09-09,725aa10d-63fe-457c-a5d4-ec1951fc4c23,Sports,South America,3,494.9,0.0,BankTransfer,4.0,4.5,1484.7
54404,2024-10-12,e59a2d7a-4f03-4a3d-b5b3-706b0993f014,Fashion,Europe,1,81.57,0.0,BankTransfer,7.0,3.2,81.57
86317,2023-07-20,6722c244-fde8-4868-bd92-6e02c13661b5,Sports,Oceania,3,194.09,0.05,PayPal,9.0,2.0,553.16
19497,2024-08-08,c8ff4dd8-47c7-4498-b915-9063e95e1564,Home,North America,4,134.92,0.0,Cash,3.0,2.2,539.68
44932,2025-07-11,ba1b3912-aba9-4d76-9d64-cc9dbe078e3c,Beauty,Europe,3,19.16,0.0,CreditCard,7.0,2.9,57.48
87780,2024-05-21,8cd6d6b0-0f61-4bdf-ab8e-05d43cef040e,Fashion,Europe,1,83.32,0.0,PayPal,6.0,3.6,83.32
15808,2025-11-16,93400bc2-95d4-41cb-b650-67e06b941b94,Home,Africa,3,266.859,0.05,CreditCard,5.0,4.7,760.55
40570,2023-09-11,0d69a521-d4a1-49fb-b777-1615333afce8,Sports,North America,2,488.36,0.2,PayPal,5.0,2.7,781.38
2126,2023-10-25,411920f6-d056-4199-b728-ddc20f5e8b47,Fashion,South America,4,398.84,0.0,PayPal,2.0,2.3,1595.36
55371,2025-12-01,a73b189f-9bc6-4ed1-8818-0a2ef9483602,Home,Africa,5,325.34,0.0,BankTransfer,1.0,4.5,1626.7
92931,2024-05-19,74713664-d0cc-40de-ab8e-7d7c384ed4d3,Electronics,South America,2,176.73,0.05,,8.0,4.2,335.79
9978,2023-09-08,354f9914-5698-47e3-b16d-a24334def7ee,Beauty,Asia,3,106.86,0.0,Cash,6.0,4.7,320.58
95099,2025-04-12,1cf2703c-c13a-4554-8fc9-039f1d864605,Sports,South America,3,427.19,0.05,Cash,4.0,3.4,1217.49
32885,2024-04-01,674440a3-df1f-4814-aaf1-ee3c9dbfa0d4,Automotive,Oceania,5,204.27,0.0,Cash,9.0,4.0,1021.35
65904,2024-06-02,888f02cb-6433-4e4d-a5ef-b61d7794cee1,Automotive,Africa,4,108.39,0.0,Cash,6.0,2.5,433.56
7647,2023-05-21,81edceb3-8bb2-4f15-a045-d9e673ad562d,Home,Oceania,1,142.5,0.15,PayPal,3.0,4.2,121.12
30785,2023-05-13,3a657200-fef7-4496-940d-754a32ad8a8e,Beauty,South America,2,158.34,0.0,PayPal,3.0,3.6,316.68
39437,2023-01-23,ff1bdf3c-3b91-4214-acb0-7e392250bb68,Sports,North America,2,333.23,0.0,BankTransfer,4.0,4.6,666.46
72297,2025-06-26,60f8e5b7-8e0e-48a4-ae40-cf207fcbb0f7,Sports,South America,3,88.45,0.15,Cash,6.0,4.3,225.55
1023,2023-09-20,378e6510-8f10-433e-abe4-2e7db96c1163,Electronics,South America,4,109.66,0.0,BankTransfer,1.0,4.9,438.64
43207,2023-05-04,4e34c4bd-a10d-46bd-9bfd-895002ba6c9b,Fashion,Oceania,3,94.6,0.1,BankTransfer,2.0,2.2,255.42
57183,2024-02-18,40517ba5-4339-491f-b652-f670b1d6124c,Sports,Asia,5,374.08,,BankTransfer,3.0,3.5,1683.36
35246,2025-07-06,17f8f8f5-2af8-4d44-af75-fa40750f1f26,Sports,Oceania,5,196.3,,CreditCard,,4.3,981.5
56099,2025-08-11,eea04d1a-78a1-40a4-8464-7aed90704cfb,Fashion,Asia,5,414.5,0.0,CreditCard,8.0,3.6,2072.5
22079,2023-05-10,ded907ca-d3a3-4deb-b28a-09bf9b1091ac,Toys,South America,2,465.2,0.0,PayPal,5.0,2.2,930.4
28810,2024-10-08,e6f6c747-1d83-4b2c-8989-44ed33f80a58,Electronics,South America,5,211.56,0.05,PayPal,3.0,2.9,1004.91
91943,2025-10-05,a7d7361e-837a-4dc2-b027-af950806336e,Beauty,,3,470.07,0.0,PayPal,8.0,4.0,1410.21
24188,2025-12-15,a1e16a4d-d03b-4607-9303-577e19c82de4,Fashion,North America,4,453.05,0.0,PayPal,8.0,2.5,1812.2
67690,2023-08-26,95604b1c-ff0c-42a0-9c0a-7cc4f7790f43,Toys,North America,4,412.55,0.2,Cash,3.0,4.5,1320.16
16931,2024-07-27,e71bef25-7f5f-4a16-958e-d5c101fdc5af,Beauty,Europe,4,335.7,0.1,Cash,1.0,2.2,1208.52
97581,2025-05-08,d05478d1-e894-4f33-84bd-10ac8838e119,Sports,North America,3,116.16,0.05,CreditCard,4.0,3.0,331.06
78141,2025-07-17,085bb952-ffe2-4804-ba09-904d012e2169,Automotive,Europe,2,206.94,0.2,Cash,4.0,,331.1
60990,2024-05-22,732c533b-2404-4313-941b-f8a5720c615a,Electronics,Asia,1,70.84,0.0,PayPal,2.0,3.1,70.84
52921,2023-04-02,1c7f1fc9-6d3b-4682-a40e-7ff0bbc34e9a,Toys,South America,4,261.82,0.1,CreditCard,4.0,2.7,942.55
62265,2024-01-24,42d13934-0e99-4c65-a5b6-83a8d97bdf61,Electronics,South America,1,90.74,0.1,BankTransfer,4.0,2.8,81.67
29178,2024-11-24,a12f9473-9dfb-4067-ad5f-82b3c542806f,Sports,North America,5,321.885,0.05,BankTransfer,5.0,4.1,1528.95
25869,2025-04-18,3a9b6114-a569-4c50-9b74-a979e8659b50,Beauty,Europe,3,128.74,0.0,Cash,5.0,2.5,386.22
924,2023-12-23,cf0e6d2b-315c-467a-85d8-a6ad77d0359e,Beauty,Asia,3,202.99,0.15,BankTransfer,6.0,2.5,517.62
23121,2024-04-04,41e7e487-35a9-4ca8-8698-e317ad0c054e,Electronics,North America,3,398.72,0.1,BankTransfer,1.0,4.5,1076.54
67432,2024-11-12,9f7eac2b-0424-400d-857e-8c8ba9c3c87c,Toys,Africa,3,419.652,0.0,,4.0,2.6,1258.96
53718,2025-09-20,7294dee8-5bd5-495c-b285-f309d95ad95f,Home,Europe,3,105.01,0.0,PayPal,7.0,3.7,315.03
57124,2024-06-18,90a43f3d-6428-4b10-9ac5-5b81feda1835,Beauty,North America,5,280.07,0.0,BankTransfer,4.0,2.9,1400.35
3320,2025-01-11,fff446b9-bb46-4c13-b28a-030b532da8fe,Toys,North America,3,11.92,0.15,PayPal,4.0,4.4,30.4
13620,2024-09-13,7aaa6336-dda2-4bfd-a747-70a19f29f7df,Fashion,Oceania,4,98.08,0.05,CreditCard,3.0,4.2,372.7
79229,2024-09-30,0284ff08-c40f-4be6-9ce9-260bd09ef9aa,Toys,Europe,2,205.3,0.05,BankTransfer,1.0,4.6,390.07
70109,2025-03-31,b48353ec-391f-4854-a801-d2f9c52f4850,Electronics,Africa,4,30.0,0.2,BankTransfer,9.0,4.6,96.0
95348,2024-07-20,61453600-cb68-4a0d-8f70-024f10120611,Home,South America,1,300.72,0.05,BankTransfer,5.0,4.5,285.68
57579,2025-02-28,9938f43e-b4c9-42af-8e56-cb69f9aca6ad,Beauty,Oceania,1,314.81,0.0,PayPal,3.0,2.3,314.81
12683,2023-07-30,7dfcb03a-8f11-460e-83cb-763e38767632,Beauty,Asia,5,318.68,0.1,PayPal,5.0,2.1,1434.06
80795,2025-04-07,01a07005-e5bd-452e-8e80-c47e7635f660,Automotive,South America,1,338.25,0.05,CreditCard,4.0,3.2,321.34
71950,2023-06-03,0d58848d-7ff1-4f79-801f-5785007e82d6,Beauty,South America,2,179.88,0.0,CreditCard,9.0,4.2,359.76
46664,2025-08-13,5107ef32-c0be-4b4b-ae08-94e0a3e4f3fb,Automotive,South America,1,164.55,0.05,Cash,6.0,2.8,156.32
95064,2023-11-14,1f7a72ea-cf62-4123-93af-a6746c9ad542,Automotive,,2,290.24100000000004,0.0,Cash,5.0,4.4,580.48
86698,2024-11-01,7f071113-f374-4f85-b31a-a2ed5f3bd756,Beauty,Africa,3,304.569,0.0,PayPal,1.0,4.9,913.71
78050,2025-12-09,a5c4b535-634a-424b-a88b-f49f01b3c186,Beauty,North America,5,377.52,0.0,BankTransfer,1.0,3.7,1887.6
49792,2024-09-09,816ce9af-35bc-4068-bec4-2c1ad25d21f9,Toys,South America,1,298.6,0.1,Cash,1.0,3.9,268.74
99280,2024-03-29,c7af562e-d625-434c-9473-dab5ab3942d4,Beauty,Europe,1,433.63,0.2,PayPal,4.0,3.2,346.9
1044,2024-10-01,f186e47a-a794-4320-8cf6-e8b87fd238c3,Beauty,Asia,4,114.13,0.0,PayPal,2.0,4.1,456.52
65917,2023-03-08,4ac6df21-e16d-4831-a827-2b824f3f7571,Home,Oceania,1,188.4,0.05,PayPal,8.0,4.0,178.98
9210,2025-10-04,d3c0331b-c002-4999-8fb3-0320e9bdb511,Automotive,South America,2,57.99,0.0,CreditCard,7.0,2.4,115.98
24904,2024-11-17,e90f9565-934a-43c8-8340-5061984a00c3,Automotive,Asia,2,92.961,0.05,BankTransfer,4.0,3.1,176.63
42124,2023-02-18,bfb5e595-fd1f-4a89-bea4-3216aebb261d,Electronics,Oceania,5,167.92,0.0,Cash,1.0,4.8,839.6
12482,2025-10-17,9cffa370-5fd4-46a6-9bd3-1e61c5fc71d6,Beauty,Africa,2,93.58,0.0,BankTransfer,4.0,2.6,187.16
34403,2024-09-03,12d444ec-f7ea-4d76-bebf-356175004175,Automotive,Europe,2,272.67,0.2,CreditCard,4.0,2.3,436.27
27718,2024-12-09,401469d3-a0c9-4586-b551-d3d215a781d8,Automotive,Africa,5,50.08,0.15,Cash,1.0,3.8,212.84
26633,2023-02-06,436f8858-16c2-4199-a767-df033a0b5b0d,Toys,North America,4,233.61,0.0,PayPal,2.0,3.3,934.44
84683,2025-11-13,fe0f4163-243b-43d8-a2c9-7eff6f1b0b30,Home,Africa,5,156.537,0.0,Cash,1.0,4.3,782.68
27177,2025-04-11,fb624f1c-14b1-4cd3-b7f7-3151ecda2ea8,Home,Asia,5,74.99,0.0,CreditCard,9.0,2.3,374.95
5048,2025-08-15,092e9fab-2457-4251-89b6-7093d0fe42af,Toys,South America,5,153.73,0.05,CreditCard,3.0,2.3,730.22
83844,2023-02-19,16547b64-2a5d-4aa6-87ea-8d1424d879e7,Fashion,South America,5,349.33,0.0,CreditCard,3.0,2.4,1746.65
11200,2023-02-23,66548fd6-8027-4505-af88-198b4de53f26,Fashion,North America,1,412.81,0.05,,8.0,3.3,392.17
34653,2024-03-30,4aed6683-6f76-421c-9501-a909bc5f4a77,Beauty,Asia,5,293.91,0.05,CreditCard,6.0,3.5,1396.07
18608,2024-09-22,cab21b78-7f88-4bc2-ad89-a1ac5acab153,Electronics,Africa,2,49.85,0.05,BankTransfer,2.0,3.9,94.72
55118,2024-08-04,a4deb78e-0ea6-4a8d-a2bc-b8da84feb9db,Fashion,South America,4,197.65,0.0,PayPal,4.0,4.0,790.6
9559,2024-09-25,6b4c2dac-df93-4659-a30c-e666d36e7cca,Toys,Oceania,2,214.5,0.0,Cash,3.0,4.4,429.0
51202,2023-03-15,9a05d4c4-6721-4c78-9d30-e92cfceda3fe,Electronics,Oceania,3,244.7,0.05,Cash,7.0,3.6,697.39
83470,2025-08-06,8527c5f9-dc57-4594-b171-79363a128dae,Fashion,Europe,3,306.6,0.0,BankTransfer,6.0,4.8,919.8
52118,2025-08-05,98b2a04f-2f45-47cd-8b39-e31dfd9f3db7,Fashion,Oceania,2,262.46,0.1,Cash,2.0,2.8,472.43
7032,2024-01-14,00937ba0-65a0-4e43-bd2d-ca8673020b26,Fashion,Europe,4,28.69,0.1,Cash,9.0,2.4,103.28
26895,2024-02-21,1a73d59c-d2b5-49f2-8183-52c2316e76d3,Home,Africa,5,448.73,0.0,PayPal,9.0,4.6,2243.65
26941,2024-07-22,bfaa8cc5-a66d-49b1-a694-111bf65b74d9,Sports,Asia,5,214.13,0.1,BankTransfer,5.0,4.4,963.59
64421,2025-12-16,e199519f-5da3-47b3-8281-5e4adc07ad2d,Automotive,South America,2,125.84,0.0,Cash,6.0,4.1,251.68
76996,2025-08-11,5be611f8-99c1-437d-a644-e6306dc1904f,Beauty,Africa,1,323.04,0.2,Cash,9.0,2.4,258.43
19136,2025-05-11,4d9fec20-1414-483d-a0af-0b16dd35585c,Home,South America,2,206.0,0.05,Cash,1.0,,391.4
18249,2025-09-12,a0b45327-af8b-4fb1-a53b-7a49a12a118d,Fashion,Africa,5,296.52,0.0,CreditCard,5.0,2.0,1482.6
27184,2024-09-19,04ef166d-b00d-40bc-838e-13f48c7f34d9,Beauty,Asia,5,130.89,0.1,Cash,9.0,2.9,589.0
14903,2025-09-01,184aa35b-9359-4813-9eed-acf05606e905,Beauty,Africa,1,134.53,0.0,BankTransfer,6.0,2.1,134.53
71378,2023-02-01,d3fe22d3-3011-4743-aa49-680daa5b654d,Automotive,Oceania,2,248.48,0.0,CreditCard,4.0,3.6,496.96
79836,2024-01-11,122ee3f9-24dd-4139-aac4-ecdc2f6458e8,Electronics,Asia,1,268.29,0.1,PayPal,1.0,2.8,241.46
25470,2025-12-31,c8a0b0e5-99e9-4189-ac1c-5523b1e94190,Toys,Africa,4,124.05,0.15,BankTransfer,6.0,3.9,421.77
66476,2024-05-02,fe15ea25-15b2-4724-8b15-ad469f2a6cef,Sports,Europe,3,30.42,0.0,BankTransfer,2.0,4.4,91.26
47006,2025-02-21,f3bf1db3-0bc5-486f-90be-db84526a523e,Home,Africa,1,174.99,0.0,BankTransfer,5.0,3.5,174.99
54247,2024-06-03,e7183f5e-435a-4dc2-ac6e-d21b242f5e2e,Automotive,Asia,5,335.16,0.15,CreditCard,2.0,3.6,1424.43
60847,2025-06-02,d9c2bbe6-cd94-4d81-9dfe-d9c811269065,,Asia,3,61.33,0.1,Cash,8.0,3.6,165.59
69210,2024-05-14,f3f869a2-b17f-4a96-9731-3195b6f2df85,Electronics,Africa,4,456.35,0.0,BankTransfer,1.0,3.1,1825.4
89716,2024-09-06,a9e82dda-163f-48f2-ac4d-5b3258f14f7f,Toys,Europe,3,310.05,0.2,Cash,9.0,4.9,744.12
68376,2024-05-24,4a7ba815-44c0-4e44-b392-328a69681a30,Toys,Asia,2,492.8,0.2,Cash,7.0,2.7,788.48
45498,2024-09-12,338c1ad0-5116-4ee6-8705-4e87ffa5016c,Sports,South America,4,473.78,0.05,CreditCard,5.0,5.0,1800.36
46089,2024-06-24,09833fe6-b74b-4f20-a590-cc4926e01052,Automotive,Europe,4,61.35,0.0,BankTransfer,3.0,2.6,245.4
59916,2025-02-26,bd2a206d-e6e3-4e47-b6e6-89f599c08884,Beauty,North America,5,372.76,0.1,CreditCard,9.0,3.3,1677.42
85693,2025-12-22,da5e1572-06d4-4990-932d-4ea01c8a80c5,Fashion,Europe,1,365.82,0.0,CreditCard,3.0,3.6,365.82
71580,2023-01-20,c0db31a1-46d7-4dbe-93f4-d942d208206e,Fashion,Europe,4,241.14,0.05,Cash,9.0,4.0,916.33
44197,2025-08-31,f350b1aa-756b-4367-bbde-74d5d62e2276,Fashion,South America,2,343.27,0.15,CreditCard,1.0,3.2,583.56
78245,2023-10-02,2e0ecb82-bd69-40a2-943d-136f04c1bee9,Toys,Africa,5,307.7,0.05,BankTransfer,7.0,4.0,1461.57
73098,2023-07-05,6a72ef4b-ac71-4ae3-b5e7-cc94511006e0,Home,South America,3,336.62,0.0,BankTransfer,1.0,3.4,1009.86
15939,2024-09-24,a587b762-818f-4883-a6f4-b2fd9e891f45,Automotive,Europe,3,390.48,0.05,PayPal,1.0,2.5,1112.87
21287,2025-06-13,8d78f8fe-2f10-4a36-abbf-548f2c9f9936,Beauty,Europe,2,279.67,0.15,BankTransfer,3.0,4.2,475.44
18108,2024-11-18,f3adea7d-245e-4eec-8f6b-95506a2f7860,Sports,Asia,2,101.79,0.0,CreditCard,3.0,2.8,203.58
43698,2025-03-05,2a3ddff4-551d-482f-90cd-a4a33da0220b,Electronics,North America,1,413.07,0.0,Cash,4.0,2.2,413.07
52326,2024-04-15,96abb71d-bf61-430c-b122-2fb068771111,Sports,North America,4,233.91,0.0,BankTransfer,7.0,3.7,935.64
36169,2023-08-12,4307599d-a2d6-4bb8-b454-cd84f93c3ab0,Electronics,Oceania,1,80.03,0.0,Cash,9.0,3.4,80.03
86938,2023-12-24,caa508d1-d1d3-4d2e-8a97-d5fc6b3d2a10,Fashion,North America,5,403.97,0.1,CreditCard,9.0,3.7,1817.87
8777,2025-11-21,d8c024a9-a99e-4f9b-b68e-af5851ddaa9d,Home,Africa,3,176.508,0.05,PayPal,7.0,4.0,503.05
93869,2024-06-20,546b3c5f-54df-4eba-a51b-4fd7f19e00cc,Automotive,Europe,2,124.48,0.0,BankTransfer,5.0,2.7,248.96
30849,2023-10-28,296bc878-b3e8-46bf-9425-8378d2cb0fa8,Fashion,South America,2,304.81,0.15,CreditCard,2.0,3.3,518.18
3031,2024-05-03,c355853e-b0d9-451c-acc0-067f141f746e,Automotive,Oceania,3,184.42,0.0,PayPal,7.0,2.4,553.26
87391,2025-09-06,d8ec0bb1-7cde-407e-b8f5-a03d8643e053,Home,Oceania,5,179.9,0.05,Cash,6.0,3.4,854.52
33472,2025-09-25,068ad005-6adf-4ab4-a127-7c0f02216a27,Sports,Africa,1,279.68,0.0,BankTransfer,4.0,4.7,279.68
35013,2024-12-16,c36ec876-f8e5-4ab6-ba23-2517d231cae3,Electronics,Oceania,2,145.06,0.05,BankTransfer,2.0,4.0,275.61
35193,2025-11-20,dbc13cfa-1b3e-4c12-8ef5-c99486ee04cb,Sports,Asia,2,405.711,0.05,CreditCard,7.0,3.5,770.85
26065,2025-05-31,92ecfd73-8dbd-4e25-8e50-5cee3ebb5527,Home,North America,2,10.56,0.0,BankTransfer,7.0,4.5,21.12
93531,2023-09-18,4e47dc79-facd-4bb8-95ae-1bb2d2771005,Sports,Africa,5,280.77,0.0,PayPal,9.0,3.3,1403.85
10217,2025-10-21,6cf4d2fd-d37f-4059-b1d7-64ba1712df48,Toys,Africa,1,31.49,0.05,PayPal,4.0,2.9,29.92
43600,2024-12-03,8d53cea1-40e5-4868-a17a-30898df9616b,Sports,Europe,1,165.18,0.0,CreditCard,3.0,3.4,165.18
68778,2024-12-24,13e03fd6-96ca-40b3-ab96-69a67e5e3608,Electronics,Asia,4,225.28,0.05,PayPal,1.0,4.9,856.06
86133,2023-04-10,de3ae0c8-b190-4f7d-b24b-b6f51da93e5d,,South America,1,411.51,0.0,CreditCard,7.0,3.4,411.51
85873,2024-05-04,08dddb4e-a40a-4762-bc9f-211fee71bdec,Toys,Europe,2,134.38,0.15,Cash,8.0,2.6,228.45
95751,2025-09-10,40e4ab86-ef4f-4a7c-ab5f-e88e4ef2d10e,Fashion,North America,4,56.19,0.0,Cash,1.0,3.7,224.76
68930,2024-08-03,e678883a-36ce-44ac-a845-807c3be35923,Home,Asia,5,417.24,0.05,Cash,1.0,3.9,1981.89
34725,2023-08-29,dfce4fb6-b95e-4103-86d1-dbc27a884b4d,Beauty,Europe,1,376.11,0.0,Cash,2.0,2.6,376.11
14337,2025-08-12,3f6c9df5-394d-42c9-8b57-5c1124ced0a1,Electronics,North America,4,7.3,0.0,PayPal,7.0,4.7,29.2
5039,2025-04-04,3e84455f-a755-4468-9e74-e1224aed4cc8,Beauty,North America,3,436.53,0.05,PayPal,1.0,4.8,1244.11
97965,2023-02-12,a7ab86c2-ed72-41b6-b6b1-c494ca51085f,Electronics,Oceania,4,108.48,0.05,Cash,5.0,4.3,412.22
42538,2025-09-20,65b410b8-63ed-49fd-85e4-96b4d4da6c84,Automotive,South America,4,480.65,0.0,CreditCard,7.0,3.6,1922.6
14002,2023-01-05,66815708-05fb-4b20-ad31-5ef756500854,Sports,Europe,5,,0.0,CreditCard,9.0,2.8,637.95
72773,2025-07-07,57c79ee5-696c-4170-aa01-6a0425384951,Toys,North America,1,42.77,0.05,CreditCard,1.0,2.5,40.63
36505,2024-01-23,6ad89382-8552-40c9-96ea-4132fd0b06e2,Beauty,Oceania,5,282.97,0.0,CreditCard,9.0,2.4,1414.85
70408,2025-05-08,1c220f42-090d-49db-b674-b191bc6552b1,Home,South America,4,398.98,0.0,PayPal,5.0,3.4,1595.92
64000,2025-01-31,60b4fc7e-2dc4-4848-b318-7e8f6afe39bf,Fashion,North America,3,442.67,0.15,Cash,5.0,2.1,1128.81
51877,2024-12-25,04397a31-0270-42c4-aeb5-3c79282270dc,Electronics,Oceania,1,34.3,0.05,Cash,8.0,3.1,32.58
27059,2024-10-09,2af68530-fc45-4481-94f5-eca75b9da84d,Home,Europe,4,455.79,0.0,CreditCard,8.0,2.5,1823.16
2955,2024-12-23,15661feb-05c5-4f8d-b21a-6c3f47263c24,Fashion,Africa,4,51.33,0.0,BankTransfer,3.0,4.7,205.32
7706,2023-03-31,01f239e4-3965-4c7a-82ff-3b13d32a27d1,Home,Europe,5,72.84,0.05,BankTransfer,6.0,4.1,345.99
778,2024-08-15,7e7838c9-ca55-438b-bc9a-be10238d6f44,Beauty,Asia,1,26.81,0.15,BankTransfer,1.0,3.9,22.79
65347,2023-06-12,3db0d591-a803-4cbb-98e3-048bbaa2119c,Home,Asia,4,342.46,0.0,PayPal,2.0,2.4,1369.84
81696,2023-01-14,82d20096-9e47-48ab-bc1d-5882404d3e98,Home,North America,2,318.4,0.15,CreditCard,2.0,2.5,541.28
90314,2024-09-25,acc34b99-40ca-4564-acdd-b1fb955738c1,Toys,Asia,2,205.22,0.05,PayPal,2.0,2.9,389.92
74119,2025-08-09,6b02b8de-1305-40b1-8e9d-5d6f924ef676,Automotive,Oceania,2,84.93,0.05,BankTransfer,1.0,2.6,161.37
5999,2025-07-19,3d15d3ee-c397-43ae-b77b-97421e12bbed,Toys,Africa,3,222.48,0.1,BankTransfer,9.0,2.6,600.7
42475,2024-03-14,0b9a988e-e8e3-4b61-9871-d0cb18162e98,Automotive,South America,1,487.85,0.05,BankTransfer,5.0,3.8,463.46
14503,2024-11-26,b1e22571-4212-4f7c-8854-a4ca0459b778,Home,Oceania,2,432.738,0.0,PayPal,3.0,3.9,865.48
65005,2025-01-08,3ba3536a-9baf-481b-b3ac-90702be785f7,Toys,Africa,2,445.89,0.0,CreditCard,1.0,2.7,891.78
24805,2023-09-28,6b779bb9-739b-4e04-973b-0a1017686d40,Home,South America,2,300.35,0.0,PayPal,7.0,2.1,600.7
3048,2024-03-27,b73f6e64-378d-4f8d-8761-f9da039479c1,Fashion,South America,1,105.89,0.1,PayPal,4.0,4.0,95.3
69792,2024-12-17,c4c90473-562c-417a-a8bf-b4b7d0cbe9f1,Sports,South America,5,112.04,0.0,CreditCard,5.0,3.8,560.2
99465,2024-04-21,c742c207-e868-4c61-9e9a-638269b75a59,Beauty,Oceania,4,338.21,0.15,PayPal,7.0,3.4,1149.91
4273,2023-09-09,caef3c9e-1b9d-4f1b-b52a-6cbf1c17729f,Fashion,North America,2,324.86,0.2,BankTransfer,6.0,4.0,519.78
55227,2023-05-13,22a6ea8a-5800-41cb-862d-e9af5ac2ffc5,Electronics,Europe,1,66.38,0.0,PayPal,9.0,2.8,66.38
35148,2025-03-16,c1b270f9-8f9b-4b39-85ab-f186f317481a,Home,North America,3,291.31,0.0,CreditCard,4.0,3.3,873.93
3657,2024-09-04,10168d65-4f90-491a-9448-10de2a1b76e3,Automotive,North America,4,12.65,0.15,PayPal,4.0,4.8,43.01
40715,2024-02-16,ab043a75-2ab2-47bb-a1a3-36d0d97319e6,Home,Europe,1,358.77,0.0,CreditCard,4.0,4.0,358.77
43298,2025-09-24,09bc437e-bbd4-4cf8-9a12-1e70d0d19fc5,Toys,South America,1,247.24,0.0,PayPal,6.0,3.7,247.24
66069,2024-08-18,4258c537-0634-4829-ae38-7d2318871b69,Fashion,Asia,1,498.58,0.1,BankTransfer,8.0,2.5,448.72
31940,2025-12-17,60fa9827-5b10-4c4e-9e34-e78d78ec5420,Home,South America,1,26.26,0.15,BankTransfer,7.0,3.3,22.32
22224,2025-11-17,5e43c7b5-0d3f-44c1-a745-821a1521dfb4,Electronics,Africa,4,383.7240000000001,0.15,BankTransfer,2.0,3.9,1304.66
13423,2025-05-20,b924cc7b-83dd-4c2c-86df-fb726100c7f1,Beauty,Asia,5,69.32,0.0,CreditCard,5.0,4.2,346.6
38078,2024-02-27,cb6361c9-064d-4315-85d7-cb96bede1bcb,Home,Europe,5,250.0,0.15,CreditCard,8.0,4.5,1062.5
46077,2025-12-19,3e93b295-e1cc-462e-bc04-09c7f532f65a,Sports,Oceania,1,199.45,0.0,BankTransfer,6.0,4.7,199.45
52562,2025-08-17,b8e947ad-2daf-43c4-9a01-8171d92f0dba,Sports,North America,2,141.71,0.0,BankTransfer,1.0,,283.42
18714,2023-08-14,ac7ae1c0-0580-4992-959f-27e6cdb00b1d,Automotive,North America,2,217.33,0.0,BankTransfer,6.0,4.7,434.66
82151,2025-09-13,7e0b6c5e-7afd-40d1-aa78-ff8a735811b4,Sports,Oceania,4,14.02,0.0,CreditCard,2.0,4.1,56.08
11097,2024-05-08,b9a693ef-3571-4561-bd12-c52be64f17e3,Sports,North America,4,81.6,0.0,PayPal,5.0,2.0,326.4
96940,2023-09-22,2b42a9a1-5108-4be9-b76b-ae497a7bf23f,Home,Oceania,1,296.82,0.05,CreditCard,9.0,3.8,281.98
27262,2024-10-22,e46a92b1-26e8-415e-a331-0e4351ea7701,Home,South America,4,264.82,0.2,Cash,5.0,2.2,847.42
35153,2025-04-16,887abf0c-e791-41c3-90cd-37ffd8f98318,Automotive,Europe,5,414.29,0.05,Cash,5.0,4.2,1967.88
82057,2023-06-20,902144a2-4396-48b6-a2e0-d2810f62b8e7,Electronics,Africa,1,498.12,0.0,CreditCard,3.0,4.3,498.12
44316,2025-06-22,5b8cd4b8-c804-4adf-9ace-d4586475478d,Toys,Africa,3,480.99,0.0,PayPal,1.0,3.8,1442.97
51410,2023-05-31,2f02ec68-f8c4-419b-a64e-8fb89bff3017,Sports,Europe,4,98.49,0.0,CreditCard,5.0,3.6,393.96
62259,2024-01-26,a4fa9bfa-e6b2-4d4a-adb0-1817a3cb2c1a,Fashion,South America,1,6.95,0.0,CreditCard,3.0,4.4,6.95
28031,2025-08-19,db4f2cd5-ddab-468c-988e-d4d7da6d5bb2,Beauty,Europe,5,440.31,0.15,CreditCard,8.0,3.1,1871.32
19084,2023-04-30,30b85953-d74d-415f-9d34-ee36b9f52c1c,Fashion,Africa,5,149.96,0.05,PayPal,5.0,2.8,712.31
59111,2023-11-20,f2b31bb5-8bd2-4305-8f10-57ddf55255e5,Fashion,Oceania,3,355.851,0.0,PayPal,5.0,4.1,1067.55
62670,2023-06-30,b74cc7fb-f034-4e51-b464-8743aa8940a7,Sports,Europe,1,48.46,0.1,BankTransfer,3.0,4.8,43.61
44365,2025-11-19,4f47d62c-a754-456e-9148-d73f5185708d,Electronics,North America,4,109.593,0.0,Cash,6.0,3.1,438.37
16847,2024-05-24,d04de68d-3e0b-412b-b1e1-84c1ed9d3f55,Fashion,South America,4,161.6,0.05,PayPal,9.0,2.2,614.08
53993,2024-09-08,e071beab-3802-4cb7-8326-ca99417463dd,Beauty,Oceania,3,398.35,0.0,Cash,1.0,3.0,1195.05
79139,2023-12-15,c70d8f19-5fb5-4340-aa7c-4177d73386d3,Beauty,North America,1,346.3,0.05,CreditCard,4.0,2.8,328.98
48550,2023-12-25,b2d03e94-1f48-4cdc-ae55-a18f81698cd4,Fashion,South America,3,,0.2,Cash,1.0,4.5,870.5
27079,2023-11-06,6f5022f6-8db9-46fb-8204-6c6e12406ad5,Home,Asia,3,292.70700000000005,0.0,PayPal,4.0,4.6,878.12
37487,2023-04-16,345cbcab-a040-4bca-9bc8-3ad60c2a7837,Toys,Africa,5,94.07,0.0,CreditCard,5.0,3.8,470.35
57719,2023-01-23,c902eb2e-e2b3-47d1-9bb6-d3934905377a,Home,Oceania,4,192.55,0.0,BankTransfer,9.0,2.4,770.2
44599,2024-06-22,03c700a3-510d-4323-88c8-a6d0b50cf05f,Sports,Europe,3,,0.2,CreditCard,7.0,2.7,970.8
93832,2025-11-07,dbf8880b-701e-472a-a2fc-fa61933f125f,Electronics,Europe,5,51.822,0.15,BankTransfer,6.0,2.3,220.24
79822,2025-01-12,,Beauty,Europe,1,87.98,0.0,BankTransfer,4.0,4.2,87.98
26781,2025-10-26,94744954-a9e2-4323-8a80-a37a41113c03,Toys,Oceania,4,298.08,0.0,BankTransfer,3.0,3.0,1192.32
16084,2024-03-03,17b9d89e-b71b-4fc7-9f4a-0227f3ab7616,Electronics,South America,3,283.6,0.15,PayPal,4.0,2.4,723.18
65693,2023-03-31,bded6a97-c2e6-4493-a952-f47d0bc07ae6,Toys,Africa,4,348.18,0.1,PayPal,9.0,3.9,1253.45
68628,2025-09-09,02390c07-bc8e-4b1e-832e-952189502779,Fashion,North America,2,338.67,0.05,Cash,8.0,4.3,643.47
37572,2023-04-12,e9c74cd6-2128-41ac-a0ca-4b4c2e3cefe0,Sports,North America,1,228.68,0.05,Cash,2.0,3.9,217.25
56661,2025-02-20,fa540f84-813a-463e-a291-ed24f07227ac,,Asia,5,259.09,0.0,Cash,3.0,4.4,1295.45
57961,2024-03-16,89dbf929-29f4-492e-9758-0483264df7a5,Beauty,Africa,2,388.97,0.0,CreditCard,5.0,2.8,777.94
28079,2025-02-26,581e52e5-d692-4f8a-a177-cb4ec5affac2,Electronics,Europe,2,30.91,0.2,Cash,1.0,3.5,49.46
3435,2025-01-14,c81a5f0f-1b1b-4a94-b983-4d4b1c65f6bd,Sports,Asia,3,348.64,0.1,BankTransfer,2.0,3.1,941.33
77069,2025-05-11,b8f0ca00-8937-481c-8c4f-817c6d22dfd3,Toys,Oceania,3,453.44,0.0,CreditCard,4.0,3.1,1360.32
1123,2024-08-25,44d7df9a-238b-45b7-ab64-777c6177a771,Sports,Asia,4,159.04,0.1,Cash,1.0,3.6,572.54
53309,2023-03-02,50268e08-a65e-451f-9e88-514a341c628f,Home,Asia,3,460.79,0.05,CreditCard,1.0,4.6,1313.25
3905,2025-05-01,11489054-7b6c-4596-aa97-435dd9ff74eb,Beauty,Europe,1,440.53,0.15,Cash,9.0,4.2,374.45
98681,2025-05-11,e4d24182-0ffa-40ee-83b5-5d5786ae9201,Sports,South America,4,441.68,0.0,PayPal,3.0,4.0,1766.72
87915,2024-08-01,c3e521f8-1dcc-4878-9846-4739d0823913,Fashion,Oceania,5,56.4,0.1,PayPal,3.0,3.5,253.8
23603,2024-09-14,c2d55546-1c09-49c6-9e52-f0766642ab4a,Beauty,Asia,5,411.76,0.0,CreditCard,8.0,4.6,2058.8
47167,2025-10-18,b75ae08c-20f3-43d7-8955-c5d4a700c13d,Home,South America,2,454.62,0.0,Cash,5.0,3.4,909.24
30161,2025-03-05,67b5c84f-525c-477e-ba18-717c337f2ee2,Toys,North America,3,56.07,,CreditCard,3.0,2.2,142.98
94314,2024-02-18,f4febffa-1b63-4b2a-aa25-a4e8683f6225,Toys,Europe,2,267.42,0.15,CreditCard,8.0,2.6,454.61
36859,2024-12-23,5113f539-e93a-4007-884d-c4be6696c3fd,Home,Asia,5,184.88,0.05,Cash,7.0,2.5,878.18
81795,2024-11-10,11a25d2d-a208-4540-933d-bbabc2432b15,Home,Asia,6,308.232,0.0,BankTransfer,3.0,3.2,1849.39
99395,2025-03-18,dc0eef8c-14e3-418f-a1d7-e25514b28960,Toys,Oceania,2,471.28,0.0,Cash,4.0,4.6,942.56
81947,2025-04-02,1daa6780-715a-40ca-a260-04844e7fe05d,Toys,Africa,2,96.1,0.0,BankTransfer,1.0,2.4,192.2
50034,2023-10-04,378f79c3-99c5-4577-9cae-025c4a84611d,Automotive,Africa,3,58.02,0.0,CreditCard,9.0,3.4,174.06
48882,2025-01-18,d85b6e9a-8453-4645-86f3-f304cbc53d6c,Sports,North America,3,180.67,0.2,CreditCard,3.0,2.1,433.61
25330,2025-12-04,63619e38-d21d-4ff7-9dc1-cf1e6f0413f1,Fashion,North America,1,375.76,0.0,Cash,4.0,3.4,375.76
5041,2023-11-01,1ab88733-80e1-4c41-8a9a-727fb2a12a55,Sports,South America,2,102.375,0.05,CreditCard,9.0,3.7,194.51
95671,2023-03-12,17560b27-cd4a-4ef6-bf2a-44900ff82a68,Sports,North America,2,466.07,0.0,CreditCard,3.0,4.3,932.14
94907,2024-09-09,0958bcd3-231f-4920-ac7e-f40de1ae4953,Automotive,Europe,5,81.67,0.0,BankTransfer,1.0,4.8,408.35
96736,2025-03-10,9fbf6a1e-7b74-4c92-a4eb-93f883e6cdb3,Toys,North America,1,396.45,0.15,PayPal,7.0,3.5,336.98
77984,2023-06-29,d6921fbb-3499-4c46-89f1-197c567fc2c0,Beauty,,2,152.69,0.0,BankTransfer,7.0,2.9,305.38
28145,2025-10-19,aca2317a-be38-4527-bf6c-7208009411a5,Fashion,Asia,4,462.3,0.15,BankTransfer,2.0,3.0,1571.82
56020,2024-12-30,70b11416-c683-4e2c-9c97-07d5ec85b81a,Fashion,Oceania,1,268.76,0.0,CreditCard,1.0,3.3,268.76
84260,2024-08-21,99dc1f8a-b5b1-403c-aa3f-4471532978ba,Automotive,Africa,2,373.78,0.2,BankTransfer,2.0,2.8,598.05
61700,2023-10-02,9a4f741a-9c62-4ff8-8942-acc05fdbf6bc,Electronics,Europe,1,6.06,0.2,PayPal,2.0,4.6,4.85
81287,2023-11-26,4205ed90-d685-4fab-8de3-37c93255f924,Sports,Oceania,3,62.63999999999999,0.0,PayPal,2.0,3.8,187.92
88811,2025-03-21,f83cad25-6468-4486-8083-ff044cf4b3de,Beauty,Europe,3,273.63,0.0,PayPal,7.0,4.6,820.89
92878,2024-06-17,ff80ce28-6f8a-4a45-9de8-5b4cddfe55f7,Toys,North America,4,231.02,0.05,BankTransfer,7.0,4.2,877.88
96707,2025-08-21,6e600f9c-b0c7-4b4b-9db1-6c4d77f83e57,Home,Oceania,4,336.74,0.05,CreditCard,6.0,2.3,1279.61
74974,2025-05-30,bf1d234e-5561-492a-a060-8801f187a112,Beauty,Asia,3,157.84,0.0,BankTransfer,8.0,2.6,473.52
25120,2023-03-21,ec084346-882b-4051-a54d-1d36808576f2,Automotive,North America,3,353.25,0.15,CreditCard,5.0,2.6,900.79
9024,2024-12-04,70e39ecb-77ec-4430-a885-ca4740ee7a6e,Toys,South America,1,178.95,0.0,Cash,8.0,4.1,178.95
39241,2023-12-13,efc69a91-fe60-47d0-b7a6-ff08c538486b,Fashion,Europe,5,415.7,0.0,PayPal,1.0,4.3,2078.5
85256,2024-05-07,117c8860-9789-426f-8550-3ed75a0c809e,Toys,Africa,2,345.76,0.0,CreditCard,7.0,2.4,691.52
79168,2024-05-26,c2ff32c1-4472-456a-9071-e9ede9d3e56e,Fashion,Asia,4,448.91,0.05,BankTransfer,7.0,4.7,1705.86
14487,2025-08-09,864c1d67-2463-4434-afbe-bc777e2de034,Sports,North America,1,103.14,0.0,BankTransfer,2.0,3.4,103.14
41323,2025-05-21,781f1339-565d-4da3-9d7a-189d24159664,Automotive,Asia,1,296.28,0.0,BankTransfer,2.0,2.8,296.28
90602,2025-07-07,bd934eab-cf53-4f3f-bfc3-11bc3906f2a9,Sports,Africa,5,191.88,0.05,BankTransfer,3.0,2.5,911.43
4080,2024-02-23,25bdab14-74ae-4b96-ae13-3adc7ff5088e,Home,Asia,2,100.75,0.1,PayPal,8.0,4.2,181.35
95160,2024-05-09,c02ec514-85d6-45db-b829-2547ae5a7d60,Home,Africa,4,394.21,0.15,BankTransfer,5.0,4.3,1340.31
84793,2024-10-15,17ecb8b9-5b39-4ac2-b437-ec2ee45a062c,Sports,North America,5,430.5,0.0,PayPal,2.0,3.0,2152.5
73900,2023-12-06,7ef91d87-49ff-4428-aaa2-9720652d4a8b,Toys,Europe,1,71.42,0.0,PayPal,9.0,2.2,71.42
90692,2025-06-03,6d5c748d-023a-45c1-bb21-c90700a9a495,Home,North America,1,85.29,0.05,PayPal,7.0,2.3,81.03
46080,2023-09-01,558b30fc-9047-4506-a732-b67c561dc2b6,Toys,Africa,2,103.73,0.0,CreditCard,5.0,2.1,207.46
61650,2025-08-14,a0dea76e-9e78-4ba3-a667-85a5bf9ea33c,Automotive,North America,1,353.44,0.0,PayPal,4.0,3.4,353.44
73959,2023-01-29,1cc7d838-9fe1-4ebd-9465-0e818d74aa30,Automotive,Africa,4,404.74,0.0,Cash,3.0,2.1,1618.96
5390,2025-07-29,65f69897-7a8e-4e5c-a444-c04046633755,Home,Europe,3,85.77,0.05,BankTransfer,9.0,2.2,244.44
42224,2025-08-14,6dea4a41-f846-4119-a83b-8a6bb07cd1c9,Fashion,Asia,1,342.24,0.15,PayPal,6.0,3.4,290.9
7068,2025-11-12,cdeb8ab9-9ece-4b21-a9f4-07eee9320c6a,Automotive,North America,3,251.97300000000004,0.1,CreditCard,7.0,4.8,680.33
71162,2025-01-15,8cfdd1f4-5eeb-497a-95e9-da42391d352f,Electronics,Europe,3,183.75,0.05,CreditCard,7.0,3.2,523.69
50715,2025-10-23,34204712-68bc-4bde-bc70-f5fde2adbd15,Electronics,Europe,3,17.85,0.05,PayPal,4.0,3.9,50.87
58204,2023-03-30,35a6c365-6126-47c9-91c9-64f4d7153f7e,Beauty,North America,2,425.88,0.0,PayPal,8.0,2.3,851.76
50507,2025-05-30,07ca6efe-97ed-4478-bc57-3877d1b062a2,Home,Africa,3,473.83,0.1,PayPal,5.0,4.4,1279.34
20195,2025-09-08,cc4fe8a4-1343-4a9f-bf0b-a26bbd1517d2,Toys,South America,5,206.47,0.05,Cash,4.0,2.4,980.73
98977,2025-11-02,86497600-4a28-4af5-bda7-f0b21becdd66,Sports,Oceania,2,206.154,0.0,BankTransfer,3.0,3.7,412.31
99273,2024-05-25,71dd2009-7468-4b11-84fa-f7a0c518c070,Sports,Africa,5,450.16,0.0,BankTransfer,6.0,4.8,2250.8
4892,2025-05-14,fc75de3d-d473-43b5-852a-2da70e00583d,Beauty,Africa,4,398.29,0.05,BankTransfer,8.0,2.5,1513.5
934,2024-12-18,01bf9e73-3f80-4385-af92-40b652d78f10,Beauty,Europe,5,245.19,0.0,BankTransfer,6.0,3.1,1225.95
70335,2024-01-08,4b193421-e21e-4149-945c-7c49af3213a9,Beauty,Oceania,3,409.71,0.05,PayPal,6.0,2.3,1167.67
69398,2024-12-26,4a70585e-d89d-43f1-95c5-9f575c87f51d,Fashion,Europe,4,56.65,0.0,Cash,5.0,3.2,226.6
31945,2023-10-23,821dadce-3559-4fdf-a9e0-5ebd5dfdc4cd,Home,South America,3,127.41,0.0,PayPal,7.0,4.8,382.23
64123,2023-11-19,dabc789b-cfb6-4ba8-8021-812f90361b02,Automotive,South America,4,252.963,0.0,Cash,9.0,4.2,1011.85
62529,2025-06-21,be794b8b-11ed-4d75-a46e-1223df957a2c,Toys,North America,2,317.95,0.0,PayPal,5.0,3.9,635.9
66594,2025-01-22,a251bb9b-d7ba-4307-a82e-333acb35a473,Sports,Africa,4,253.68,0.05,Cash,5.0,2.4,963.98
19265,2025-12-23,53b54502-9260-49d3-a39a-51c6798cab14,Fashion,South America,3,50.57,0.15,CreditCard,3.0,3.5,128.95
74121,2025-12-25,7c37f322-f92f-414b-8300-5549943d5c80,Toys,Africa,4,460.58,0.1,BankTransfer,3.0,4.4,1658.09
85979,2024-10-11,4aae2781-a181-405c-9f7c-31b86f6413d8,Sports,Oceania,2,173.75,0.0,BankTransfer,3.0,3.8,347.5
84734,2024-02-18,a4716345-c9bc-49f8-b780-64c8443421d3,Beauty,South America,5,67.34,0.05,CreditCard,8.0,4.0,319.86
75301,2025-04-24,8b93a094-bafa-4241-80c0-c3d5175896b6,Fashion,South America,5,258.57,0.0,CreditCard,4.0,4.4,1292.85
85275,2024-05-07,85936e74-65f4-4164-88c5-2e8ceeb1e821,Fashion,North America,1,263.43,0.0,CreditCard,6.0,4.9,263.43
21157,2023-01-15,c335e611-f0a9-4ba0-94c1-2a89cc5bdf58,Automotive,North America,1,486.45,0.0,BankTransfer,4.0,2.3,486.45
99783,2024-04-24,a00725aa-962a-42a1-a069-40345b492980,Fashion,Europe,1,101.85,0.05,Cash,7.0,2.2,96.76
8290,2023-09-28,8e86f9b2-d4e6-45f7-b427-fb9ee7912673,Automotive,Asia,1,86.42,0.1,BankTransfer,8.0,4.4,77.78
30865,2025-12-11,c526199b-1591-4a0d-b407-18eacf553bea,Toys,Asia,5,493.28,0.0,Cash,6.0,,2466.4
97792,2025-11-19,3ce49130-cc28-47f4-8478-f845a4fd99c5,Home,South America,6,53.928,0.0,PayPal,1.0,3.3,323.57
58931,2024-09-20,ecc94063-4d79-4623-ac0d-430f16cb573c,Toys,Africa,5,358.68,0.1,BankTransfer,9.0,4.7,1614.06
78696,2023-04-14,efcde67b-d217-43e3-bdb9-9432f7447d89,Toys,Europe,2,384.77,0.0,PayPal,8.0,2.4,769.54
98276,2024-04-11,edd7baa9-038e-4673-ba5b-726883ebdb05,Toys,Europe,4,448.25,0.0,PayPal,6.0,2.9,1793.0
5800,2024-09-16,89ef698a-ca46-439f-93ba-dc3ecc5bf684,Fashion,South America,1,170.87,0.05,CreditCard,9.0,3.5,162.33
76875,2024-10-17,ac068625-e88e-4b5d-93ba-ff5932dccf19,Automotive,Europe,1,330.44,0.0,PayPal,9.0,2.9,330.44
73619,2025-03-22,f668178c-9f6b-4893-bec5-e67ca14b1c0d,Automotive,Oceania,2,393.59,0.0,Cash,2.0,4.7,787.18
21946,2024-01-30,a6fdcef2-0f45-49d7-b685-d55f623ff9db,Toys,Oceania,2,44.98,0.0,CreditCard,9.0,3.5,89.96
30920,2024-03-25,07813300-12ac-4acf-82dc-bca23d10afa3,Home,Europe,3,50.88,0.15,Cash,9.0,3.3,129.74
18882,2023-08-03,c7f93638-213f-4464-9b14-e9504a6fde70,Electronics,North America,1,,0.1,CreditCard,8.0,3.6,175.08
73112,2025-08-05,1d9a1365-39a7-4d49-ae15-f28a90870c83,Beauty,Asia,5,100.47,0.1,Cash,1.0,3.8,452.12
57102,2023-08-24,ee27e2de-e850-4880-9077-5ad553e7b9a7,Electronics,South America,3,489.1,0.0,BankTransfer,1.0,2.9,1467.3
13155,2024-10-11,3a8b17bd-0ac3-4863-ae30-6a4aadc19d07,Toys,Oceania,5,196.51,0.05,CreditCard,5.0,4.6,933.42
87578,2023-01-07,48efd21c-36bb-4e73-87a3-5c8501ab76f5,Toys,Oceania,4,367.93,0.15,BankTransfer,2.0,3.5,1250.96
88232,2024-11-09,a0ab393c-88c8-4ded-bf6f-8c13453af993,Sports,Europe,6,424.17,0.0,CreditCard,1.0,2.1,2545.02
97727,2023-09-25,6deb86fb-1dfa-4457-b563-e9d98d52f91a,Automotive,Europe,5,100.31,0.0,CreditCard,2.0,2.5,501.55
63894,2025-01-02,2ddbe035-6e01-4dc9-9035-7ce003388a9e,Toys,South America,3,164.27,0.1,CreditCard,1.0,3.6,443.53
71404,2024-10-01,55c9caf5-cbf9-4591-ab82-5959dbfade4a,Electronics,Africa,4,477.58,,BankTransfer,6.0,2.8,1910.32
78220,2023-10-20,c87e488f-c019-457a-aa7f-521ba4fae839,Fashion,Asia,1,216.69,0.05,PayPal,7.0,3.7,205.86
87560,2024-08-05,,Automotive,North America,5,225.14,0.0,CreditCard,3.0,4.2,1125.7
23964,2023-05-12,b4863fc4-7bee-4ac4-93e2-cb6e497559cd,Automotive,Asia,1,32.52,,Cash,4.0,3.0,32.52
71926,2025-05-02,377b37a6-c8ee-4375-9bcb-1276267ea3d7,Electronics,Asia,5,313.15,0.0,Cash,2.0,4.0,1565.75
78995,2024-01-01,e84fc871-de89-4181-a99c-10dbdb44b8de,Automotive,Asia,1,276.44,0.0,Cash,4.0,4.1,276.44
19646,2025-12-05,6381bbd7-271f-4e38-a6fe-42117fe8b570,Home,North America,5,22.91,0.0,CreditCard,7.0,3.9,114.55
67587,2023-03-14,0985af3b-a920-4c94-a761-571be391927a,Home,South America,4,401.37,0.0,PayPal,3.0,5.0,1605.48
92414,2023-06-14,5503f3af-e6de-4f59-9bfa-2000f2f09c8a,Automotive,Europe,4,289.81,0.05,Cash,5.0,4.3,1101.28
9106,2024-06-08,af31dee8-81ea-4853-8415-a46760a55b8e,Sports,Europe,1,33.36,0.0,Cash,1.0,2.3,33.36
11467,2025-04-28,24d6bca4-517f-4719-a629-a922153f1e28,Fashion,Oceania,3,488.75,0.1,CreditCard,5.0,3.9,1319.62
83198,2023-09-07,0551615c-3ce0-497d-9303-0508fc5c9f96,Automotive,North America,2,276.05,0.05,CreditCard,1.0,3.0,524.5
51896,2023-01-14,1e177178-8eec-4bf2-bade-297e1fd81ffc,Sports,Oceania,1,390.2,0.05,CreditCard,6.0,4.9,370.69
20154,2023-08-03,536debcf-6eb5-4aa3-a2c6-efc7937b9d47,Beauty,Africa,4,218.37,0.1,CreditCard,9.0,2.7,786.13
38712,2023-08-20,21fcc000-f37f-4265-8db9-372a752e9456,Fashion,Asia,2,265.91,0.1,CreditCard,1.0,2.1,478.64
84038,2023-01-06,0dd18a6d-63a8-47b1-8532-50d5c30447e5,Fashion,Oceania,5,433.7,0.0,PayPal,4.0,4.7,2168.5
85143,2024-09-14,2accc477-ebd3-4ebb-a31b-10d19c6b0f4d,Automotive,Oceania,5,,0.0,PayPal,7.0,4.9,64.75
94397,2025-10-01,f612a408-b7b1-4bd0-a1ec-21513a6b1f24,Home,Africa,5,369.52,0.05,PayPal,7.0,4.8,1755.22
11835,2024-03-19,cfd3aab2-3365-425b-a592-2f7ad525aa88,Automotive,South America,1,425.76,0.0,Cash,6.0,2.2,425.76
53516,2023-01-18,2e256d8e-3429-4857-9753-824f2fff1263,Fashion,Europe,4,199.95,0.0,Cash,3.0,3.5,799.8
72691,2023-11-05,0de8ef01-ce23-47d9-8676-192b0d891a90,Fashion,North America,4,39.213,0.0,CreditCard,8.0,2.5,156.85
54017,2024-03-18,4cfa8966-fd33-4f49-aa86-961aa59e126f,Automotive,Oceania,3,103.19,0.0,Cash,7.0,4.0,309.57
84710,2025-12-18,f038525d-ffcd-4dbd-96aa-a79425f0994e,Home,Europe,1,272.24,0.0,PayPal,5.0,3.3,272.24
28324,2024-10-15,ce76a365-16bf-4177-b142-282f8f4eddd1,Electronics,South America,1,83.38,0.0,BankTransfer,5.0,2.0,83.38
38125,2024-10-16,88a97690-f9fd-4346-9578-e79e8c7f399a,Toys,Asia,2,457.32,0.1,BankTransfer,8.0,3.0,823.18
94766,2025-12-15,e4fb1e59-0626-4c64-9d0d-074cc429693b,Home,Europe,3,493.07,0.0,CreditCard,4.0,4.4,1479.21
99356,2023-11-21,e2775db5-ec2f-44a9-a1bb-bc3c9bc16986,Home,Asia,5,101.034,0.0,Cash,6.0,4.5,505.17
75435,2024-09-30,3a762377-6f61-4575-8d7f-bb4293c6bf75,Automotive,South America,5,40.02,0.0,CreditCard,2.0,3.6,200.1
44099,2025-12-29,2a6c871b-cf75-41db-be38-46513ff85953,Toys,Africa,2,67.88,0.05,BankTransfer,7.0,3.5,128.97
36194,2024-07-22,2ef49ce2-dae5-4aea-84f9-d5f93b821b5c,Beauty,Africa,1,53.92,0.0,BankTransfer,3.0,2.2,53.92
54668,2025-08-07,be9f4666-58a8-4bdc-aa83-66e92fee273c,Fashion,Asia,5,457.26,0.0,BankTransfer,8.0,3.9,2286.3
56597,2024-05-01,d48fcfea-1dd8-4835-ba0d-e9883830b360,Home,Europe,2,351.07,0.05,CreditCard,5.0,2.9,667.03
47543,2024-02-16,7ce20ae4-162e-4cca-8b47-89e83a9871c9,Home,South America,3,249.38,0.1,BankTransfer,6.0,2.9,673.33
9621,2024-05-03,746cff4e-019c-4251-9590-65fa795581fa,Automotive,Oceania,4,123.65,0.0,BankTransfer,4.0,2.7,494.6
2321,2023-10-09,edbc36d8-9a30-4096-9977-66bea71c8948,Fashion,North America,2,107.69,0.15,CreditCard,1.0,2.8,183.07
34864,2025-09-21,2f6b95a6-dccd-4ade-b565-53d19b0b93f2,Automotive,Asia,5,358.64,0.0,CreditCard,2.0,4.2,1793.2
77447,2024-05-14,3e2823bc-d3c9-48ba-879e-768e7c7c4828,Beauty,Africa,1,251.69,0.1,CreditCard,2.0,2.1,226.52
3183,2024-08-22,d7be7b4f-b967-4dc6-96fd-d1a5f17312f4,Automotive,Africa,3,442.03,0.0,PayPal,8.0,2.3,1326.09
20264,2023-01-05,8e5f26da-1f1c-4b2e-8e29-b6421e03c243,Sports,North America,1,286.11,0.05,PayPal,7.0,3.6,271.8
91238,2025-08-03,68695f07-1550-41d0-97af-dba2d50d90c4,Home,Asia,2,125.69,0.0,Cash,1.0,3.9,251.38
44613,2024-05-18,b2a7931b-13f0-4259-8497-f15da449d83b,Toys,North America,2,404.72,0.0,PayPal,5.0,2.2,809.44
56541,2025-04-27,e5b729e9-10a5-4194-b61a-658970f4e3ff,Electronics,Africa,4,120.76,0.05,Cash,7.0,4.6,458.89
85861,2023-03-28,5e21744c-7e62-4d6d-877c-a8192d9164a3,Fashion,Europe,2,172.13,0.15,PayPal,8.0,2.7,292.62
29945,2025-10-31,423f023e-666c-4ee8-9cfc-664da485a68b,Electronics,South America,1,349.7,0.1,BankTransfer,9.0,2.9,314.73
14897,2024-07-24,ea1197f6-bf67-498b-a280-15820e074ee9,Electronics,Asia,3,134.08,0.05,PayPal,3.0,4.2,382.13
4104,2024-04-06,0ddb0654-ce19-4f51-9da8-b3919494065d,Beauty,Oceania,3,388.56,0.0,Cash,6.0,3.7,1165.68
9509,2024-01-24,e4af65aa-08f3-43a9-9398-592b698681df,Toys,Asia,3,137.58,0.2,CreditCard,9.0,3.7,330.19
98914,2025-08-09,efd1482b-7015-45c6-874e-dfd607fa6936,Fashion,North America,4,198.9,0.0,,5.0,3.5,795.6
88045,2024-02-18,c9b8eb8c-e0c7-4c21-b578-7f56c7d08075,Toys,South America,4,224.37,0.2,Cash,5.0,3.1,717.98
36598,2023-04-07,fe498bc1-68e5-4840-9e26-24cd6a514ef1,Electronics,Africa,4,248.88,0.0,CreditCard,6.0,5.0,995.52
26704,2024-05-03,59178b75-96f7-4674-b702-f5539792cb50,Electronics,Africa,4,109.09,0.05,BankTransfer,8.0,5.0,414.54
57380,2023-06-09,26127d5b-97ed-4ca4-a339-6aa55e20d230,Sports,Europe,1,464.95,0.1,Cash,1.0,3.7,418.46
23229,2024-06-19,194a5e83-b658-4077-b428-8600ad5c5f36,Home,South America,1,479.46,0.0,Cash,8.0,2.5,479.46
52095,2023-06-08,723f4b14-4a9a-43af-94f1-edf3da3dd3d2,Automotive,Africa,5,236.4,0.15,CreditCard,1.0,4.8,1004.7
47668,2025-11-27,70a8f0df-25b5-4d9a-b446-37fe20b5cbba,Home,Africa,5,405.144,0.2,CreditCard,6.0,3.7,1620.58
33309,2023-02-03,d57af542-4027-4ec7-aedb-93bd2eadb530,Fashion,Europe,2,475.65,0.1,BankTransfer,5.0,2.6,856.17
76501,2023-04-09,263121f4-c864-4829-8b6b-61ace474de7c,Sports,Oceania,3,283.46,0.0,CreditCard,4.0,4.4,850.38
71553,2025-10-29,8d1ff9c1-9012-4bad-8175-284e65f1c06f,Sports,Africa,1,191.5,0.0,PayPal,2.0,2.6,191.5
22933,2023-09-09,c526e125-6d25-4689-9b74-b16bc33be859,Beauty,North America,4,256.98,0.0,Cash,6.0,2.0,1027.92
77434,2023-01-22,71945c2d-129f-48b1-b6b3-b7b0b4fb02fa,Automotive,South America,5,430.21,0.1,BankTransfer,5.0,3.5,1935.94
7951,2025-11-20,0f34bd08-8e10-43c7-8b4b-af231c4dacfd,Fashion,Europe,4,88.767,0.0,BankTransfer,9.0,4.7,355.07
90553,2024-10-10,aa6363cc-a394-408d-9d2b-a9ccc7f3ee72,Fashion,Oceania,4,437.54,0.0,BankTransfer,7.0,4.9,1750.16
17426,2024-03-27,4be7982f-c758-401d-9495-2c71437761e0,Beauty,Africa,2,148.9,0.1,,6.0,2.2,268.02
43218,2023-03-22,e95b6461-c35f-4e4e-822c-d1cd42a080ef,Beauty,South America,1,479.7,0.2,PayPal,5.0,3.7,383.76
62940,2025-03-28,045dbe94-2084-4acf-af90-3653de1c5838,Toys,South America,5,118.49,0.0,PayPal,8.0,3.3,592.45
87531,2025-01-26,b6b0eef8-e0dd-47c6-9f80-44eef0b9cd2c,Sports,South America,3,65.92,0.0,PayPal,8.0,3.0,197.76
52716,2025-06-27,555c56b4-fb4f-405a-973a-346817e3add9,Fashion,Europe,5,156.09,0.0,BankTransfer,9.0,2.8,780.45
54553,2023-10-25,bfe9aa03-b057-48c9-b0e1-661653fddaa7,Automotive,North America,2,44.45,0.05,PayPal,6.0,2.1,84.46
95158,2025-08-18,6be5ff3a-9931-415c-aba5-68de88dc7289,Toys,Asia,5,432.87,0.1,CreditCard,7.0,3.3,1947.92
26330,2023-11-15,28848e97-5a69-4dab-9d1b-779dcc2d9252,Sports,North America,2,216.342,0.05,BankTransfer,5.0,4.0,411.05
85684,2024-03-20,a0836439-c972-41eb-8307-146ce4303229,Toys,Europe,3,99.03,0.05,Cash,9.0,3.7,282.24
9123,2024-10-13,52949fbd-1243-4159-9df5-6402492ca612,Beauty,Oceania,4,102.16,0.0,CreditCard,1.0,4.2,408.64
47723,2023-07-01,2e75929a-8700-45e1-8b48-9b5b6f53ced6,Toys,Asia,3,433.07,0.1,CreditCard,5.0,4.1,1169.29
27284,2025-07-04,03dbf2e1-7a02-4643-bf8a-57b07af627ec,Electronics,Africa,3,472.35,0.0,PayPal,3.0,3.2,1417.05
94491,2023-06-19,bd8bfb67-d82d-4c61-9486-27032b66b8ec,Home,Africa,3,448.77,0.1,PayPal,8.0,2.2,1211.68
63952,2025-07-22,c7560755-74c8-4097-9d4c-069c7bd9412d,Toys,Asia,1,485.2,0.0,BankTransfer,8.0,4.8,485.2
8666,2023-05-19,c881464b-c358-4cfb-875f-a0cf4974e1b7,Automotive,Asia,1,482.05,0.15,PayPal,2.0,2.7,409.74
71110,2024-11-11,5875b25b-9143-47bc-9373-3517c2696f5a,Fashion,South America,2,320.625,0.05,PayPal,2.0,4.8,609.19
40269,2025-10-29,932c33d4-7480-4629-bf0c-8f4ebc603126,Sports,Asia,3,482.5,0.05,BankTransfer,6.0,2.1,1375.12
84694,2024-11-07,59d68aea-76c4-4caa-b2fa-6763886162d9,Beauty,Europe,5,344.646,0.0,BankTransfer,8.0,2.6,1723.23
51850,2024-05-26,dd068b8c-2680-4974-bcec-f63d43603bb9,Sports,Europe,2,137.76,0.0,PayPal,2.0,2.7,275.52
68993,2023-02-27,853e8748-efff-4274-9edc-ed90884195e4,Sports,Oceania,5,367.78,0.0,Cash,5.0,3.0,1838.9
20951,2023-01-13,0daf3372-5405-40ca-9291-a86873b6311f,Automotive,North America,5,286.43,0.0,PayPal,3.0,5.0,1432.15
6319,2024-02-11,40b1fb20-d9eb-4495-9d7e-cb5f2b4786c5,Home,Africa,4,226.03,0.15,PayPal,6.0,4.8,768.5
275,2024-04-20,9793b9b4-1374-4146-b2c5-bd89b70b3420,Toys,North America,1,264.96,0.05,Cash,8.0,4.9,251.71
44938,2023-11-29,e3a953a9-6489-4728-ae51-61d5d9d07971,Home,Africa,5,173.259,0.05,PayPal,6.0,3.9,822.98
58636,2025-01-14,cf8307d0-afd6-4fe1-9189-51f442b6a851,Toys,North America,3,74.16,0.05,BankTransfer,8.0,2.6,211.36
77600,2024-07-02,2b0a9941-ad08-4bab-8872-544c6020c52e,Fashion,Oceania,4,66.14,0.0,CreditCard,6.0,2.2,264.56
31250,2024-08-21,d4d2db94-52ef-4d50-a330-27bb31b419a3,Toys,North America,5,375.84,0.0,CreditCard,4.0,3.6,1879.2
6579,2025-04-15,d0713654-25cb-49de-8add-f902c46ea4cd,Sports,Africa,3,189.07,0.05,PayPal,4.0,3.6,538.85
1871,2024-09-14,,Automotive,Africa,4,447.9,0.0,Cash,4.0,2.5,1791.6
42107,2023-03-28,df562fa7-b578-4233-a71f-d489ec5bb1e0,Home,Asia,2,75.68,0.0,CreditCard,7.0,2.6,151.36
633,2023-04-29,15969802-b6dd-4257-bb7d-9f1c57eb89b1,Automotive,South America,5,67.37,0.15,Cash,1.0,2.5,286.32
44797,2023-03-13,3b55ca48-d06e-42b9-8934-352cb2ebed3d,Beauty,Asia,1,344.92,0.1,BankTransfer,8.0,4.0,310.43
27980,2025-06-17,4a45609d-2350-410b-9d27-a126ed9f8d7c,Sports,Oceania,5,299.81,0.1,PayPal,4.0,3.9,1349.14
22090,2025-06-04,4cc6e7f6-f2ac-48bf-9659-38b42916489b,Beauty,Oceania,2,61.06,0.0,CreditCard,2.0,2.8,122.12
18843,2023-07-25,f1a1fe41-76ef-4c6a-86e4-743950df607e,Beauty,Europe,2,24.73,0.05,BankTransfer,7.0,3.3,46.99
26091,2024-04-16,770ad902-38ff-485f-94dc-432c6df5fad8,Sports,North America,2,317.06,0.1,Cash,,4.8,570.71
12310,2023-04-15,f980c29c-4b32-4b05-b4e4-8d5639f2eb71,Electronics,Europe,4,297.04,0.0,CreditCard,7.0,4.2,1188.16
81341,2024-11-04,fa777757-915c-41d2-b5a8-3c62e3bb935b,Fashion,Asia,6,268.533,0.0,BankTransfer,7.0,,1611.2
12061,2024-06-05,c6808f09-d3e9-41f3-baa9-b02bc819dcb4,Toys,Europe,1,254.37,0.0,BankTransfer,4.0,4.5,254.37
81103,2024-04-21,1630eab3-9ba6-4919-a32c-9f4a223d3a37,Home,Africa,1,378.14,0.05,Cash,9.0,4.8,359.23
43958,2024-08-13,c4de412a-863c-4d68-9806-bcbd3e45b500,Beauty,North America,4,463.98,0.2,Cash,9.0,3.4,1484.74
52530,2023-05-04,ea3f40e7-cc59-4f6e-ab70-b7e919b691c9,Toys,South America,3,124.64,0.05,PayPal,7.0,3.2,355.22
30534,2024-03-21,b06c5762-fd17-45aa-bd58-2d2ecc1d268a,Electronics,Oceania,2,193.86,0.0,Cash,3.0,3.6,387.72
27457,2025-02-26,09c6e178-c277-4d4b-8bd3-0a9024ed5794,Electronics,South America,4,248.88,0.0,CreditCard,2.0,2.4,995.52
41296,2024-03-02,930efd99-a5cf-4a04-a7b1-f7145d3f02a4,Sports,South America,1,395.92,0.0,BankTransfer,6.0,3.1,395.92
11498,2025-10-16,5278faea-1523-4a90-992b-ba2538e4cbdf,Beauty,South America,2,447.1,0.15,Cash,4.0,2.1,760.07
97902,2025-04-27,d06d6a99-f54b-4f4d-adb0-73e273c1f322,Toys,South America,4,344.97,0.0,CreditCard,9.0,2.4,1379.88
87708,2023-04-26,b98daf50-7fca-4b4f-b80f-1e2e2ea0a752,Toys,Oceania,3,200.05,0.0,PayPal,8.0,3.1,600.15
93388,2023-10-18,8484dc44-2dc2-4476-ba82-cbb245260dd5,Toys,Africa,5,12.77,0.05,BankTransfer,8.0,2.1,60.66
26758,2023-02-12,d1aab379-b25e-41cb-a7ee-b6c83bf67606,Beauty,Africa,1,423.07,0.05,CreditCard,7.0,4.1,401.92
89301,2025-06-28,41b79dbc-5cbf-4b5e-bd36-eec476731d32,Toys,South America,4,242.33,0.05,CreditCard,3.0,3.2,920.85
1420,2023-05-17,cf2e3296-7184-4713-a55f-65b7e709fba6,Toys,Oceania,2,227.32,0.0,CreditCard,2.0,4.1,454.64
55537,2024-08-07,5e19c478-4143-4597-9ea7-5453f2506a88,Automotive,Europe,3,53.27,0.05,CreditCard,3.0,4.9,151.82
40931,2024-12-23,2ad95f99-ee13-44d8-8531-2f2b811660f9,Beauty,Africa,4,441.9,0.1,PayPal,4.0,4.3,1590.84
92432,2024-04-10,1c42398a-d337-4e70-8103-158395c91b4e,Toys,Europe,5,398.0,0.1,Cash,2.0,3.4,1791.0
15534,2025-11-21,c1840a08-c0b0-4405-996e-5344850d3ae1,Automotive,South America,3,27.459000000000003,0.15,PayPal,4.0,4.3,70.02
28036,2024-08-04,2243e46c-b32a-44c3-b66f-200dbb0f5aea,Home,Europe,3,335.64,0.0,PayPal,1.0,2.4,1006.92
55807,2023-08-31,6240d7eb-8e15-480f-87a6-d638c63e48d3,Toys,North America,3,308.84,0.0,BankTransfer,3.0,3.0,926.52
79952,2023-02-03,d9d6a4a0-2506-4256-b1e8-8d0aed5bbf60,Beauty,Europe,4,232.72,0.1,CreditCard,4.0,2.3,837.79
21922,2025-09-25,5be1c022-1361-4113-85db-1d9af19dba69,Fashion,North America,5,10.92,0.0,PayPal,3.0,2.1,54.6
55349,2025-12-27,af95ac1f-a9f0-4d2c-b883-c726698d7a63,Toys,North America,3,8.19,0.0,Cash,9.0,2.8,24.57
44404,2024-01-02,f6e920ac-3733-4608-bc3c-bbb94c63c61b,Electronics,Africa,4,303.42,0.15,PayPal,9.0,4.4,1031.63
6810,2023-04-12,28791fa4-7a80-4dd0-8286-2014ff41e2a0,Sports,Africa,1,389.35,0.0,Cash,1.0,2.6,389.35
88375,2025-12-10,7cbbb57b-a29f-489c-aec8-21b5bd3b46e2,,South America,2,15.49,0.1,CreditCard,8.0,2.6,27.88
17110,2024-01-16,80fbdb3e-9bda-498e-83cf-a636b3cbbe72,Toys,Oceania,3,387.52,0.0,CreditCard,3.0,4.4,1162.56
11804,2024-05-16,489fc777-1b98-44c5-afd8-178299a1a943,Beauty,Europe,1,438.77,0.0,BankTransfer,8.0,4.0,438.77
50359,2023-11-27,e25e9dde-ef1e-47b7-9f20-18e52a4ec91a,Electronics,South America,4,52.128,0.05,CreditCard,8.0,3.4,198.09
22257,2025-04-03,18a30a0c-1c55-449e-9c0e-11f26e6af823,Automotive,North America,4,88.22,0.0,PayPal,8.0,4.3,352.88
78631,2024-09-06,6d46ebb5-c4bd-4247-b20a-67d6c9442628,Automotive,Oceania,2,308.74,0.05,PayPal,9.0,4.5,586.61
54345,2023-08-16,47f3549b-213c-4d7e-8572-39d66ffeb5a9,Electronics,Europe,3,227.1,0.0,PayPal,4.0,2.0,681.3
3581,2024-06-12,91788bdd-4dfb-4b6e-a025-7194c903cc1d,Automotive,South America,3,326.65,0.15,BankTransfer,5.0,3.7,832.96
77478,2025-08-30,65f08334-cae9-418a-aef4-4bdc1b4d4def,Sports,Africa,5,203.08,0.1,CreditCard,4.0,2.1,913.86
53170,2024-06-14,a749e7d7-2411-4077-bdcc-f2e173d2b8bf,,Europe,3,359.41,0.0,Cash,6.0,4.2,1078.23
4473,2024-12-20,6680c5e3-363c-4c32-be3e-14022008bd4c,Sports,Oceania,4,156.64,0.0,CreditCard,5.0,3.7,626.56
11288,2024-07-01,37ec649a-3964-4f48-8cfa-eea8e395f2fc,Fashion,Oceania,1,87.33,0.05,BankTransfer,4.0,4.5,82.96
94297,2024-08-30,ec0a9fa5-713a-40db-ad56-f480a68f48f4,Home,Asia,4,417.43,0.0,CreditCard,3.0,4.3,1669.72
37647,2024-08-31,46ca3f98-5e19-41cf-b06d-487dbaa8967b,Automotive,Oceania,2,95.31,0.0,Cash,8.0,3.2,190.62
88215,2023-07-13,4cdf781d-762f-4404-a94b-4729be578609,Automotive,Asia,1,452.62,0.1,Cash,6.0,4.8,407.36
80995,2023-02-03,74472f9e-6cf6-4c4b-b8d1-13874b3eedd6,Electronics,Asia,5,190.82,0.15,Cash,2.0,3.9,810.98
74893,2025-08-29,fa0efa76-a448-4e55-9124-7a25124884d1,Sports,Africa,5,176.43,0.05,Cash,7.0,2.4,838.04
91788,2024-07-05,5cedfc38-5c30-45d9-b211-3cc07108a855,Automotive,Asia,5,205.31,0.05,Cash,5.0,4.4,975.22
71759,2024-02-26,89125962-579a-40d6-964a-a98ecb44e051,Automotive,Africa,2,313.99,0.05,BankTransfer,,2.6,596.58
22989,2024-12-21,ac070dc2-d127-4718-94b2-a1fa2cafd8c0,Toys,Europe,5,54.06,0.0,PayPal,2.0,2.4,270.3
20182,2024-03-06,c458a3bc-4cfd-486c-95e6-438b370c0904,Home,North America,1,149.45,0.15,PayPal,6.0,2.7,
23945,2025-05-12,9b3f4791-382b-41e7-82b8-8a90f8278a72,Electronics,Europe,5,101.67,0.1,Cash,6.0,3.3,457.52
29522,2025-09-27,b778ea24-d3bf-47ab-a8f4-dd83a91f262e,Electronics,Africa,4,244.68,0.05,CreditCard,7.0,4.9,929.78
47037,2025-09-17,a79f41d8-8abf-4736-a514-b571f75602ec,Electronics,Europe,2,454.52,0.1,BankTransfer,,3.1,818.14
48858,2024-01-14,bf539a64-2727-4262-9dfc-765595359336,Toys,Oceania,3,95.21,0.05,PayPal,8.0,4.6,271.35
27438,2025-11-29,5a41e7f9-6137-4bba-a8f4-5ce307460647,Electronics,Asia,4,436.167,0.0,Cash,3.0,2.9,1744.67
1715,2025-06-02,e3ea2d7f-c219-4845-99eb-404c1851d1cf,Fashion,Africa,1,102.71,0.15,PayPal,7.0,4.2,87.3
4942,2025-10-17,2e2d0681-a8b2-4070-9b18-72ac78c4c27f,Automotive,Asia,2,68.99,0.2,CreditCard,8.0,2.8,110.38
84510,2023-09-18,d4f07021-45af-4041-849c-d82684ed89d5,Sports,Asia,2,100.29,0.15,PayPal,2.0,3.3,170.49
82629,2025-10-06,08b6d455-3618-47a5-8bf3-695bc1d7f12a,Toys,Asia,2,478.91,0.0,CreditCard,4.0,2.5,957.82
39445,2025-12-21,f5b68a44-f4ca-42a6-a4b2-6f7546011655,Toys,North America,2,122.36,0.15,BankTransfer,8.0,2.6,208.01
29132,2025-12-05,9b2a50be-2d34-40c8-a198-1a4bd1da128e,Beauty,Asia,1,332.48,0.0,Cash,1.0,3.7,332.48
8342,2025-06-27,0abdbcd1-782c-4fec-9e5d-78a1c5bdb495,Automotive,North America,3,334.68,0.0,CreditCard,8.0,4.7,1004.04
25378,2024-01-14,1e844654-1802-4fae-aa5c-384073b0e41e,Automotive,Oceania,2,108.42,0.15,BankTransfer,4.0,4.6,184.31
87380,2023-11-25,9d58b4b6-2455-47cd-b465-f27c0bd174a7,Toys,Africa,4,139.383,0.0,CreditCard,7.0,3.0,557.53
75099,2024-04-07,cf36405a-1b6c-4aa7-80a7-bdd43c5d46b9,Beauty,North America,2,9.5,0.15,BankTransfer,3.0,2.7,16.15
82673,2023-04-15,01734b80-3566-4cd6-a1a3-83afe9c9d5df,Fashion,Europe,3,39.61,0.05,CreditCard,3.0,2.3,112.89
30835,2023-03-03,23aa1a48-f1d8-472a-8b84-4ffe1b312cfb,Home,Oceania,4,479.14,0.0,BankTransfer,5.0,4.3,1916.56
42308,2025-08-22,a4862510-83f5-4a4a-a294-7417b5251bb2,Beauty,Africa,4,9.0,0.0,BankTransfer,5.0,4.1,36.0
70091,2025-02-16,4080609b-7da5-4e11-8bd7-e2af5bb4065b,Electronics,Asia,1,71.68,0.05,PayPal,1.0,4.7,68.1
54494,2023-08-30,8d7d0733-f080-4087-ab99-89e68999b115,Fashion,Oceania,1,452.02,0.0,BankTransfer,9.0,4.3,452.02
4185,2025-09-06,460db751-39cb-441a-8c50-1beade6d4e25,Sports,Africa,3,479.93,0.1,CreditCard,1.0,4.7,1295.81
92097,2024-12-22,ca25e736-5599-4673-ae3e-18742f41130f,Home,North America,5,51.62,0.15,Cash,2.0,2.8,
78839,2023-09-22,474c3800-7612-4aca-8a54-399f62d0e1a5,Home,Africa,3,178.79,0.0,PayPal,7.0,4.9,536.37
38110,2023-09-29,7d356436-de32-4e32-9cf9-9c462e8ca926,Automotive,Europe,3,400.25,0.0,PayPal,9.0,2.1,1200.75
38267,2023-10-08,59e17057-4960-4b1d-a387-716a654def5e,Home,Oceania,2,181.52,0.1,Cash,3.0,2.2,326.74
467,2024-12-23,c958e75e-21d5-4971-b367-49b52cf6bf75,Electronics,Oceania,4,483.19,0.0,Cash,4.0,4.1,1932.76
80727,2025-07-17,a3d07cdb-c18d-4deb-bcf5-3f0d8c60722d,Fashion,Africa,3,443.85,0.0,CreditCard,4.0,2.3,1331.55
69318,2023-07-14,459bb4e0-0568-4120-b8b2-7455ccd7131d,Fashion,South America,1,276.13,0.05,Cash,6.0,3.1,262.32
16333,2023-07-07,b5e2cf5d-4547-48d9-90d1-cc8aeb0a0a80,Fashion,South America,1,156.39,0.0,Cash,1.0,2.2,156.39
39809,2025-04-23,4d98d213-b88d-4e86-bbda-a272dc01b23e,Toys,North America,5,426.14,0.0,Cash,5.0,2.3,2130.7
65343,2025-06-09,3b0c0fcb-ea2a-4e03-822b-1acb37622fda,Toys,Africa,2,405.81,0.15,PayPal,8.0,2.0,689.88
12952,2024-05-03,ea2aaae9-60a6-4e36-85d9-6457a10db698,Electronics,Oceania,3,38.85,0.0,PayPal,4.0,3.3,116.55
38834,2024-05-01,6c022dce-a9cd-4c15-a615-fdc694ebfcce,Beauty,North America,1,474.33,0.0,Cash,6.0,3.9,474.33
31571,2024-08-21,1eb00c17-3971-40cd-bfed-8f164ff29102,Home,North America,2,52.23,0.0,Cash,7.0,2.3,104.46
34581,2025-07-24,cbd03adb-ef08-458a-990a-a63c88acd319,Toys,North America,5,441.4,0.1,CreditCard,6.0,4.3,1986.3
19912,2025-04-28,73ceca7e-5cc1-43c1-aa1b-645781c6ef8e,Sports,Africa,5,377.12,0.0,CreditCard,8.0,2.6,1885.6
85971,2025-06-11,306bc044-e7c1-4395-81d6-a86717e9d585,Toys,Europe,2,25.15,0.1,CreditCard,9.0,4.0,45.27
28367,2024-12-10,24478e0a-45e2-4ee1-add5-5c3c8c7c0585,Automotive,Oceania,2,160.05,0.0,Cash,1.0,4.7,320.1
5717,2025-09-19,4cca3dda-7cbb-4627-9929-c7c73709d7d3,,Europe,4,144.95,0.2,BankTransfer,4.0,3.9,463.84
35333,2023-01-26,09dfd4cb-c345-4871-8e3c-f9737d1b51a9,Fashion,Asia,4,143.21,0.05,PayPal,1.0,2.4,544.2
23609,2024-03-21,eefaacd2-6263-48fd-a159-cf7f8be0685e,Sports,North America,3,89.82,0.0,CreditCard,6.0,3.8,269.46
26051,2024-06-05,b59f3eec-1552-4035-99d5-0ca1fc821162,Home,Europe,2,329.95,0.1,Cash,6.0,4.9,593.91
53039,2024-08-11,c4b6605f-72c6-4219-aee2-a4775ac5edbd,Beauty,Asia,1,24.51,0.0,BankTransfer,9.0,3.6,24.51
23296,2024-06-17,b902f4e6-8e97-450e-8b79-6616ac63bd84,Automotive,Africa,1,165.35,0.0,BankTransfer,6.0,4.0,165.35
47330,2023-06-15,64acbdac-7d9c-429b-8ec5-1daa1da5c353,Beauty,Asia,5,19.52,,Cash,8.0,3.3,97.6
43717,2025-09-10,7ecee868-5b77-40a6-88a2-154c98604595,Electronics,South America,4,213.98,0.1,PayPal,4.0,3.1,770.33
7784,2023-10-02,9b48c6fb-333f-417b-a054-e592101b3c72,Automotive,Oceania,5,429.98,0.15,BankTransfer,2.0,3.6,1827.42
42103,2023-06-08,ee8749ab-6cd2-44e2-b683-35eeb9247dfb,Sports,Asia,1,451.25,0.0,Cash,7.0,3.1,451.25
35276,2023-04-27,6ef1f6e5-17cf-4588-a4f9-7edf2135f0bb,Home,Asia,3,257.54,,BankTransfer,8.0,3.5,772.62
11182,2023-12-31,20f41f0b-2401-4b6a-84f1-4a20bd7cff65,Home,Africa,3,181.22,0.0,PayPal,8.0,4.0,543.66
73913,2023-11-04,6894b02e-4993-42d4-8c5c-72e07f9aa86d,Fashion,Europe,6,43.398,0.0,CreditCard,7.0,3.3,260.39
46162,2025-04-12,b8e0b7de-d100-45c0-8497-90fe985c2090,Toys,Oceania,2,261.87,0.1,BankTransfer,9.0,3.4,471.37
23869,2023-12-25,9136224b-ae01-4721-a1f2-f52df11f86c6,Home,Europe,3,153.43,0.1,PayPal,2.0,3.1,414.26
99222,2023-04-27,ee4856af-0c4d-40ce-8ab6-a3373f1d8405,,South America,1,452.13,0.1,PayPal,2.0,4.4,406.92
71268,2023-08-06,ccd3af49-8dab-4a98-8d5e-c047e8273beb,Fashion,Africa,5,23.98,0.0,PayPal,2.0,3.9,119.9
40615,2025-12-20,bbf1eeac-c109-46ba-a772-bff7ec6696a0,Beauty,North America,2,168.36,0.0,BankTransfer,2.0,2.2,336.72
93403,2025-11-19,febbc710-1973-4634-9153-5994eafd680c,Beauty,South America,4,331.75800000000004,0.1,CreditCard,5.0,3.0,1194.33
71081,2024-02-01,800edc00-eda4-45b5-94e9-89dc6bb495b5,Electronics,South America,1,296.43,0.2,BankTransfer,4.0,4.6,237.14
62941,2025-06-28,aab6ad8e-cf56-4b52-b353-b0d9499c0dc9,Beauty,Europe,5,103.27,0.0,Cash,2.0,4.3,516.35
79970,2023-03-28,a06f631a-ba70-445a-983a-f19759822c1e,Home,Africa,2,479.67,0.1,PayPal,8.0,4.6,863.41
48814,2024-09-30,19876143-f9db-4571-9bff-50b21d75811d,Automotive,South America,5,33.21,0.05,Cash,6.0,2.6,157.75
30401,2025-10-04,b7426edd-f8bd-4ac6-9fed-7221ebcd63b3,Electronics,North America,3,191.36,0.15,CreditCard,7.0,4.6,487.97
54171,2024-09-11,c49b7f47-d6cf-4ee7-b9d0-df45cf0f8289,Home,South America,1,71.56,0.1,CreditCard,1.0,4.9,64.4
17806,2023-05-17,aa9bc58b-378f-4cc8-8d23-4a55ef71374c,Toys,Asia,3,282.85,0.0,BankTransfer,6.0,2.4,848.55
7210,2025-06-29,0bb9c606-5320-46af-beb0-b8d1e3e7e32d,Electronics,North America,4,135.54,0.05,BankTransfer,2.0,4.5,515.05
99716,2025-04-16,86082164-1219-4c26-9550-7ed42a573e8c,Electronics,Europe,2,271.86,0.0,PayPal,9.0,4.3,543.72
79577,2023-08-22,41b4fcdf-eafd-45e3-9a05-573a2336bf70,Sports,Europe,2,67.06,0.2,Cash,6.0,2.8,107.3
39302,2023-03-09,6f97d15b-d51e-4e2f-8754-15a8fc6c9331,Automotive,Oceania,2,291.39,0.05,BankTransfer,1.0,2.9,553.64
29441,2025-08-17,b98abe5f-6cbf-41fb-977b-e9e63739fcb7,Home,Europe,1,90.78,0.0,Cash,8.0,2.1,90.78
22333,2023-10-16,,Toys,Asia,1,415.17,0.0,PayPal,1.0,5.0,415.17
94065,2024-08-05,d9743227-da43-4b72-9c4c-1f300873505c,Electronics,South America,2,458.4,0.0,BankTransfer,4.0,4.5,916.8
44168,2023-05-22,116303c8-e883-44e9-a985-f85b1b583934,Home,North America,3,449.84,0.15,BankTransfer,5.0,2.5,1147.09
33370,2024-09-02,3cf1b0c4-f980-4efc-983b-9525961bac08,Fashion,Africa,2,490.85,0.05,BankTransfer,9.0,2.9,932.62
8518,2024-05-15,126f28a9-107d-4387-88c2-1370c2a423f2,Beauty,Europe,3,63.49,0.0,Cash,6.0,4.8,190.47
56804,2023-04-12,86d3905d-abf4-4cd3-9edf-4606f6f80da0,Automotive,Oceania,5,51.39,0.1,BankTransfer,4.0,2.2,231.26
652,2024-11-22,ff4625af-bd20-463b-b275-b5f3d436a7a8,Toys,Oceania,4,108.936,0.0,BankTransfer,5.0,4.9,435.74
34008,2025-06-06,2aff1065-f67f-418e-999f-68540fa02b79,Sports,North America,1,361.17,0.15,Cash,8.0,2.3,306.99
39697,2024-10-18,4e954f55-d860-41ba-8013-3ac142a4e99b,Home,South America,5,334.31,0.0,Cash,7.0,2.0,1671.55
79334,2025-02-24,6cba931b-fcdb-4082-87e1-34d8b15ca81c,Automotive,Asia,1,309.1,0.1,BankTransfer,1.0,2.9,278.19
25731,2025-12-28,a19f2ab0-c0d8-4d09-96a1-f8e2f5298b83,Toys,Africa,5,319.85,0.0,BankTransfer,1.0,,1599.25
20941,2024-04-18,677a740e-4adb-4881-85cb-135aae2f9cbf,Automotive,South America,1,380.32,0.1,Cash,9.0,3.5,342.29
74690,2023-01-01,e5b32ef9-2514-4502-ae4c-4b85110de65c,Home,Oceania,2,344.78,0.0,CreditCard,4.0,4.4,689.56
47331,2023-03-10,26242cce-dd71-417a-aa93-1fda3fe233bb,Fashion,North America,1,398.43,0.15,PayPal,1.0,4.4,338.67
41306,2024-09-07,25fc9f06-5bb1-4649-942e-24e85dcfb153,Electronics,Asia,5,233.78,0.05,Cash,1.0,4.5,1110.46
84738,2025-09-15,fe127bc2-5d7e-4d89-8e29-e60f4f2e0518,Sports,Africa,4,331.01,0.0,BankTransfer,7.0,4.4,1324.04
37546,2025-01-04,1ab9a3c6-192f-4bba-80ef-c826381f453e,Electronics,South America,2,229.62,0.0,BankTransfer,9.0,2.1,459.24
71224,2023-11-27,3f5a04f1-00de-4a64-87d2-5c511ff284c9,Automotive,South America,6,347.202,0.05,BankTransfer,1.0,2.0,1979.05
15160,2024-08-24,d6a9b899-ff90-46f4-9613-2301a4d327c3,Fashion,South America,3,497.36,0.05,Cash,5.0,3.6,1417.48
37342,2023-11-12,650c78d7-29df-4156-9605-cd5f533e5e69,Beauty,,6,16.083000000000002,0.0,Cash,1.0,3.8,96.5
44983,2025-01-14,b11f9c90-0f26-43c9-bd40-b72a8075b880,Fashion,Asia,5,491.78,0.1,CreditCard,7.0,4.1,2213.01
41223,2024-04-27,18649df3-35fc-4eeb-b1e7-9cbe45698172,Automotive,Asia,4,493.4,0.1,PayPal,6.0,3.5,1776.24
30388,2025-06-21,5a4dda5a-26c0-43c1-9f1c-f3432044df0a,Toys,North America,5,372.4,0.0,PayPal,2.0,2.8,1862.0
3787,2025-09-21,9645dec1-840d-414b-bbd5-48637974c90b,Electronics,Europe,1,274.19,0.0,PayPal,9.0,3.1,274.19
80882,2025-08-04,85f90fc6-7b34-483d-8707-12e5f2a059e3,Home,Africa,1,49.72,0.0,CreditCard,7.0,3.7,49.72
32535,2024-05-01,2811a218-42f8-46be-8275-734bd32e6fc6,Sports,South America,5,174.05,0.0,BankTransfer,3.0,3.0,870.25
22878,2025-01-22,b38f6de4-90c8-400b-bad0-8f4597826620,Fashion,South America,1,202.12,0.0,BankTransfer,2.0,3.2,202.12
59117,2025-09-04,34928a7b-42dc-4d93-a93a-04150360bd53,Beauty,Asia,5,253.25,0.0,Cash,8.0,4.9,1266.25
36658,2025-01-08,8135ce81-d1a9-4816-b4bc-4ad5834b8b6a,Beauty,Oceania,1,258.25,0.05,PayPal,8.0,2.8,245.34
29675,2024-02-24,ac100258-f97c-493a-b1e8-24e81c3618b1,Beauty,Asia,2,310.74,0.0,PayPal,8.0,4.6,621.48
77631,2024-03-25,2f3c077e-7777-41ce-aed3-c4c96303aee2,Automotive,North America,5,262.14,0.0,PayPal,7.0,2.5,1310.7
23620,2024-02-23,d7b93d73-7455-4d86-b4c5-ec98b1751d57,Electronics,Oceania,5,90.65,0.05,CreditCard,4.0,4.1,430.59
17712,2025-06-02,2722e695-4618-4f72-aeec-67d5e942c749,Electronics,Europe,4,217.88,0.2,Cash,2.0,2.5,697.22
12903,2025-06-28,6c99b726-95db-4721-ac60-7079ca9d32b9,Toys,Africa,2,390.26,0.0,Cash,5.0,3.3,780.52
80625,2025-11-18,44ac08be-4648-480d-ae6a-485299f0e968,Fashion,Africa,2,205.974,0.05,PayPal,6.0,3.8,391.35
93602,2024-07-04,38aa22b4-bdb3-40de-92cf-17aea61adc10,Home,Europe,5,100.86,0.1,Cash,8.0,3.8,453.87
68460,2024-05-15,380eb464-00a7-49e5-a09a-6d80395a8278,Sports,Oceania,1,358.85,0.0,PayPal,3.0,3.6,358.85
71202,2023-08-06,d2194c6f-86f4-432a-9bf7-e0d6fcdcf0fa,Electronics,South America,5,438.61,0.1,,8.0,2.4,1973.74
84027,2025-02-13,ea5a52e4-9830-48e4-97d6-dbfe7572c337,Beauty,Africa,5,383.62,0.0,BankTransfer,5.0,2.8,1918.1
76283,2024-01-26,c642aec4-c4d0-4ca5-a48c-b66a0ad995d1,Fashion,Africa,5,190.72,0.05,PayPal,8.0,3.2,905.92
86373,2024-08-03,1f5393b8-b774-4054-97fc-7c58ee0bc521,Automotive,Africa,3,,0.0,Cash,1.0,4.7,594.84
75874,2024-04-18,70fa41e6-51e9-4da7-8b72-edd889b6a2b3,Toys,Oceania,1,232.42,0.0,Cash,4.0,2.6,232.42
42642,2024-09-15,54210361-751f-4ec8-8c72-775d35f5b763,Home,Europe,1,491.98,0.1,Cash,2.0,3.7,442.78
89984,2025-11-28,eaac53de-c51f-4535-b5b6-20c328cb9da1,Beauty,Asia,3,343.485,0.05,Cash,3.0,3.4,978.93
60814,2024-01-23,8dfad03c-73c1-46f6-812d-0d427e81a086,Electronics,Africa,5,270.68,0.0,PayPal,1.0,4.0,1353.4
19887,2023-11-29,7cd2e58b-0d45-4fa3-b4aa-b2e1f8b9f8fe,Home,Oceania,2,134.307,0.05,Cash,2.0,4.1,255.18
77516,2024-06-16,bb9b5e21-cb6b-484c-914c-fca1f60094d8,Toys,Oceania,2,496.93,0.0,BankTransfer,1.0,4.3,993.86
47373,2024-12-03,95d01db0-2e1e-479e-aedb-379db104a523,Toys,Africa,3,151.61,0.1,BankTransfer,1.0,2.9,409.35
6782,2025-11-02,abd13f1a-3d20-4440-80cf-a44d1b7db566,Automotive,Asia,3,398.745,0.1,PayPal,7.0,2.9,1076.61
75548,2024-07-23,3637fdcb-4cfa-4de7-8da4-690a5679a226,Toys,North America,2,249.91,0.0,Cash,4.0,4.2,499.82
77629,2025-01-26,00fd5206-2ef4-4eb1-a9eb-f7828d039e8f,Sports,Oceania,3,26.42,0.0,BankTransfer,,2.5,79.26
69475,2025-12-14,532f4810-1b46-4772-a04c-5909993cf602,Sports,South America,2,423.59,0.05,Cash,8.0,2.9,804.82
50115,2024-07-23,0f99da3d-81d4-4384-a606-a2a326baa9cf,Home,Asia,5,205.53,0.2,Cash,7.0,3.4,822.12
86542,2024-04-06,,Fashion,Asia,3,447.59,0.05,PayPal,3.0,4.9,1275.63
73760,2024-04-24,50cdca52-d42d-4f06-ac6a-87638ba3f9cd,Home,Africa,4,176.57,0.0,PayPal,4.0,2.8,706.28
74723,2023-12-22,c5105f30-6e1d-48a8-8c8b-3cb7e4ea1dbf,Home,Oceania,5,74.91,0.0,CreditCard,6.0,4.1,374.55
84216,2023-08-06,833fec42-aa94-49fa-9de3-c4db9dbf8bfb,Automotive,Europe,3,50.46,0.15,PayPal,9.0,3.0,128.67
93283,2025-12-21,4ad4a29c-912b-4a83-9622-88edd81ce41b,Home,Europe,1,103.91,0.0,Cash,2.0,4.9,103.91
23445,2025-01-16,c5e3f524-41dd-4517-a192-023b91426c7d,Toys,South America,4,389.89,0.0,BankTransfer,9.0,2.8,1559.56
42612,2023-07-05,8a258ee2-29c1-4088-9f2c-246c6855390d,Beauty,South America,2,377.66,0.15,BankTransfer,3.0,3.1,642.02
65401,2024-09-26,18f56437-dc66-47f6-bd85-931776f19892,Automotive,Africa,5,459.13,0.15,BankTransfer,5.0,4.7,1951.3
18695,2025-11-03,ea468cd2-0a8e-4a0a-8d6a-8c853e4a9853,Electronics,Africa,6,280.431,0.0,BankTransfer,2.0,3.4,1682.59
82484,2025-08-28,c8866ee5-9a72-415f-99eb-dc47e054ed3a,Toys,Oceania,3,105.04,0.05,Cash,9.0,2.3,299.36
45373,2024-01-10,86131e3f-e131-48e9-a50a-e9838788b9c0,Fashion,Africa,2,41.48,0.1,BankTransfer,3.0,3.9,74.66
6212,2023-01-08,80ed319c-ef01-4e79-a9b2-4a990a8260b6,Toys,Oceania,4,112.35,0.05,Cash,2.0,5.0,426.93
1349,2023-06-13,2ab8bd33-911f-430b-9bff-00b07fe670f3,Beauty,Oceania,1,153.01,0.05,PayPal,3.0,3.9,145.36
53826,2023-01-21,e4c7f7be-8ed3-4531-a586-b31a165058be,Home,Oceania,3,218.36,0.0,BankTransfer,1.0,4.1,655.08
27791,2025-07-11,0b3cda99-dbfd-49cb-b1cd-be14c60b447c,Electronics,Europe,5,478.69,0.0,PayPal,6.0,2.7,2393.45
10103,2024-09-01,44fbb5b9-c9e5-4194-b746-682ad4e73adb,Beauty,Africa,3,126.49,0.0,BankTransfer,1.0,3.5,379.47
74002,2023-02-21,0158ad3c-0b71-40c1-b177-ea39396f10cf,Beauty,South America,1,252.7,0.0,BankTransfer,3.0,3.3,252.7
36515,2025-05-19,3bfaa9a6-7a14-4089-a366-92a900267d8c,Home,South America,2,478.47,0.05,CreditCard,9.0,3.4,909.09
757,2025-09-23,5ef787b8-f2e6-495f-b32e-2016add702c9,Sports,North America,2,265.0,0.0,PayPal,4.0,2.9,530.0
60134,2024-10-20,12155672-6d79-4bf0-ba4d-fe3d7945e916,Automotive,Africa,3,228.18,0.0,BankTransfer,6.0,2.7,684.54
16668,2023-05-24,ed3fa2a2-8eb2-452f-8f5b-2740520bacdc,Toys,Europe,2,412.18,0.15,PayPal,4.0,3.0,700.71
87958,2025-08-28,c5722afd-2dd2-4305-91a4-cc464eee85b6,,Oceania,5,232.8,0.1,CreditCard,1.0,4.4,1047.6
22477,2023-11-04,7ec98b88-0865-4caa-adf3-66012d9a648f,Beauty,South America,4,232.80300000000005,0.15,BankTransfer,3.0,2.4,791.53
52549,2023-01-02,62925d07-d853-4b6d-b23d-834671f6b88f,Toys,Europe,5,430.35,0.05,Cash,2.0,4.9,2044.16
47681,2025-08-13,7064a65b-4aa6-4a9f-865c-2dbb24246ba7,Home,Africa,2,497.33,0.0,Cash,7.0,4.6,994.66
3612,2023-04-15,14c62aba-89c2-4ba5-a48d-f4c0c330ec14,Sports,,5,262.78,0.05,BankTransfer,4.0,3.4,1248.2
65354,2023-12-15,cc7a26e9-95f3-4307-a722-ae70051ac3b9,Automotive,Oceania,1,314.35,0.0,BankTransfer,4.0,2.7,314.35
45945,2024-12-21,4ce746aa-28f5-4a00-a911-2a3ed88af63e,Toys,South America,2,229.72,0.15,PayPal,4.0,4.1,390.52
13074,2025-12-02,dbd959b8-8888-4491-a59b-918547e9773e,Home,Africa,5,112.17,0.0,Cash,8.0,4.6,560.85
42062,2024-10-02,438a229e-3ec5-4f5d-95da-25e2c0793a18,Toys,North America,5,152.9,0.0,CreditCard,9.0,4.8,764.5
94701,2025-01-23,d7d0fa7c-fff3-411a-9ba3-171730203726,Automotive,Europe,1,489.95,0.0,CreditCard,2.0,4.3,489.95
4073,2023-01-07,c572aa5b-51d4-4f72-ac77-8135fad76ab7,Fashion,,3,139.46,0.0,BankTransfer,5.0,5.0,418.38
58846,2023-01-08,26c3aaf7-d8ba-4d48-94e6-cd669be8a7e0,Automotive,Oceania,3,489.6,0.0,PayPal,3.0,4.1,1468.8
11057,2023-11-26,ba26dbc3-2d3b-4adc-a386-d673412dff6c,Sports,North America,2,431.379,0.0,PayPal,9.0,2.7,862.76
40962,2024-09-27,d22c0fcb-a709-4845-be77-12d84b89d5d8,Automotive,Europe,5,284.08,0.15,Cash,7.0,4.3,1207.34
99034,2025-12-24,c65dbe7c-afd7-47a8-adcf-cef50c0cbedc,Beauty,North America,5,96.17,0.15,PayPal,3.0,4.8,408.72
38027,2024-12-01,b10dc2ac-5b78-48cc-86f3-3d79b77fc2bc,Fashion,South America,5,427.22,0.05,CreditCard,9.0,3.6,2029.3
22388,2024-08-21,4217615d-8753-4b91-bf6a-889cd8528f07,Toys,North America,1,77.89,0.0,CreditCard,7.0,4.1,77.89
53660,2023-12-05,bf0f2743-5b54-49d1-b3b5-9e3575ee03a6,Toys,North America,1,344.98,0.1,PayPal,6.0,2.1,310.48
50408,2023-08-07,88b29829-9f4b-408f-afc3-00dfac9f37bf,Electronics,Oceania,3,334.14,0.0,PayPal,6.0,3.6,1002.42
71,2025-09-03,2a45c2ab-8cbf-4db0-b264-accc79ac1b1e,Electronics,Europe,5,123.11,0.1,PayPal,3.0,2.3,554.0
82463,2024-04-09,a23da939-7d82-4153-b800-3271d25ab894,Fashion,Asia,1,100.08,0.0,BankTransfer,1.0,4.7,100.08
80699,2023-06-09,0489ce3f-fd5e-49bf-8a3a-56f5dc9936a3,Fashion,South America,4,210.08,0.0,PayPal,3.0,4.9,840.32
80971,2024-03-13,90f347b3-451f-4cde-a956-67cdcfeaaa24,Toys,South America,3,104.69,0.05,PayPal,3.0,2.2,298.37
46184,2025-09-07,2e327d51-99a6-481d-87a1-aff81baf795d,Automotive,Asia,3,14.46,0.0,Cash,9.0,4.0,43.38
86781,2025-12-07,c830a598-e82a-4214-9be1-89ffa9993646,Beauty,Asia,2,449.09,0.0,Cash,8.0,5.0,898.18
29430,2024-01-31,47259817-ebd1-41d9-8814-78d5bbd7f2fa,Fashion,Europe,5,307.24,0.1,Cash,2.0,2.5,1382.58
46592,2024-06-12,69a3a98b-fd07-4885-9007-c897b6f6ff69,Toys,Asia,4,170.87,0.0,CreditCard,7.0,2.1,683.48
37803,2025-06-17,7f346bb4-8869-408d-a45e-a7e65cdd8430,Automotive,North America,2,169.08,0.0,BankTransfer,7.0,2.7,338.16
45932,2023-08-11,4e242519-4828-4b65-85ec-62a7779c2706,Home,Oceania,2,302.43,0.0,PayPal,5.0,3.2,604.86
23091,2023-02-20,a126d75d-14df-46cc-8686-33f62a9acf17,Electronics,Oceania,1,137.66,0.0,CreditCard,7.0,2.1,137.66
82730,2024-02-25,740d760b-3471-48ab-a18d-d61c3da7bd62,Automotive,South America,5,345.57,0.15,BankTransfer,4.0,2.5,1468.67
85792,2023-10-20,4f2057eb-1f51-4c2e-8ade-6f7fd220d426,Sports,Oceania,3,323.99,0.0,Cash,1.0,3.4,971.97
66677,2024-04-06,2a5b17f6-fe8c-4276-bdf2-612355098451,Toys,Europe,1,260.35,0.1,PayPal,2.0,3.5,234.32
91061,2023-06-19,8abad58e-2958-4581-a84c-acbbcbf6d143,Sports,South America,3,186.7,0.0,BankTransfer,3.0,3.8,560.1
72381,2025-05-27,83018793-d8d0-45f3-90d5-159604336c6e,Sports,Asia,4,70.63,0.05,PayPal,6.0,4.4,268.39
38875,2025-03-06,44f68329-42a2-46ef-a430-afa39f9cff0d,Beauty,,4,36.28,0.0,CreditCard,5.0,3.7,145.12
77691,2023-03-29,1fc5e6ef-c7bf-4d89-b050-1385c0c421e7,Fashion,Africa,2,236.38,0.0,BankTransfer,9.0,3.7,472.76
74441,2023-02-10,16d6cbf5-070b-4d17-84a4-31288a5ec26f,Fashion,North America,5,175.58,0.0,PayPal,1.0,4.1,877.9
20658,2023-04-27,60152641-bb2c-472d-8333-b0fe02759ce1,Sports,North America,3,45.45,0.0,PayPal,4.0,3.2,136.35
43510,2023-08-12,62a37e90-b97c-42da-bba2-7ffdce2b2822,Fashion,Oceania,3,388.79,0.15,CreditCard,9.0,3.2,991.41
46782,2023-03-06,c3c79a6f-302c-4608-9911-5c6d49f6487e,Electronics,Africa,4,383.86,0.1,CreditCard,9.0,3.7,1381.9
81026,2024-11-29,40dbfc66-1ea9-4ab6-9d06-5b495523cc71,Automotive,South America,4,165.708,0.0,CreditCard,7.0,3.4,662.83
44033,2024-11-09,24e071eb-a94d-4fda-b685-88e104eeb368,Sports,Africa,3,4.662,0.15,Cash,5.0,3.2,11.89
61521,2024-11-11,2cef1862-f643-4af0-ae84-4e383011230a,Beauty,Africa,3,5.472,0.0,CreditCard,2.0,2.7,16.42
91715,2025-12-10,97ae16f6-48d2-407f-83c5-dfd69ccd05fa,Automotive,South America,2,452.84,0.0,PayPal,3.0,2.4,905.68
30622,2023-11-15,81238f51-5251-4c2b-9de3-35c276252e09,Sports,Oceania,4,14.103,0.15,CreditCard,1.0,5.0,47.95
16555,2024-12-03,2f5f2368-ed33-4c9e-9216-76cbe1661340,Fashion,Oceania,4,79.35,0.0,Cash,3.0,2.5,317.4
16124,2024-05-31,897bc49d-9b41-46d4-b68c-9deaca328ebf,Fashion,North America,4,485.25,0.1,PayPal,8.0,4.3,1746.9
68289,2025-05-11,5e25b414-9f46-4965-a09d-e9ff1717f677,Home,Asia,5,235.14,0.0,Cash,2.0,4.1,1175.7
22725,2023-08-29,,Electronics,South America,4,103.73,0.0,PayPal,2.0,3.3,414.92
82850,2025-07-18,733c01a9-da73-479a-8b44-35646e924eff,Electronics,Europe,4,136.57,0.0,Cash,7.0,3.0,546.28
60148,2024-07-13,36cfe991-2efa-47cd-a711-c5cc83d5427d,Beauty,South America,2,5.82,,PayPal,5.0,3.0,11.64
69615,2025-10-21,010f339e-3246-42f3-986c-c279e03f7d5e,Beauty,South America,1,79.29,0.15,CreditCard,1.0,2.9,67.4
63183,2024-01-09,dad0cd83-3561-400b-831d-88bf2c9a0cbf,Fashion,South America,3,419.36,0.0,CreditCard,1.0,2.8,1258.08
73008,2025-08-16,c3e4f741-a316-438a-9bf2-fad14fecad08,Electronics,North America,5,58.48,0.0,CreditCard,5.0,2.8,292.4
53089,2023-02-19,99708e28-bc3e-4c2f-8663-60c00eefe207,Home,South America,3,87.56,0.0,CreditCard,9.0,4.3,262.68
79198,2023-09-29,6a44b8dd-07e9-46b0-af33-fcbb74a88206,Sports,Oceania,4,90.89,0.05,PayPal,9.0,2.5,345.38
29537,2025-07-31,762cd511-f827-4761-be1c-2f0577d15700,Automotive,Europe,5,104.95,0.1,Cash,7.0,2.4,472.28
16132,2024-08-02,15a16bb6-d43b-4ff3-8ef9-0eae8282a46c,Home,South America,5,120.19,0.0,CreditCard,4.0,5.0,600.95
64871,2025-11-08,8099d94b-e433-4515-9339-2ec04140cc02,Electronics,Europe,3,255.34800000000004,0.1,PayPal,7.0,3.7,689.44
3717,2023-10-23,247474b3-1d7d-4bb3-8e00-44e207af3b8a,Sports,Europe,1,93.34,0.0,Cash,7.0,2.6,93.34
14754,2025-03-29,34cd5d6f-52bd-407b-87b5-c69a4a13de29,Electronics,Europe,3,13.53,0.0,Cash,8.0,4.1,40.59
71713,2025-11-05,b5b20c08-98e6-4005-ab74-4ecb835b7cc5,Toys,Oceania,2,265.842,0.0,BankTransfer,1.0,4.6,531.68
88551,2025-12-08,9482c1a7-191a-4155-9da6-1d5a9b906ef3,Automotive,North America,4,221.43,0.1,PayPal,6.0,5.0,797.15
99699,2024-01-02,161e7518-ba9b-40ca-8302-bd6a5237df5f,Fashion,North America,1,235.05,0.15,PayPal,6.0,2.3,199.79
67151,2024-04-15,e8ad9302-5842-4418-b9d3-4ac5c5425acd,Fashion,Oceania,3,363.91,0.0,PayPal,9.0,2.9,1091.73
82018,2023-01-24,7b411510-dac3-48ce-961f-585a56206ef3,Fashion,South America,1,133.29,0.2,CreditCard,8.0,3.6,106.63
27546,2024-05-08,345d9ab5-c139-4404-bd9a-c43180078fdf,Automotive,Asia,5,207.49,0.15,Cash,3.0,2.4,881.83
80872,2025-07-28,55f96a6e-99d7-4baf-bae8-a90b28b9d3fb,Toys,Europe,4,190.78,0.0,BankTransfer,2.0,3.2,763.12
80252,2025-11-17,35f91835-1143-4cbb-955c-be8a16040cc7,Beauty,South America,3,279.666,0.2,BankTransfer,2.0,3.5,671.2
62650,2023-12-17,3dd79953-6a41-46cc-a3e4-065c5bd24896,Electronics,Asia,2,306.44,0.05,BankTransfer,4.0,2.9,582.24
60776,2024-04-23,4db1e182-14ae-4c8a-89a5-0218b13426ae,Beauty,Africa,3,15.05,0.0,Cash,8.0,4.3,45.15
7252,2023-12-29,e6b23125-d568-492f-9032-5480b01b5658,Sports,Africa,3,146.36,0.2,CreditCard,9.0,4.6,351.26
37883,2024-06-14,cc96d39e-2617-4619-82a5-c59e86b4b101,Automotive,Europe,4,61.37,0.0,Cash,4.0,2.9,245.48
19937,2025-09-21,8594f053-d259-4d81-9100-3543e3472f19,Beauty,North America,4,422.57,0.0,BankTransfer,3.0,4.6,1690.28
86394,2024-09-20,efb46829-a8e3-42ca-a7ee-92a99cb07e44,Electronics,Europe,2,337.68,0.0,Cash,4.0,3.5,675.36
56435,2025-05-20,a3c6e768-b465-4081-ac97-fb2625d98a02,Fashion,Oceania,4,77.63,0.1,BankTransfer,6.0,4.1,279.47
4493,2024-08-06,f56febb1-484b-424b-806e-10295b4d5bbf,Electronics,Europe,1,13.65,0.0,BankTransfer,6.0,3.2,13.65
66387,2025-08-08,a40ef7f3-80f1-4e15-909a-b03d489cfaa8,Sports,Asia,4,468.54,0.2,CreditCard,4.0,2.6,1499.33
35021,2024-07-26,f7062f38-5ab7-48e7-ba6c-2d922190ad33,Home,Europe,1,148.44,0.15,CreditCard,7.0,4.4,126.17
50519,2024-01-21,25a30516-119d-4d67-b4d8-76deffff8099,Toys,North America,1,322.08,0.1,BankTransfer,8.0,3.6,289.87
71918,2024-09-30,f8dfb1b8-88c5-4d12-9704-37cd7d708f8e,Home,Asia,3,81.02,0.1,Cash,8.0,3.2,218.75
18703,2025-11-19,0eee21c3-89a9-421c-a29a-a1476c62487f,Sports,South America,2,69.273,0.0,BankTransfer,9.0,4.3,138.55
13083,2024-12-04,b7d6a62f-9468-4f11-9150-190b5c21018d,Home,,1,299.97,0.0,PayPal,8.0,4.1,299.97
5670,2025-02-20,b68c55b2-79ac-446d-8e03-87ada246ea52,Toys,Asia,3,10.08,0.15,CreditCard,8.0,4.1,25.7
56039,2023-03-07,61caebb9-3d83-4b24-89d0-45bc49446d1e,Toys,Europe,3,272.3,0.0,CreditCard,8.0,4.4,816.9
36570,2024-08-19,2128e419-79c8-45d0-8431-bcd99d455b0d,Sports,Europe,2,368.08,0.05,Cash,8.0,2.4,699.35
1911,2025-10-22,8c8181b4-fe8b-4ccb-bd75-a5f3eeafca83,Home,North America,4,280.14,0.05,PayPal,3.0,2.2,1064.53
63551,2023-03-23,589bc62e-5784-460c-862e-8beeb7993477,Beauty,South America,3,233.81,0.0,CreditCard,3.0,2.5,701.43
74540,2025-04-01,cf5e3a1b-b488-429a-8479-dfde2f061408,Home,Oceania,2,306.21,0.0,BankTransfer,1.0,4.1,612.42
40924,2024-11-17,fec0438d-12e1-4061-998e-42bbd8d2bb04,Home,North America,2,323.226,0.0,PayPal,1.0,4.7,646.45
68590,2025-09-26,f9dc2131-5b57-47f2-a879-d48dce0333f7,Beauty,North America,2,130.93,0.2,Cash,3.0,4.5,209.49
91573,2024-09-07,d169a88b-19e8-4744-a23b-7fdadf469b4d,Automotive,Africa,5,82.31,0.0,BankTransfer,1.0,5.0,411.55
17972,2023-01-05,8dd44a0f-5d9e-4ef7-8314-2c2baa602364,Home,North America,5,195.6,0.0,BankTransfer,9.0,3.7,978.0
94385,2024-07-24,52a9ee35-620a-4a85-b942-0be271357431,Automotive,South America,2,463.32,0.0,PayPal,5.0,2.1,926.64
7390,2024-05-20,e0ebb3c7-b8a3-43fa-b769-44b886b5ca8f,Toys,Asia,3,180.86,0.0,BankTransfer,6.0,2.7,542.58
43048,2023-01-11,49e8033d-c248-4e0e-9845-1d78b82e322d,Home,Africa,3,62.04,0.0,CreditCard,1.0,3.6,186.12
72460,2023-01-01,285bb809-162e-4894-9f58-bf7d35327c67,Home,Europe,2,310.47,0.1,BankTransfer,5.0,3.5,558.85
4420,2024-08-01,fa61726a-eedf-4f78-9c99-4976008ec990,Beauty,Europe,1,489.36,0.0,BankTransfer,2.0,2.1,489.36
62333,2023-11-04,1d87de0e-65e0-4067-8dd8-03c937ed5a98,Home,Europe,3,266.607,0.1,PayPal,5.0,4.1,719.84
24007,2023-07-30,d3f3eaaf-ceea-459f-bdbc-5a27098256a4,Toys,North America,3,486.83,0.0,PayPal,1.0,3.3,1460.49
20067,2025-07-06,0e51dca6-5378-4b7c-8ac8-d16e6b8e51fd,Electronics,Asia,1,128.06,0.15,CreditCard,7.0,4.0,108.85
74846,2024-10-05,8765084a-c3f6-4bc1-9263-a26f63025b9b,Sports,Asia,2,497.32,0.0,CreditCard,4.0,4.3,994.64
37248,2025-03-15,1f48ab24-98aa-4217-857e-7b014ea0705d,Toys,Asia,3,435.77,0.2,PayPal,9.0,4.2,1045.85
45547,2024-11-25,e5a66b85-e29e-40fe-92ea-c86dfda0eaa1,Toys,North America,6,154.89,0.15,BankTransfer,9.0,3.6,789.94
7925,2025-07-21,1f8452fb-6c26-4326-8dc6-d899ee209e85,Fashion,Asia,3,173.84,0.0,BankTransfer,1.0,4.8,521.52
32128,2024-10-28,ca9e39ee-e223-431a-a21c-52593ff9de89,Beauty,Europe,2,262.27,0.15,Cash,7.0,3.1,445.86
16399,2025-04-18,76ed51d8-b8b9-4baf-841e-c2cc9fb3cbf4,Home,Asia,4,41.6,0.0,BankTransfer,4.0,3.7,166.4
47111,2023-07-19,2bf59816-9986-44b3-8e3e-6f365643ac55,Beauty,Oceania,3,132.35,0.0,Cash,4.0,4.9,397.05
89355,2023-01-13,16d0c66a-e26e-49f7-b9eb-57566dbe8cdd,Fashion,Asia,3,474.94,0.0,PayPal,8.0,3.9,1424.82
3290,2025-02-09,bca37653-50c7-4baa-aa3c-6137e48623dd,Fashion,North America,2,197.03,0.1,PayPal,4.0,4.0,354.65
64563,2024-11-16,5d893035-d07c-45d6-ad51-b71dd208d844,Home,Europe,5,143.95499999999998,0.0,PayPal,1.0,4.4,719.77
26893,2025-10-05,f57e6f5d-00e9-4548-b178-0a92e6eeba72,Electronics,Africa,4,367.43,0.0,CreditCard,7.0,3.8,1469.72
2806,2024-09-05,24a167fd-34c6-4a9b-a07c-0594b13e655f,Beauty,Africa,1,309.45,0.05,Cash,5.0,2.7,293.98
93219,2023-12-22,4ef8b478-3fa1-470a-ba2c-4666d14284f0,Sports,North America,1,310.88,0.0,CreditCard,5.0,3.6,310.88
98933,2025-02-15,2af92bf0-12a1-45c8-a6b3-0b6d4be22e6b,Fashion,South America,4,191.94,0.05,BankTransfer,2.0,3.5,729.37
68251,2025-07-18,c1791401-4152-4270-b7a2-25e237405d95,Automotive,Africa,4,450.88,0.15,Cash,5.0,3.2,1532.99
20056,2024-05-23,db9f0820-73cb-4f6b-a278-0d7437511316,Electronics,Asia,3,468.31,0.0,CreditCard,2.0,2.1,1404.93
76530,2024-10-16,a9c0e92c-853e-4264-b63f-935df74e7518,Automotive,South America,5,127.4,0.0,CreditCard,9.0,2.3,637.0
27773,2024-08-26,558d4025-1c23-4b67-9b4c-4ff965d0654d,Sports,Asia,4,117.84,0.0,BankTransfer,4.0,3.2,471.36
13944,2023-03-25,9aa0b64c-967e-4e7b-94e6-8bda68a721b5,Toys,,3,370.43,0.1,CreditCard,9.0,2.3,1000.16
64313,2023-05-05,b986671b-786b-4ef9-96c4-ad8380e0608b,Home,Asia,1,362.48,0.1,CreditCard,8.0,4.1,326.23
53520,2023-03-10,d984aca1-4956-40ae-b3de-6bad969ec315,Automotive,Oceania,5,153.55,0.1,PayPal,7.0,3.8,690.98
69592,2024-03-22,86cdc2c0-bd07-4ac5-bbee-727d9c9aaa37,Automotive,North America,4,107.17,0.05,Cash,5.0,2.2,407.25
42855,2023-07-23,86a89f38-a124-41d4-b5ce-2807034fb25b,Fashion,Africa,2,150.29,0.15,PayPal,9.0,3.7,255.49
89382,2024-01-15,92dd1868-ae7c-43d9-b44f-72b94167fd8b,Home,North America,2,425.52,0.1,BankTransfer,8.0,,765.94
66643,2024-06-25,e8417f7d-7c7e-4e90-a7d4-71e9005a89ef,Home,Europe,5,333.02,0.05,PayPal,1.0,5.0,1581.84
46617,2025-08-31,19700db9-f0e7-428d-915d-5b79ac2144c3,Automotive,Africa,4,258.84,0.05,Cash,9.0,4.3,983.59
46371,2023-02-28,6e2baa05-8715-4e37-a817-7af530c8477b,Fashion,North America,3,343.02,0.0,Cash,3.0,4.6,1029.06
65237,2024-07-28,ca10e38f-278d-4a10-9963-5d2b2c8ab416,Fashion,Asia,2,394.3,0.0,CreditCard,6.0,4.9,788.6
71944,2025-03-10,2e34c408-c7c5-48ed-834f-793bf505a92c,Home,Europe,5,318.39,0.15,BankTransfer,3.0,2.9,1353.16
10824,2025-06-15,a4768af1-9356-4b72-8163-1003b92c972e,Home,Europe,2,27.61,0.0,CreditCard,6.0,4.5,55.22
5121,2025-11-12,a8350a40-0858-414d-952a-ed00d4aa826d,Home,Asia,2,26.208,0.1,CreditCard,4.0,3.8,47.17
75402,2025-08-06,0a803acd-3264-4fac-ad57-e1210fa8d98b,Electronics,North America,4,95.68,0.05,PayPal,4.0,3.0,363.58
37222,2024-01-24,abe55017-2f0f-450b-8141-245e1bab875b,Automotive,North America,1,348.0,0.0,BankTransfer,5.0,4.8,348.0
64408,2024-08-27,54ddf73d-205a-4371-b29f-e6f9d6a22273,Fashion,Europe,1,38.01,0.1,Cash,4.0,3.1,34.21
18466,2024-03-24,0bdedc07-a969-44f6-9d21-fc63fef6cdbc,Home,Africa,5,277.67,0.1,BankTransfer,5.0,4.4,1249.52
7384,2023-11-24,31bf8a3c-5ae5-4068-92ed-9291c3da1521,Beauty,North America,2,88.767,0.0,Cash,3.0,4.5,177.53
52011,2023-06-02,01030bad-3e60-4aeb-8816-2ff7e1f07aeb,Beauty,Europe,5,70.1,0.0,BankTransfer,1.0,3.9,350.5
72689,2024-10-28,9af9b97e-804e-4737-a128-65849b4e02e3,Home,Oceania,5,226.43,,BankTransfer,7.0,4.1,905.72
39952,2024-03-01,ec63cef8-d657-484f-883f-b301f3401e5c,Automotive,Asia,1,493.99,0.05,CreditCard,5.0,3.4,469.29
12733,2024-01-15,04ba966f-809c-487c-bec6-0551a39e9671,Electronics,Asia,5,418.93,0.2,Cash,7.0,2.8,1675.72
78830,2023-02-03,bdbe08b2-c8bd-4913-be68-0fae9bfaf6d7,Sports,Europe,1,349.6,0.05,BankTransfer,1.0,4.1,332.12
71420,2025-05-10,8cee9b72-3e97-404c-afd7-071f2147d8e6,Toys,Oceania,4,316.71,0.0,Cash,9.0,4.8,1266.84
59796,2023-02-11,b8e064ff-bcf9-4e04-9789-0cf369cf7e4a,Sports,Europe,1,18.81,0.05,BankTransfer,3.0,3.8,17.87
23035,2023-07-04,e05cc03e-16fd-4f59-904a-f9e74b5e5448,Fashion,Africa,3,239.05,0.0,Cash,5.0,4.7,717.15
7702,2023-06-11,62e32fa7-f4cd-4362-834a-184284d8ec6a,Beauty,North America,2,202.8,0.0,BankTransfer,1.0,2.2,405.6
78495,2024-01-14,1be4ff2c-ece8-4bab-9d9e-57a063142d7d,Beauty,Asia,3,499.16,0.15,Cash,5.0,3.9,1272.86
16350,2024-01-07,9ffcbc21-34ce-42e9-aebc-473945dd4421,Sports,Oceania,3,111.98,0.0,PayPal,8.0,4.3,335.94
31010,2025-11-15,60d0f201-9d89-4652-be0f-d219b1d73ebb,Electronics,Asia,5,61.371,0.0,BankTransfer,5.0,3.0,306.86
79068,2025-07-15,dfb665b6-a128-449b-a16b-48e0bcd27897,Beauty,Africa,1,435.37,0.05,CreditCard,8.0,2.2,413.6
76783,2023-01-25,08485159-6240-44e5-aa9d-ba8aea66cf46,Toys,Oceania,3,496.06,0.0,BankTransfer,4.0,2.3,1488.18
32134,2025-02-02,dd839d94-bc11-4e6d-8657-52d85849b91a,Home,Europe,2,499.37,0.1,CreditCard,5.0,2.3,898.87
34515,2023-04-14,0311cfea-1cc8-400e-8e91-4d5af84f6a66,Fashion,North America,4,161.42,0.0,Cash,6.0,4.3,645.68
77931,2025-11-18,3150efaa-3c1c-4f2b-b3b0-daab2f4dd672,Toys,Asia,2,338.751,0.0,Cash,6.0,2.0,677.5
21505,2025-08-18,61bdbe67-3f0a-4ea7-9905-be03bd2e54df,Automotive,North America,5,406.62,0.05,PayPal,8.0,4.0,1931.44
52059,2024-09-20,2740dcf4-8a20-41ce-aa6a-92bdc4e964f6,Sports,Europe,2,135.18,0.0,PayPal,5.0,3.5,270.36
31149,2023-12-15,fd854fa2-eb8c-4c85-9b13-5ce8dec8551f,Fashion,Europe,5,483.28,0.0,Cash,1.0,2.7,2416.4
62428,2023-01-29,758984dc-3b52-4d98-8f6d-abf63c960407,Sports,Asia,3,276.23,0.0,Cash,4.0,5.0,828.69
89359,2025-03-06,15882e5f-974b-440c-a79e-920fae5235c5,Home,North America,3,199.59,0.0,CreditCard,6.0,4.5,598.77
33704,2025-01-14,6cab9ae0-0f22-45b6-b408-38f7fdc3bfc2,Electronics,Europe,2,453.26,0.0,Cash,7.0,3.2,906.52
48063,2023-01-27,0a5c099e-ba95-480b-9c3f-b5aef9d13adf,Automotive,North America,2,345.96,0.1,BankTransfer,5.0,4.8,622.73
87530,2023-09-15,bc7fb075-dbe5-4dc7-b956-43d201fcbb10,Electronics,South America,3,478.37,0.05,Cash,5.0,5.0,1363.35
44724,2025-04-20,45b8bacb-6ee0-4a48-8ce9-fcda50019e40,Sports,Europe,3,33.97,0.0,CreditCard,5.0,3.6,101.91
72284,2023-12-03,f57d43d4-d294-4cfe-955a-7a63ea315920,Electronics,North America,2,278.8,0.1,Cash,3.0,2.3,501.84
42273,2024-02-08,9bffa96b-b931-4d57-984f-aee4ea8da8fd,Beauty,Asia,1,31.8,0.0,CreditCard,6.0,3.8,31.8
37235,2025-06-22,240a04a9-c0db-4e13-9a25-56841ca33370,Beauty,Europe,4,140.9,0.0,CreditCard,1.0,4.0,563.6
76335,2025-07-05,11a4bf80-6505-4f90-b1fd-7143c94f45bb,Automotive,Asia,1,320.87,0.05,BankTransfer,3.0,2.6,304.83
17330,2024-09-02,ee01c05e-6cc3-4514-9257-e28815d48ee8,Toys,North America,2,257.9,0.0,CreditCard,6.0,2.2,515.8
87791,2023-11-14,af806827-e7ac-4d2e-a787-cce3687e2ea3,Toys,Asia,2,174.051,0.1,Cash,2.0,4.7,313.29
6433,2024-02-14,c8169e32-5263-4195-b729-4c21208bc725,Sports,North America,4,227.68,0.0,BankTransfer,2.0,4.2,910.72
25416,2025-08-28,c9d1504b-82ca-43de-9d9e-fc3903d2c22a,Fashion,Oceania,2,194.17,0.1,PayPal,6.0,4.2,349.51
59610,2024-11-20,76f73d0f-72d3-4ba8-922b-9ddc907c0285,Toys,Europe,4,136.84500000000003,0.1,BankTransfer,9.0,3.2,492.64
56048,2025-04-09,7f596780-7be7-4711-b95a-fa14aff4ded0,Sports,Europe,1,481.0,0.0,BankTransfer,5.0,3.6,481.0
92467,2025-11-21,4ac51aaa-8cb8-4eff-ba06-c22d569e0e6d,Sports,Oceania,6,150.696,0.0,Cash,2.0,4.7,904.18
23972,2023-05-14,29e37c0f-235c-42e3-9376-610a423920d1,Electronics,Africa,4,398.66,0.0,PayPal,5.0,3.9,1594.64
38411,2024-06-22,97573a6d-97da-460e-abdd-796c5c55dc37,Automotive,Asia,1,204.69,0.15,CreditCard,5.0,4.1,173.99
42980,2023-08-24,c495b59f-c521-470f-a3c0-209e77f95f1a,Beauty,Europe,2,256.14,0.0,CreditCard,8.0,3.2,512.28
40236,2024-08-20,f922add6-7186-4f6b-b8b1-d6d7e1e7b715,Home,North America,3,37.27,0.1,CreditCard,3.0,3.8,100.63
95950,2025-06-18,00e27fa3-4745-42f7-be0d-e86b3fa51d3b,Fashion,Europe,5,244.83,0.0,CreditCard,9.0,2.1,1224.15
84848,2025-08-17,e15dbf63-b3d3-48df-aef1-4d0c386d4f4c,Automotive,Africa,2,266.36,0.0,Cash,1.0,2.2,532.72
76713,2024-02-11,c4be67ec-7e79-4106-9344-58e1dbcffeee,Home,Asia,5,374.2,0.15,CreditCard,8.0,4.0,1590.35
17255,2025-08-10,15aa772b-e4dd-42e4-9a43-13448f30dcbb,Beauty,Oceania,5,422.21,0.05,CreditCard,8.0,3.3,2005.5
79909,2025-11-20,3827a293-f799-4a9d-92ab-a2c9a909483c,Fashion,North America,3,28.980000000000004,0.0,Cash,4.0,4.8,86.94
85388,2024-07-20,d9531d11-ee54-4bf9-9664-b3c9364a602f,Automotive,North America,3,315.72,0.0,PayPal,9.0,3.1,947.16
32891,2025-04-09,b9897c01-3ccc-438d-9c04-d57e92af7e84,Automotive,South America,5,470.93,0.0,PayPal,4.0,3.9,2354.65
40661,2025-06-04,7c057ea6-80b7-41e7-9541-7c29d8b29376,Home,Africa,2,110.97,0.0,PayPal,3.0,4.6,221.94
42687,2024-05-22,d4b09e38-dedc-4f98-8d9f-047a92c1b7b4,Toys,Africa,4,213.58,0.0,PayPal,2.0,3.9,854.32
12163,2024-12-22,6d8363da-7419-4b05-afa1-ea72999c35a0,Beauty,Africa,5,215.86,0.05,CreditCard,7.0,2.7,1025.34
95556,2023-07-19,41e07754-9f28-47e9-98e9-c72cefd75f65,Sports,North America,5,310.99,0.1,PayPal,2.0,2.5,1399.46
39446,2023-07-29,f8931f74-a3ee-4ca0-a742-d054a55d2641,Electronics,Europe,1,199.06,0.05,Cash,4.0,2.7,189.11
76175,2023-04-16,8610c316-d0c5-475e-bc27-098851b1ce09,Toys,Europe,1,35.17,0.05,BankTransfer,4.0,3.9,33.41
16702,2024-10-19,3088f44b-405d-4416-958b-867a46aee430,Automotive,Oceania,3,327.21,0.0,CreditCard,7.0,3.8,981.63
89434,2024-12-25,34b9e468-9f7b-43b6-a14d-cf973c3b41fc,Home,South America,3,271.48,0.0,BankTransfer,6.0,4.8,814.44
881,2023-10-31,43ad3d62-b17c-4b21-8dbc-2c1ca4afe7bd,Fashion,Asia,4,257.93,0.0,CreditCard,9.0,3.1,1031.72
68728,2025-10-02,be340ce7-de70-4ff7-afb7-1f57cc1472ae,Fashion,Europe,1,351.39,0.05,Cash,1.0,2.2,333.82
86866,2025-05-19,4c63732f-ecde-41c5-bf53-ec3ccc4e89de,Electronics,North America,2,131.9,0.05,PayPal,9.0,2.2,250.61
27054,2023-06-06,1f1300c0-c9dc-43aa-a819-40bd51816c0f,Electronics,South America,2,472.06,0.15,BankTransfer,2.0,3.3,802.5
91205,2023-02-22,150eac90-e170-43e5-bfc2-8199bd571e89,Toys,North America,4,470.26,0.2,CreditCard,2.0,4.5,1504.83
46508,2025-05-28,7aa55e91-e3b6-4018-a28b-1f3952977033,Beauty,South America,5,441.44,0.0,CreditCard,6.0,4.9,2207.2
41760,2025-09-22,8811f11a-2011-48a9-94cf-556290d004b0,Electronics,Asia,3,252.74,0.0,Cash,6.0,4.2,758.22
99152,2025-05-02,691cbc0c-7785-4a94-b33f-b753be012bfa,Fashion,South America,4,234.03,0.15,BankTransfer,9.0,3.9,795.7
35200,2024-06-21,15559318-c7d5-4015-8d8d-fdb1b951d034,Toys,Europe,4,148.02,0.0,CreditCard,1.0,4.0,592.08
90799,2023-10-15,defa0011-fc5a-493e-bb70-b7810ca6f40e,Automotive,South America,1,460.15,0.2,Cash,3.0,4.8,368.12
80551,2023-11-23,358e6ba2-9403-410a-a358-adbddea868da,Home,South America,5,91.098,0.0,Cash,8.0,4.4,455.49
97418,2025-03-25,89e1404c-cf0f-45c6-a195-163c1db9d6f5,Electronics,Africa,4,290.3,0.0,PayPal,7.0,4.1,1161.2
6692,2025-12-23,aac5e8a3-2567-4f2a-9227-b7accdca6bef,Electronics,North America,2,270.91,0.1,CreditCard,3.0,2.9,487.64
31367,2025-06-27,10c55a1b-f39b-4e07-9f23-133d37de78b5,Beauty,Africa,5,86.53,0.0,Cash,8.0,4.9,432.65
98796,2025-08-16,d4f8d7c3-f2ad-4ec9-9751-a07d100220f1,Sports,North America,5,178.65,0.1,BankTransfer,4.0,4.1,803.92
50872,2025-10-21,15981eaf-962f-47ec-8fc1-52b2cd650b68,Beauty,South America,1,274.0,0.05,CreditCard,5.0,4.3,260.3
86906,2024-05-28,0a609a44-d558-4631-82b8-78440102c253,Fashion,Africa,5,241.26,0.0,Cash,3.0,2.4,1206.3
492,2023-06-01,5efa9c5b-7421-4f46-a37e-4b0122bae10e,Fashion,Asia,5,341.41,0.05,Cash,6.0,4.3,1621.7
37926,2024-11-28,ed9384c1-2a9f-4a5a-9e61-af453cd76bc9,Toys,Asia,5,105.318,0.0,CreditCard,5.0,2.4,526.59
74866,2025-02-16,1eabb6f1-3114-4744-b15c-ffc9c3397b73,Fashion,Europe,4,276.86,0.0,CreditCard,1.0,3.4,1107.44
83594,2024-03-03,245520fb-b141-4d57-b86c-2f9e1fbf068b,Automotive,South America,2,478.73,0.15,Cash,6.0,2.9,813.84
64117,2023-09-28,54895d64-f8b5-44f6-a20d-53f23b12e490,Automotive,South America,4,200.1,0.0,CreditCard,6.0,2.6,800.4
58851,2025-08-21,4c335465-4506-4a17-8cd5-c00ee2fc182e,Home,North America,2,398.02,0.05,CreditCard,5.0,3.8,756.24
88236,2023-12-28,bb35cc3e-e5a2-438d-b68e-586655d157b4,Home,Asia,1,329.89,0.0,PayPal,2.0,2.2,329.89
77699,2023-05-21,21c96a4f-f984-4c17-9ccc-55ce1559eb30,Home,Africa,4,156.68,0.0,BankTransfer,2.0,2.1,626.72
424,2025-09-11,a075e927-5110-4492-b442-7e0b61484bb3,Electronics,Oceania,4,218.11,0.0,BankTransfer,1.0,3.0,872.44
24403,2023-10-13,743dd327-c8be-476c-8128-62e454e03a5f,Electronics,South America,5,65.61,0.05,BankTransfer,2.0,2.9,311.65
30311,2025-01-14,d4f90c7e-df70-4c5e-aaf4-596fd43e526e,Home,Asia,3,277.01,0.0,PayPal,3.0,2.9,831.03
53836,2025-03-21,ebfb7179-1fbc-49d2-bae8-d68a4b7215b1,Automotive,Asia,1,71.74,0.0,BankTransfer,3.0,3.6,71.74
70060,2023-12-02,20c723d3-ff16-40c6-ada2-4653e1bfe8c4,Fashion,South America,4,318.62,0.05,Cash,5.0,2.2,1210.76
83127,2024-05-27,833152e9-4a19-42df-95de-e80bd699940e,Toys,South America,1,282.36,0.0,PayPal,4.0,3.5,282.36
73648,2023-03-01,4aa77a4a-aca1-4999-9078-00b2ecae0e74,Beauty,North America,3,204.24,0.0,Cash,4.0,4.3,612.72
7341,2025-03-19,ea4cd607-8e48-4a8c-a3e4-79461fcfcb8e,Electronics,Oceania,5,47.77,0.0,Cash,7.0,2.4,238.85
60043,2025-01-20,03ed7585-6cd1-41f6-aa2f-de12f1901f5c,Electronics,Europe,2,129.29,0.0,Cash,3.0,2.1,258.58
52275,2025-08-23,f295afdb-dbe5-4057-8832-0ec29408d639,Electronics,Europe,5,319.27,0.0,Cash,1.0,3.1,1596.35
48554,2025-10-16,7c0f803f-17d7-40af-a2b1-070e27e40eae,Toys,Oceania,2,107.47,0.1,PayPal,4.0,3.5,193.45
3086,2024-08-23,7462f144-c49b-4e62-a5ba-4f0347656069,Toys,Africa,3,434.56,0.15,,1.0,4.4,1108.13
24469,2025-03-01,7ed56097-6fc6-44c2-8f88-e7c5b22411f8,Toys,Asia,3,128.27,0.15,PayPal,6.0,3.3,327.09
24482,2024-08-11,53adc24e-e9ad-4501-991c-34457e939dd5,Beauty,Asia,3,399.64,0.0,Cash,2.0,3.5,1198.92
78877,2023-09-06,0102ce31-9c82-44bc-a1cb-778946dc0eec,Automotive,North America,5,134.93,0.0,PayPal,6.0,3.0,674.65
74046,2025-05-14,536d3751-a46b-4f40-954a-5e5b90d02873,Fashion,North America,3,82.84,0.1,BankTransfer,1.0,3.2,223.67
76046,2025-12-30,9947940b-b745-41b6-8eac-8fd0c9ebc1ae,Beauty,Africa,3,398.73,0.05,BankTransfer,7.0,,1136.38
68076,2023-11-29,df2ed047-144e-4b00-96ad-d0998a4ce170,Toys,North America,6,112.77,0.05,BankTransfer,5.0,4.3,642.79
6412,2023-11-29,7cc27448-28ea-4192-9a02-4444f28446fa,Automotive,North America,4,294.984,0.1,PayPal,6.0,3.1,1061.94
51009,2025-09-19,139e2e60-080a-4d72-a6af-2eefcfe2123a,Automotive,Europe,2,153.9,0.05,CreditCard,7.0,4.4,292.41
29935,2025-08-19,390a82ed-3e6b-4684-92d6-9319504930fb,Automotive,North America,4,489.41,0.15,Cash,3.0,3.0,1663.99
97111,2023-10-02,a7040d41-8104-4d03-8b4a-c6f7b5c31b0b,Automotive,Europe,4,30.84,0.05,CreditCard,6.0,2.5,117.19
6323,2025-06-27,b354f19d-3d22-4110-a63f-69ea0d5098fc,Toys,Asia,3,305.29,0.1,Cash,5.0,2.0,824.28
34825,2024-03-28,93343365-5766-4362-9c0a-b496b0f9ef4a,Beauty,Africa,3,131.62,0.05,CreditCard,1.0,2.7,375.12
13769,2023-12-12,05c2f0ab-d84e-448f-b2fe-0ed89dffaff5,Fashion,Oceania,3,472.39,0.0,Cash,4.0,3.5,1417.17
77947,2024-07-04,a9bc670d-c88e-4510-876d-6f4da4b7b612,Sports,Europe,1,218.27,0.05,CreditCard,6.0,2.6,207.36
40126,2024-06-08,98c5a516-c478-4479-a91f-1ee082d37a54,Electronics,Asia,4,491.74,0.1,BankTransfer,6.0,2.6,1770.26
36255,2025-06-18,b7dce930-1b0e-4b26-91bc-b8109425fef2,Automotive,Africa,1,27.66,0.0,CreditCard,4.0,3.4,27.66
20139,2024-10-18,ac1552b4-1982-4948-8757-5d2046c65b1e,Toys,Africa,5,366.65,0.15,PayPal,7.0,3.7,1558.26
57851,2025-03-14,1e603c12-842a-4c9c-a444-6273e0d2aa98,Home,Europe,4,73.32,0.0,CreditCard,1.0,4.0,293.28
41997,2023-11-15,5dda46c2-8f33-4efb-9388-046aa30a543b,Beauty,Europe,4,80.064,0.05,Cash,1.0,2.6,304.24
30897,2024-01-13,1693824f-f647-4d59-baba-415b3b613c2c,Home,South America,5,156.12,0.0,CreditCard,3.0,5.0,780.6
54198,2024-02-13,4391a474-c179-40b5-b964-44ff2f424340,Fashion,Asia,2,54.45,0.05,PayPal,7.0,3.7,103.46
79628,2025-12-19,d868f143-b264-44f0-a73b-0091eec78850,Home,North America,3,275.06,0.0,CreditCard,6.0,4.2,825.18
1867,2024-07-13,5200044b-3148-4df8-a6ca-8d50e5f5c891,Electronics,South America,4,419.89,0.05,Cash,5.0,2.9,1595.58
66841,2023-03-15,060bde62-ab75-4d39-8515-f07a1ad7a950,Home,,4,119.14,0.0,Cash,1.0,2.1,476.56
75078,2025-01-15,bf813ae0-76b9-4ba2-851a-494ec8836d46,Sports,North America,4,476.94,0.0,CreditCard,8.0,4.7,1907.76
16654,2024-06-26,77339180-ca8d-473d-9bac-88c790a4354f,Automotive,Asia,4,41.11,0.1,BankTransfer,1.0,2.3,148.0
1249,2023-03-21,257035db-3fea-490a-a1f8-072dddb7570e,Sports,Africa,2,145.09,0.0,CreditCard,9.0,4.8,290.18
61090,2023-08-05,a29d3d43-ad1e-47b8-a0dd-b091a5073ae7,Fashion,Asia,4,361.28,0.0,CreditCard,8.0,3.6,1445.12
17445,2023-10-19,48e724e4-c7bb-4252-9444-b5f81df52cb0,Toys,Europe,5,359.52,0.0,Cash,4.0,3.5,1797.6
74647,2023-04-17,e3937842-2471-4b34-8b68-dc4454312373,Fashion,North America,5,46.15,0.0,BankTransfer,1.0,4.7,230.75
17234,2024-02-18,62b099a5-03a2-4cda-ac2e-9bfacbaf30dc,Automotive,Asia,3,463.65,0.0,CreditCard,3.0,3.8,1390.95
54581,2023-12-08,b438d027-9a96-4aa2-840e-a393390ba9cf,Fashion,Africa,3,153.14,0.0,Cash,1.0,2.9,459.42
44097,2023-08-31,486db47e-4c00-42f9-b020-68855d5b81bd,Fashion,Africa,4,67.54,0.0,PayPal,8.0,3.3,270.16
30591,2023-04-07,0df665b9-8f25-48a2-8415-9d77e0ca81c0,Fashion,Europe,4,305.6,0.0,BankTransfer,6.0,2.7,1222.4
41949,2025-06-24,e5e8b563-3848-408b-82f6-2b6b2f8fbe65,Beauty,Asia,2,68.94,0.2,PayPal,8.0,4.7,110.3
47796,2025-10-04,6ca3b4fa-6d87-40a1-98c5-334989b3c047,Fashion,North America,2,206.22,0.1,CreditCard,5.0,4.0,371.2
29160,2023-11-26,1bf41192-2943-4001-9daa-db3f5f60eca8,Toys,Europe,2,131.472,0.0,CreditCard,2.0,3.1,262.94
99533,2024-09-11,ea42fcdd-5791-4844-9d96-ba21b2e7a7e6,Fashion,Oceania,1,110.56,0.0,Cash,6.0,4.5,110.56
97990,2024-07-15,a2323265-b3de-4005-bb0b-dec5b20f1c07,Fashion,Asia,1,413.65,0.1,CreditCard,4.0,2.4,372.28
98454,2025-12-30,829ac030-6d5b-496a-adaf-8ebc3208673c,Automotive,Africa,4,235.77,0.0,BankTransfer,1.0,3.3,943.08
48910,2024-12-12,7e362e30-8483-48f5-ac5e-b771d9c38ca6,Beauty,Asia,2,168.34,0.0,Cash,8.0,3.0,336.68
76471,2023-02-18,87a923d0-46ca-4a9b-8837-922ed5a303b6,Beauty,Asia,1,371.66,0.1,PayPal,1.0,3.8,334.49
88533,2023-01-12,454f9fe2-08ca-4e08-bd84-e3ee7a653499,Beauty,North America,5,280.04,0.0,Cash,1.0,3.4,1400.2
61404,2025-07-29,6bef6d83-ebf7-4f6b-8ead-59cf617bedda,Fashion,Oceania,2,476.7,0.0,BankTransfer,5.0,3.4,953.4
64081,2025-03-15,d22c2fca-fece-4273-aac3-b110c8138064,Beauty,Europe,4,307.63,0.1,CreditCard,3.0,2.6,1107.47
72290,2023-05-31,d1db846f-d714-4d26-8fa9-4b982cd819a3,Sports,Asia,2,121.26,0.0,BankTransfer,8.0,4.3,242.52
78608,2023-09-21,2175fb36-9abe-4c1c-972f-f387ea932381,Fashion,Europe,1,27.17,0.1,Cash,2.0,3.0,24.45
93158,2024-03-04,4a5b54a7-743f-42bc-9ede-113e96961b99,Electronics,Africa,2,73.17,0.0,BankTransfer,7.0,3.8,146.34
20362,2023-06-12,a5c2c1e0-6436-4a2c-a2a9-62ce1819ce5a,Sports,South America,3,181.43,0.05,PayPal,4.0,3.1,517.08
84930,2024-10-05,fa57958d-5c99-46ed-a030-5edd3538674d,Automotive,Europe,4,363.29,0.05,PayPal,9.0,2.9,1380.5
44182,2023-12-04,c10c0af4-2f08-4f6b-b357-acbc09775fa8,Fashion,Oceania,1,278.36,0.15,PayPal,9.0,3.6,236.61
85321,2025-05-21,6959046d-ae0f-401d-9f11-bed76a2147bb,Fashion,Oceania,5,25.09,0.0,CreditCard,4.0,2.1,125.45
62838,2025-12-04,623e59ad-3e1e-4913-b199-b48c9b50661d,Electronics,Oceania,5,108.02,0.1,Cash,7.0,4.6,486.09
44644,2024-03-23,f2e3c6db-ac3f-4cd7-9756-3839559a822e,Toys,North America,4,130.22,0.15,BankTransfer,9.0,2.6,442.75
41054,2023-05-31,fc2d401b-c626-478f-921f-6459e15530c5,Beauty,North America,1,478.26,0.0,PayPal,9.0,2.2,478.26
45140,2023-05-09,894c2064-76fe-443c-a630-e6b007ffbb92,Electronics,Asia,3,195.45,0.0,BankTransfer,3.0,4.8,586.35
82341,2023-11-22,8217a922-2161-4450-b826-eb7b0c7cbdf9,Beauty,North America,4,33.093,0.0,BankTransfer,3.0,4.8,132.37
5289,2025-02-02,68054a24-f785-4cc1-b8e5-91c417d2efe7,Beauty,Asia,3,42.02,0.1,Cash,3.0,2.9,113.45
53787,2024-01-31,f4c3a4de-3106-4b75-9fe9-70ca1f1e01cf,Electronics,South America,4,105.27,0.0,PayPal,5.0,3.5,421.08
16047,2025-10-05,c19d8534-66e3-49ec-bab8-8b166dcb9bf1,Toys,Oceania,2,467.71,0.1,CreditCard,1.0,4.7,841.88
30157,2025-01-22,08ac88fd-ad39-4cc2-9449-cc2e1d4f3938,Toys,South America,5,91.58,0.0,PayPal,8.0,3.2,457.9
99944,2025-01-18,0231b934-7e15-44c6-8cf7-c55fb785d4c0,Sports,North America,1,491.69,0.0,BankTransfer,1.0,4.6,491.69
80439,2023-10-02,bb0320e7-ee04-4878-a0d7-c7588304d2dc,Sports,North America,2,167.47,0.0,CreditCard,8.0,4.9,334.94
36489,2024-02-05,5a07600b-0e6d-4d8e-9fd9-33a05d15fa8e,Home,Oceania,4,327.56,0.1,BankTransfer,3.0,3.6,1179.22
93008,2023-11-25,191578fc-ed09-4d70-a08d-fc3de313633f,Fashion,Europe,2,52.974,0.05,BankTransfer,6.0,2.4,100.65
44203,2023-02-10,bcfd7663-27e1-4751-8756-78cb49a947a5,Toys,Europe,1,88.09,0.0,Cash,1.0,3.6,88.09
56839,2024-04-03,99c11bd4-2c68-436e-967e-92bfb7f8e534,Electronics,South America,5,481.06,0.05,PayPal,9.0,2.5,2285.04
59643,2024-11-28,d39475f0-bb95-4b47-abc6-647987bbac11,Sports,North America,5,222.525,0.0,PayPal,9.0,3.9,1112.62
1481,2023-08-16,0075d3d5-ba94-4a66-ad7e-4a452099e71f,Home,Oceania,3,454.4,0.1,BankTransfer,8.0,2.4,1226.88
53870,2023-10-08,1bda6e42-8138-4573-8a3e-8a692d7e4d55,Sports,Asia,1,435.69,0.2,CreditCard,2.0,4.4,348.55
7715,2025-09-04,64fff7a6-35ce-4da8-9d3d-c371d6ac0d84,Automotive,Africa,4,313.61,0.1,BankTransfer,1.0,4.9,1129.0
40062,2025-07-10,ac33116a-2644-42d9-a8b4-e105ee80598a,Sports,Asia,3,269.48,0.1,BankTransfer,1.0,4.9,727.6
67982,2024-08-11,e3af47e2-2d8b-45d2-9a88-b6512a939a04,Beauty,Asia,3,471.07,0.0,BankTransfer,3.0,2.4,1413.21
51618,2023-12-13,8619b3c2-2113-4866-ab19-a608d49320dc,Sports,South America,2,100.21,0.1,BankTransfer,8.0,4.5,180.38
69176,2023-03-28,c0a16918-8eb7-40a4-87f2-af7932331357,Beauty,Oceania,3,303.18,0.0,BankTransfer,2.0,2.5,909.54
29475,2023-12-01,7f104948-e583-43cd-afc9-fada11497919,Sports,Oceania,3,332.99,0.15,PayPal,3.0,4.0,849.12
43385,2025-09-27,9e8b14e1-7799-403e-9f48-5e4754e54f77,Toys,South America,3,356.1,0.15,PayPal,8.0,4.0,908.06
15341,2025-01-26,dcd99a8e-1848-4650-ac25-0fe8662d2cde,Automotive,Asia,4,472.39,0.0,CreditCard,8.0,4.8,1889.56
90676,2023-03-16,120d0a8b-e410-455b-904d-498c8a3045ec,Electronics,South America,4,365.52,0.05,PayPal,7.0,2.1,1388.98
53475,2024-03-22,369c564b-25ba-44e4-b9ac-b707ffcb1ab1,Toys,North America,4,360.89,0.0,PayPal,6.0,4.3,1443.56
39982,2023-10-20,ac1f23f9-28b0-466c-86a9-1984125528f2,Electronics,Africa,2,491.83,0.0,PayPal,5.0,2.9,983.66
8297,2023-09-27,35c87983-910b-47f9-a1ae-25a6f1966b21,Sports,North America,5,167.84,0.0,Cash,5.0,2.2,839.2
11322,2025-03-11,5441a465-ef3d-4f04-be22-c440e5339b2a,Toys,Europe,4,465.64,0.0,CreditCard,3.0,4.9,1862.56
6849,2023-08-13,,Toys,Asia,2,238.73,0.15,PayPal,3.0,3.6,405.84
28584,2024-01-07,8f1c9563-f4ee-48f1-8851-fd317fdd0dfe,Home,Asia,4,226.12,0.15,BankTransfer,2.0,4.3,768.81
6932,2024-04-09,910aeb6f-6b56-4091-a65c-9da5be160640,Automotive,North America,2,248.74,0.1,BankTransfer,4.0,4.2,447.73
3712,2024-01-07,c4b27b21-bc0d-46ed-bb12-2ee53d305a07,Beauty,Oceania,3,482.62,0.0,BankTransfer,3.0,3.0,1447.86
88196,2023-04-21,4934ae98-e9fe-4615-ace0-ca02257380c0,Home,South America,1,43.46,0.05,BankTransfer,1.0,2.2,41.29
34041,2023-11-10,829cd850-ecb2-4cc9-9a18-fbfd7b7b57c9,Automotive,Africa,4,398.799,0.1,PayPal,9.0,4.2,1435.68
42872,2023-01-16,48b6dfac-8731-41b7-86dd-4d8a37f14593,Toys,Africa,3,163.19,0.0,PayPal,5.0,3.0,489.57
2399,2024-09-15,9099a283-eedb-4ce5-a7fe-cdcd2528b516,Toys,South America,2,350.25,0.1,CreditCard,2.0,2.9,630.45
12957,2024-05-28,aa6d7584-8846-49fb-b002-2232c5c04ac0,Fashion,South America,4,116.5,0.05,CreditCard,6.0,4.3,442.7
25885,2023-08-02,39069941-af1e-4416-aae3-54f9dcbbc5d1,Beauty,South America,3,448.48,0.0,PayPal,6.0,3.6,1345.44
35531,2025-12-18,8af2b429-3f81-449d-bcca-192decd399cc,Home,Africa,3,188.42,0.0,Cash,9.0,3.1,565.26
26538,2024-06-29,548dea62-21ec-405a-8bbd-93915133e308,Fashion,North America,2,368.94,0.0,PayPal,9.0,2.2,737.88
63728,2023-01-03,660d77ff-3654-4cf3-a08e-a67ac884ad42,Fashion,Europe,5,42.43,0.15,BankTransfer,4.0,4.9,180.33
67963,2024-03-08,e0ccb419-f5af-4aff-9530-20e89a0a58ed,Beauty,Asia,4,286.61,0.05,BankTransfer,2.0,2.0,1089.12
22365,2024-12-08,e0ada076-e945-458c-8eb1-8194ad9f1325,Toys,Africa,5,186.52,0.0,PayPal,3.0,4.4,932.6
44081,2023-02-16,8d97337e-44bd-4ba0-9156-51e922e2dfd7,Beauty,Oceania,5,79.69,0.0,CreditCard,,4.1,398.45
83454,2024-02-28,4d4f5196-0e1c-4359-b786-a183590df613,Beauty,North America,3,350.42,0.1,PayPal,3.0,4.4,946.13
59732,2025-05-29,4c09ac2e-6dcc-4615-8e59-73748294d237,Automotive,Africa,5,477.87,0.0,Cash,1.0,2.3,2389.35
11733,2025-10-12,345aac28-5749-477e-83f3-c616c9e7cab3,Electronics,Asia,3,482.06,0.0,CreditCard,6.0,4.3,1446.18
60167,2023-07-30,5739a341-a47c-4b6d-9dde-e373cb5a97df,Toys,Asia,4,469.57,0.05,CreditCard,2.0,3.3,1784.37
89581,2024-10-24,7a354a74-c585-4f9f-a38a-a2f5362d335f,Electronics,Oceania,3,480.67,0.0,BankTransfer,8.0,4.2,1442.01
18117,2023-02-01,bf971338-d239-427f-8f9f-3f8bd5c45f4e,Automotive,Europe,3,473.68,0.1,BankTransfer,3.0,4.7,1278.94
71356,2023-08-07,b9c7ae3f-6051-4883-8fa8-3c99580d9a8f,Sports,Europe,3,246.06,0.15,Cash,5.0,3.6,627.45
54403,2024-05-10,1a843dc0-c308-4e39-8796-882c8156a127,Beauty,Oceania,5,453.53,0.15,CreditCard,2.0,4.6,1927.5
16681,2023-05-23,9e6518a9-78f9-453d-a858-4f506fc9370f,Fashion,Europe,1,477.12,0.05,PayPal,1.0,3.7,453.26
65071,2023-02-20,7d9dd963-d91e-4551-a57b-ef16c08faa11,Toys,Europe,5,429.0,0.0,BankTransfer,7.0,2.2,2145.0
81631,2025-08-24,72a124ce-75ee-4ca8-b65d-17c2d26a8b3c,Fashion,North America,2,303.64,0.2,Cash,3.0,2.2,485.82
89918,2025-05-21,b524b52a-5e4f-4928-ae87-895d780f5153,Sports,Asia,2,252.37,0.1,,9.0,3.1,454.27
44661,2023-02-01,11adb0d0-ad61-4634-8315-e733677af5c5,Fashion,Africa,2,72.88,0.0,PayPal,9.0,3.8,145.76
30293,2023-06-03,f1008f68-a35b-450c-aee9-e2b9bc0469f2,Sports,South America,1,29.36,0.1,BankTransfer,4.0,3.0,26.42
63368,2023-11-20,c8473aca-5fb6-4ffe-b08a-77e41532d942,Fashion,Oceania,4,20.124,0.0,CreditCard,9.0,3.8,80.5
53266,2024-04-06,17744800-3dcf-4a2b-b87b-95bf6b0b8a88,Automotive,North America,3,171.39,0.15,BankTransfer,5.0,3.7,437.04
21613,2023-08-11,cd877f8a-5e75-46b3-aee4-5240ad6fd173,Sports,North America,5,201.87,0.1,BankTransfer,7.0,4.9,908.42
73387,2025-12-06,31e31523-df03-4e15-b1e7-38c5b991db80,Fashion,Africa,3,189.04,0.0,Cash,7.0,2.4,567.12
32322,2024-04-29,8c896a2b-ae7d-4e2c-8964-a565ee62ab17,Beauty,South America,4,467.03,0.0,CreditCard,9.0,3.2,1868.12
58456,2024-06-24,9638c694-b30a-449c-aca4-c1f877afacf7,Sports,Europe,4,122.31,0.0,Cash,3.0,4.7,489.24
2772,2023-08-19,b8943df8-c9ab-4a91-9674-b9e20e5995aa,Beauty,Oceania,4,231.98,0.15,Cash,9.0,2.5,788.73
86639,2024-06-26,d81440e8-2949-42da-8ae8-355be7727868,Toys,Asia,5,391.63,0.1,Cash,2.0,4.0,1762.34
14504,2025-08-27,7060b699-415d-45e7-a944-0b9c3c423c26,Fashion,Africa,1,158.71,0.05,BankTransfer,7.0,4.8,150.77
41842,2025-10-21,fe946650-7bd5-4249-9127-d967f69fe193,Fashion,Asia,5,19.45,0.1,BankTransfer,7.0,3.1,87.52
34901,2023-04-10,f3367455-d6e0-40b3-8542-3494e26a3364,Electronics,Asia,5,266.63,0.05,Cash,1.0,4.4,1266.49
84358,2024-04-18,266ab5f8-7854-44c0-b120-5f702df11536,Sports,Europe,1,378.2,0.0,BankTransfer,9.0,2.1,378.2
20381,2024-05-31,4ba193df-f00a-4fba-b016-3c56ef83eaa6,Electronics,Oceania,3,84.47,0.1,CreditCard,3.0,3.7,228.07
63617,2025-10-23,5efee8f8-a309-4391-b805-2f01310bdddf,Sports,Asia,3,416.84,0.05,CreditCard,9.0,4.4,1187.99
52865,2025-08-09,43363c52-7e1f-4ddc-8210-a538720a1986,Beauty,Oceania,2,149.27,0.0,Cash,1.0,4.4,298.54
47040,2025-05-31,58031054-c42d-48bd-b9cb-c1a9cb35e974,Toys,Asia,2,395.41,0.0,BankTransfer,8.0,3.1,790.82
6139,2024-08-10,243191eb-5d9e-4717-bf08-6a9e569db57e,Toys,Europe,2,149.99,0.15,Cash,8.0,4.0,254.98
80833,2023-10-12,a34c41e9-9bf8-476c-bc15-374eb0c01080,Beauty,South America,5,351.36,0.1,PayPal,4.0,3.9,1581.12
61676,2025-09-22,5db7c2a1-d7c8-4473-897e-d248fd4b41b3,Fashion,Europe,5,474.94,0.15,CreditCard,1.0,4.1,2018.5
98134,2024-10-30,5a834671-a8ae-44a4-b333-69fd04e1b153,Automotive,Asia,1,140.45,0.05,CreditCard,5.0,2.4,133.43
13558,2023-02-15,6d377252-2af6-42d8-b961-b8ce0454f5a1,Home,North America,3,157.77,0.0,PayPal,5.0,4.6,473.31
60991,2025-05-19,7d04c49b-5fa6-40c6-b77c-08ca36623cf5,Electronics,South America,2,463.0,0.05,BankTransfer,2.0,3.1,879.7
83411,2023-07-03,71c2f610-401e-4891-b3cd-e2f95928a5b1,Beauty,Asia,5,186.21,0.0,PayPal,3.0,4.4,931.05
25254,2025-02-19,c7262bd3-41d5-423d-904a-eed19bc13571,Fashion,Asia,2,81.31,0.0,CreditCard,2.0,4.1,162.62
38744,2023-10-11,aef109f5-a6cb-4f33-b830-9c52e97de702,Sports,Europe,3,266.83,0.0,CreditCard,3.0,4.6,800.49
5448,2023-02-16,be3de265-d471-4d86-8d36-645980f6c26c,Fashion,Europe,5,454.59,0.0,PayPal,3.0,3.7,2272.95
80326,2025-12-05,d63f85ab-5e12-48f8-b786-ad350fec5af6,Fashion,Asia,1,284.15,0.0,PayPal,4.0,4.6,284.15
86180,2023-01-25,b091f2db-bfad-4216-87a5-98c1548b325d,Beauty,Africa,4,399.83,0.1,PayPal,2.0,4.5,1439.39
57114,2023-12-31,752ba281-c9e3-488f-878b-cab9b91243a6,Toys,Oceania,1,154.07,0.0,PayPal,9.0,2.8,154.07
45944,2023-01-06,d197de74-b08e-4c07-85de-fc2b6b628c4b,Automotive,North America,2,157.43,0.1,BankTransfer,7.0,2.0,283.37
42039,2023-04-19,377f402b-f245-4aec-aab7-33d0670094ee,Automotive,Oceania,1,448.26,0.05,CreditCard,7.0,3.0,425.85
15347,2024-05-11,e9d2fa12-e8c3-4491-b504-990af74dde68,Electronics,Asia,3,391.95,0.1,CreditCard,4.0,3.6,1058.26
9188,2024-08-24,8b41bcd9-3182-4fde-962f-62e88a0bb8e4,Toys,Asia,2,276.91,0.0,PayPal,6.0,4.2,553.82
54522,2024-05-20,8d3a8cb9-565e-4091-b4cd-aebaaaf6b335,Toys,Europe,5,417.84,,Cash,4.0,3.8,2089.2
80003,2025-04-16,228e7e29-4568-4482-9317-97293221093c,Home,Africa,5,21.95,0.0,Cash,3.0,2.2,109.75
43670,2025-02-02,c5cc8316-83bf-4d11-b7ed-519f4a7cf739,Home,Africa,4,344.03,0.0,Cash,6.0,2.8,1376.12
26137,2025-07-27,9d1fa859-91f3-4ae2-b14a-ceb8f1cace88,Toys,South America,4,281.75,0.05,BankTransfer,8.0,3.5,1070.65
47588,2025-09-17,6791ea9b-d83b-449d-a230-e9b9197ee3bf,Beauty,Africa,2,261.19,0.05,Cash,8.0,2.3,496.26
82932,2025-07-31,4fe681fd-addf-4952-b2f7-c416e2daf886,Home,Asia,1,118.09,0.0,BankTransfer,9.0,3.3,118.09
80458,2024-08-17,c35654d8-e175-4717-8d8f-5d33626a3ca6,Beauty,Europe,1,60.08,0.0,BankTransfer,2.0,4.9,60.08
89071,2025-11-23,613f3917-f1dd-41f1-94da-a8f8fc41bd77,Automotive,,2,148.122,0.15,BankTransfer,4.0,2.7,251.81
6560,2023-09-30,0b45cb04-e5bc-49c0-93a6-9684036599fc,Sports,Asia,4,329.41,0.05,BankTransfer,6.0,4.3,1251.76
1256,2024-08-03,b1d81887-4739-4c7b-bff3-0c8d83ff3e96,Automotive,Europe,3,165.63,0.1,Cash,2.0,3.4,447.2
18949,2024-01-31,5ab3f581-f026-45a4-a83e-64c0c9b0088a,Electronics,Asia,3,74.95,0.05,PayPal,2.0,4.1,213.61
84474,2023-11-02,7296f71d-e4d2-40ab-864a-1ba1877d7d0c,Electronics,Europe,2,216.567,0.0,BankTransfer,6.0,3.8,433.13
16410,2023-11-08,83637de0-7196-41a5-8c0d-640b0626176b,Electronics,Africa,2,441.648,0.15,PayPal,3.0,4.0,750.8
48387,2025-09-28,3a90dd8e-7b1a-4085-ac0c-2dcc67cae086,Automotive,Africa,1,352.59,0.0,CreditCard,1.0,4.4,352.59
13615,2023-10-13,eb125723-edd9-4249-a6f8-f882b907be84,Toys,North America,3,402.72,0.2,Cash,5.0,4.3,966.53
23201,2023-11-20,8e9a911d-9aa8-461d-acb7-6586eac2bf6c,Automotive,Africa,4,141.255,0.05,Cash,5.0,4.3,536.77
69200,2024-09-20,4a995cf7-a04d-4a55-9b45-35ba3055b451,Electronics,Asia,1,259.49,0.0,BankTransfer,2.0,4.5,259.49
30040,2023-04-27,8c31d850-ee4e-4cf1-9406-cfd13474d315,Automotive,North America,5,337.03,0.2,BankTransfer,6.0,2.3,1348.12
81562,2024-11-21,627ead88-3d9d-4c94-bc42-78784ba97ad2,Beauty,Africa,3,198.36,0.15,BankTransfer,6.0,2.3,505.82
97515,2023-08-31,,Beauty,Asia,5,468.69,0.05,BankTransfer,3.0,2.4,2226.28
5344,2025-10-07,584f218a-39dd-41e1-a222-c7758f24da7e,Electronics,Europe,3,499.4,0.0,BankTransfer,9.0,3.4,1498.2
56710,2024-03-26,9754f318-9ca4-44c6-807b-95f17f2029e8,Beauty,South America,5,401.18,0.0,CreditCard,3.0,2.8,2005.9
16394,2025-10-25,b31dfc5e-a4a7-49db-bef7-a25498a126a2,Fashion,South America,3,81.82,0.0,BankTransfer,8.0,4.6,245.46
16188,2024-02-22,6a17f569-8c71-47ce-901d-8dc2423e2c4c,Toys,Oceania,2,58.63,0.05,BankTransfer,4.0,4.7,111.4
70920,2024-05-18,210b6a65-6d8d-4d76-a7ea-2294e08ed269,Sports,Oceania,3,319.08,0.0,CreditCard,6.0,4.9,957.24
49027,2024-07-10,799fd27a-e7c1-4df7-9e8a-417baf55c9b2,Home,Europe,5,59.36,0.05,PayPal,9.0,3.6,281.96
90263,2023-03-31,6ba98cd6-f56e-4de3-aa90-f080122e44dd,Electronics,Europe,5,22.91,0.15,CreditCard,7.0,2.3,97.37
93733,2024-07-28,ffe2ea17-b7e1-4b62-a0d7-59cdc823214a,Beauty,South America,5,17.6,0.1,BankTransfer,3.0,2.1,79.2
63642,2025-06-10,f8a2b913-51d9-402c-bc4b-89ba04e4fd49,Home,Oceania,2,192.29,0.15,CreditCard,2.0,2.7,326.89
87478,2023-03-25,b8453190-3b01-4ebf-85b3-77b8abc712c7,Fashion,South America,4,374.79,0.0,Cash,9.0,2.4,1499.16
41188,2023-08-27,eef29a4c-3ed0-4ae3-b6c0-b07490490d09,Toys,South America,5,414.02,0.0,Cash,1.0,4.2,2070.1
43712,2025-05-31,f4b881b1-a40f-4883-be23-ec28b1ea56f0,Fashion,Oceania,1,426.83,0.1,Cash,7.0,3.3,384.15
35873,2024-01-28,ac6e7511-c0f9-4755-9ffc-a390ed269b03,Fashion,South America,5,355.53,0.0,Cash,2.0,4.6,1777.65
62800,2023-05-19,2160c1ac-8a9c-4759-a809-75bfae4ec4b3,Home,Africa,2,479.82,0.1,Cash,7.0,4.0,863.68
84715,2023-02-23,81ad3265-7b3b-4203-8c76-d9ae1e4819b0,Automotive,Oceania,2,74.32,0.0,BankTransfer,8.0,3.3,148.64
42219,2023-03-08,d2d73be6-4b7a-4caf-bcb8-d48f2644dab3,Home,Europe,4,340.83,0.0,CreditCard,9.0,3.1,1363.32
28748,2024-01-26,07246bba-02ae-4d0f-9b10-1bc744a1264c,Automotive,Europe,5,384.95,0.05,BankTransfer,5.0,2.5,1828.51
26935,2025-10-25,75cf8665-3aa4-4a18-8fae-89a22f6fb81a,Electronics,South America,1,127.09,0.15,BankTransfer,9.0,4.9,108.03
6167,2024-08-23,d96688c9-8623-481e-8224-da50bd10f69f,Automotive,Africa,4,242.27,0.0,Cash,7.0,3.6,969.08
47002,2023-02-23,ef45c6ef-686d-44da-9af1-e92c025e9ed9,Automotive,Africa,3,182.57,0.0,Cash,8.0,2.6,547.71
82551,2024-11-01,a02bd5e8-2cb5-4578-8bf0-cb177d5c6552,Beauty,Asia,6,394.542,0.1,Cash,4.0,,2130.53
48503,2025-03-19,a0eb4c0a-2a67-40e5-9ae7-14be8e65ce16,Toys,Oceania,5,146.55,0.1,PayPal,9.0,3.0,659.48
50270,2025-05-12,b7c6b586-713a-4907-ad24-5c4f25aeb769,Toys,Oceania,1,336.37,0.0,CreditCard,3.0,4.8,336.37
76263,2024-09-04,15dd1b37-ea6d-4cab-8ea8-aa2eb792ce05,Electronics,Africa,4,372.51,0.0,BankTransfer,2.0,3.9,1490.04
32321,2023-10-27,e93df3c4-053a-461e-9257-f9f2153adbf4,Electronics,Europe,1,289.62,0.0,CreditCard,8.0,2.3,289.62
42378,2023-02-17,1c39b72b-a3fb-4602-aee0-01b44c6b9262,Automotive,Asia,2,308.64,0.05,BankTransfer,6.0,3.0,586.42
78420,2024-07-31,7cfb02be-f920-413e-9b09-a1fe64c65fae,Home,South America,5,162.67,0.15,PayPal,7.0,3.1,691.35
51836,2024-02-26,83e23e85-b6ea-4139-a2ed-368014a34cec,Fashion,North America,4,111.97,0.0,CreditCard,2.0,4.8,447.88
31009,2025-03-17,61983f51-f022-4bce-98aa-240e4094d309,Fashion,South America,1,354.18,0.0,CreditCard,9.0,3.4,354.18
67926,2025-12-02,441be6f6-4971-4671-8194-37ec892ae381,Toys,Africa,3,72.68,0.0,PayPal,3.0,2.1,218.04
11099,2025-01-06,7cfc206b-6bc5-45b3-a41f-58453880446d,Home,Africa,2,289.23,0.0,PayPal,2.0,2.4,578.46
75048,2024-11-27,65832226-39d6-45bd-bbbd-50385d074218,Sports,Africa,6,233.793,0.05,PayPal,3.0,4.8,1332.62
37779,2024-02-15,273c5b2d-f2cc-41b7-8eae-97100f5ee233,Automotive,Africa,2,43.89,0.1,BankTransfer,5.0,3.5,79.0
2041,2025-01-23,6690a951-fc04-4a7a-ae41-5f166263307c,Fashion,Europe,3,65.74,0.15,PayPal,7.0,3.1,167.64
96698,2025-03-15,34dcbb35-386e-46b7-a1bf-d3738372bb35,Electronics,Africa,2,10.4,0.15,CreditCard,7.0,2.1,17.68
3310,2024-10-12,5422ea97-e32a-4787-9824-6315ad49e072,Home,Oceania,2,339.2,0.0,Cash,1.0,4.4,678.4
38631,2025-04-04,e4f2803b-e5a0-4fa0-871b-e1a16b94bb8d,Sports,South America,4,260.13,0.0,CreditCard,2.0,3.5,1040.52
36267,2025-10-22,c3deb5e3-b3d1-4679-b2f8-cb32a0082d91,Toys,Europe,5,32.87,0.15,BankTransfer,7.0,2.9,139.7
24356,2025-06-10,a89966aa-ad52-4e85-b1da-666c18b77c57,Automotive,Europe,3,54.92,0.05,PayPal,4.0,3.1,156.52
51133,2025-08-06,b85ae192-38aa-4c4e-b704-66350fe53ece,Home,North America,3,301.95,0.0,PayPal,9.0,4.0,905.85
19816,2024-09-11,5bf14572-57e6-4ee7-bf9f-dac8b89f1b65,Fashion,Africa,2,239.88,0.0,BankTransfer,5.0,2.5,479.76
5277,2025-01-09,13974770-15bd-48ba-9caa-f6a5451ea1db,Electronics,South America,3,486.83,0.05,BankTransfer,2.0,3.9,1387.47
12790,2024-07-11,a20bc47d-6724-4e29-bd95-8b6ed31f3cf4,Home,Africa,5,91.43,0.0,Cash,9.0,4.3,457.15
74420,2023-10-21,658126c2-1270-43fc-8884-070570a21221,Beauty,Oceania,2,404.51,0.05,PayPal,2.0,3.4,768.57
48358,2024-04-25,4f12d502-be94-415b-acd5-1833fa24ca05,Fashion,North America,5,157.21,0.1,BankTransfer,6.0,3.2,707.44
29660,2024-11-24,f3d5a5a8-85f4-4bbc-a714-710970f1c61b,Beauty,Oceania,2,430.857,0.15,BankTransfer,9.0,2.7,732.46
75545,2025-09-18,bc0e4f1a-01e9-4d71-8f9f-639d331f8e45,Electronics,Oceania,2,448.98,0.05,CreditCard,8.0,3.5,853.06
45816,2024-09-10,9837c6d0-1e4a-4a1a-88d7-516d57819dd5,Fashion,South America,3,197.0,0.1,Cash,9.0,2.3,
62201,2024-11-04,722af35f-5635-4f8f-bc4c-b74bf5532a95,Home,Oceania,3,201.042,0.05,PayPal,6.0,3.2,572.97
37301,2024-06-25,1b6764a2-aa17-400d-a6b9-a963f1e55cd6,Sports,Europe,5,476.51,0.15,CreditCard,7.0,4.2,2025.17
36683,2025-10-20,9ec9a49f-044b-49c3-b41f-2023505c363f,Toys,Oceania,2,212.0,0.1,Cash,5.0,3.8,381.6
19893,2025-11-03,ee823f36-2de6-44f5-a798-1259719be0ca,Sports,North America,3,198.18,0.15,CreditCard,6.0,3.4,505.36
4879,2023-03-14,5aac72b1-77e7-4d81-9b88-fc72b66cdb02,Automotive,Europe,3,342.59,0.1,BankTransfer,7.0,3.3,924.99
35480,2023-11-03,677ffb7b-2b98-4895-afa3-fb1d79a376bd,Automotive,Africa,5,160.092,0.15,BankTransfer,7.0,4.4,680.39
24785,2024-10-23,4ea2cd73-3ac3-43dc-8823-10ddf450be54,Fashion,Asia,1,207.5,0.0,BankTransfer,9.0,3.9,207.5
33348,2023-02-06,74ceaea2-3d40-4202-9760-037fa1bb318c,Sports,Africa,2,180.59,0.0,Cash,2.0,3.4,361.18
66954,2025-10-02,532038f0-bd3d-41f4-8a83-fefd4df70b67,Sports,South America,2,394.09,0.1,PayPal,3.0,3.5,709.36
93224,2025-09-29,c92f9027-b3f4-4dcc-97bb-7dfcc8b8d8e7,Automotive,Europe,3,453.86,0.15,Cash,8.0,3.3,1157.34
16345,2024-11-10,2b71fe06-5b44-4dac-9671-0d4f56a89706,Electronics,Europe,2,401.688,0.0,PayPal,7.0,3.3,803.38
72927,2025-06-29,51df0ae7-eccf-4bc3-bc47-16594dca33f1,Fashion,Europe,3,400.02,0.05,PayPal,7.0,2.2,1140.06
85510,2023-08-29,8cb04c57-5ec6-4a19-aabf-d36422c7a41b,Toys,Asia,3,155.9,0.0,BankTransfer,7.0,3.7,467.7
19101,2024-04-17,5416f272-f1ed-4676-acb2-8e38c48ca510,Toys,North America,5,220.99,0.1,BankTransfer,7.0,2.2,994.46
2448,2023-12-10,74246baa-2dca-4c82-8660-a3e9736d417c,Electronics,Oceania,5,203.95,0.0,PayPal,8.0,2.8,1019.75
52877,2025-03-28,48cc644d-eae5-48fd-9c31-ef0f532b24d2,Electronics,Asia,5,81.14,0.0,BankTransfer,7.0,4.5,405.7
33966,2023-06-22,7505bb0b-b415-4637-8a27-6c0f0afd5240,Automotive,North America,3,409.27,0.15,CreditCard,5.0,3.4,1043.64
57946,2025-07-06,b2decab7-49ba-46ac-9a44-3dd202529390,Beauty,Europe,3,24.9,0.1,CreditCard,3.0,2.8,67.23
57099,2023-11-26,ff12b988-79e2-453b-98a7-72d5d79788b6,Electronics,North America,6,392.031,0.15,BankTransfer,2.0,3.1,1999.36
89236,2025-02-05,0b52b035-0882-43de-ae70-57639d65bc54,Automotive,Europe,2,65.16,0.15,Cash,7.0,2.2,110.77
69969,2024-05-09,bf658944-d2c6-43e1-b651-10d4a51c200e,Home,Asia,1,445.19,0.0,Cash,2.0,4.7,445.19
10021,2024-08-05,d5e652b7-1a83-4240-b0a3-a4122cfc142d,Beauty,North America,2,447.94,0.05,CreditCard,1.0,3.9,851.09
62687,2025-11-22,907a4097-3ecb-49ba-b17c-c7c835454c76,Toys,Oceania,5,328.626,0.0,PayPal,3.0,3.1,1643.13
83675,2025-04-07,789ef602-e3fc-4361-843c-208231af057d,Home,South America,2,472.73,0.2,PayPal,6.0,3.4,756.37
32088,2023-09-09,f019d98d-b590-4d58-9f5d-27e9e18253b1,Toys,Asia,5,475.27,0.0,Cash,4.0,2.7,2376.35
94708,2025-04-29,dd1a6953-61cc-4642-98fe-fecc8d183d5f,Beauty,Africa,2,263.97,0.0,CreditCard,7.0,3.7,527.94
85451,2025-12-12,125caa77-3bb0-4218-b5e1-28422c263dad,Electronics,North America,1,444.05,0.0,CreditCard,8.0,2.9,444.05
31198,2023-04-22,5caf20ae-3f45-4107-82ff-b3e362e9826e,Automotive,North America,1,52.37,0.1,BankTransfer,7.0,2.4,47.13
82125,2023-08-14,c0ce86bd-1efe-4c0a-b466-7c79422757e2,Home,Europe,5,233.66,0.0,CreditCard,9.0,2.4,1168.3
8257,2025-12-18,b3338169-dcfc-4b72-abbb-ae74db9b4d43,Beauty,South America,1,250.61,0.2,BankTransfer,4.0,2.1,200.49
33930,2023-03-05,4d36c425-854a-498e-b24c-ef3d7105792a,Beauty,South America,4,463.74,0.05,PayPal,6.0,4.7,1762.21
49257,2025-10-18,c931d0e3-5f0d-4d27-aa9c-544459e26dc8,Electronics,Europe,4,54.38,0.15,Cash,5.0,4.8,184.89
69096,2024-11-14,c5e3e804-b22d-4bd2-b79a-d9f4ed8e6a72,Automotive,North America,2,325.755,0.0,BankTransfer,9.0,2.8,651.51
16332,2024-01-01,689d9d3b-762f-4c7e-9a34-66056330c4ba,Fashion,Asia,3,248.04,0.0,PayPal,5.0,2.3,744.12
66171,2024-01-10,7746cc8c-1d92-41af-a6a9-8a6e86a3745a,Sports,Oceania,5,268.63,0.0,Cash,3.0,2.6,1343.15
2063,2025-06-05,80cfb1db-1287-4313-8f02-6c2c1b414999,Beauty,Africa,2,332.78,0.0,PayPal,1.0,3.5,665.56
41781,2024-09-28,1c215aa9-e75d-450c-85da-d60e73d651d0,Beauty,North America,4,106.03,0.1,Cash,1.0,3.5,381.71
65513,2023-02-04,cbecb05f-2be8-4abf-ad3e-7f09b9678175,Beauty,Oceania,5,231.5,0.0,CreditCard,7.0,3.7,1157.5
23193,2023-12-10,2e3081ce-232f-400e-b98c-efa549b88721,Sports,South America,2,137.62,0.05,Cash,4.0,2.6,261.48
58125,2025-04-18,ac060929-33a7-4bf6-ab60-3828d3d2578d,Toys,Africa,2,328.54,0.1,Cash,2.0,2.2,591.37
75596,2024-04-29,3174266b-c2cd-42ca-bfe4-989e8e93ccaf,Home,North America,5,236.64,0.05,BankTransfer,7.0,4.3,1124.04
30875,2023-02-12,1d4489f4-7398-4c20-94ed-8b694a35bd63,Home,South America,5,194.66,0.0,BankTransfer,2.0,2.7,973.3
97425,2023-11-16,36494b96-3253-44d9-9c6e-938f0d513e78,Automotive,North America,5,67.986,0.0,BankTransfer,3.0,4.0,339.93
99539,2023-01-06,7d834b02-53cb-4eb9-8465-d917c6d24540,Toys,South America,4,234.57,0.15,CreditCard,6.0,4.3,797.54
16801,2024-02-19,3ebb708b-7ce3-404c-a8a9-b672d08ac854,Sports,Africa,5,245.03,0.15,CreditCard,4.0,3.0,1041.38
74940,2024-11-18,ce998ffe-cb76-4381-88e6-0e13d5e278f1,Toys,Europe,2,321.021,0.0,PayPal,2.0,2.2,642.04
84829,2024-10-02,fceaa43c-4965-4b0d-a772-03bd0f0d25cf,Automotive,North America,1,302.64,0.1,CreditCard,9.0,2.2,272.38
51464,2025-08-04,3e65bc87-af24-4a42-a7ce-5d2a9e2ca3b6,Home,Europe,5,439.51,0.0,BankTransfer,3.0,3.7,2197.55
41181,2023-02-10,aba1fbbf-8d31-4f4e-9b2b-d5c0d947f2ef,Beauty,Europe,2,379.72,0.2,BankTransfer,9.0,3.6,607.55
64940,2024-08-21,a91a55e2-bc1f-4314-bfed-1ec892f7101c,Beauty,Oceania,4,132.23,0.15,BankTransfer,5.0,2.9,449.58
34849,2023-07-20,2f4c0489-1a73-4394-82c6-ccdf824a7619,Home,Europe,1,64.0,0.05,Cash,8.0,4.3,60.8
8310,2025-09-28,8c38c18b-02de-4556-9f27-e8b562e03868,Electronics,Oceania,4,358.25,0.0,BankTransfer,4.0,3.5,1433.0
28101,2024-02-15,5ed69b88-fdbe-4e47-9edf-5358756b17cc,Toys,North America,4,183.75,0.2,Cash,8.0,2.9,588.0
7216,2025-01-05,0b3b81a9-ddd6-42a8-a925-f2d53b36c46e,Beauty,Asia,1,161.83,0.0,PayPal,7.0,3.1,161.83
27022,2025-10-16,94d9de10-626b-4be2-97e3-fd17947b7b7e,Automotive,Asia,3,224.06,0.05,BankTransfer,6.0,3.2,638.57
15045,2024-11-17,89caa69d-e741-419d-8eb4-c02507ed9338,Beauty,North America,6,130.878,0.0,BankTransfer,1.0,3.7,785.27
2541,2025-01-07,33bcb8a9-c71d-4564-8992-b886c8f216c1,Electronics,Oceania,5,159.43,0.05,CreditCard,6.0,4.3,757.29
47993,2025-03-08,0e97838b-8bc9-441d-b16b-ebca6ff151f8,Toys,Africa,4,195.69,0.05,BankTransfer,7.0,4.4,743.62
71732,2023-03-01,acbb49f5-db13-4528-bc2a-c7ec90670e73,Beauty,North America,5,187.61,0.0,CreditCard,6.0,4.2,938.05
97619,2024-08-24,7f5b1d1e-dd06-4803-9a60-1fc639898d07,Beauty,South America,2,135.52,0.15,BankTransfer,6.0,2.7,230.38
62383,2023-05-21,01f0977c-077d-464a-be57-13bec0752cd6,Electronics,North America,1,68.36,0.0,Cash,3.0,3.1,68.36
47677,2024-11-19,68c8a81e-3470-4b92-a1fc-72376877c029,Electronics,South America,6,223.128,0.0,CreditCard,5.0,2.2,1338.77
95791,2024-05-02,8e3999e1-1c52-4f1b-8165-38b1fcd0f787,Home,Africa,1,470.13,0.0,PayPal,3.0,4.8,470.13
69805,2025-05-17,1a39d795-fa2c-4d96-a914-f1acd2a291f6,Electronics,Africa,2,212.18,0.0,PayPal,1.0,4.7,424.36
56651,2025-11-06,26967c7d-8e87-456f-9479-c50e4e338444,Automotive,North America,6,68.15700000000001,0.15,Cash,5.0,2.1,347.6
30863,2023-10-11,2d2bacc7-b992-4653-bc59-6f036eda748e,Beauty,Europe,5,427.11,0.05,BankTransfer,5.0,2.6,2028.77
44386,2023-11-26,9da2e08c-e363-42ce-b53c-2e602500d400,Sports,Africa,4,419.913,0.1,CreditCard,4.0,3.3,1511.69
4245,2023-06-23,d92d9519-9e24-4724-a47a-7b03768ae6fb,Sports,Europe,2,68.88,0.05,PayPal,9.0,3.8,130.87
3892,2023-04-18,a8702d97-10e6-4176-b858-3966757256f6,Home,Africa,2,358.68,0.0,Cash,7.0,4.9,717.36
21106,2025-09-17,b4848204-fa06-4d04-9bcf-ecffa4771141,Automotive,Oceania,1,46.98,0.15,BankTransfer,2.0,4.9,39.93
88754,2024-05-17,e7daacc9-48b0-4d61-a8c2-579ffe7e8f5d,Sports,Europe,5,457.43,0.05,CreditCard,6.0,3.3,2172.79
75692,2024-12-13,17049677-3515-4769-9ef3-37cd0f2af0dc,Automotive,North America,2,222.87,0.1,CreditCard,8.0,3.2,401.17
78914,2025-04-14,9e87b30d-7417-4cb1-a5a7-69e8e790e76d,Toys,Africa,2,359.47,0.0,BankTransfer,3.0,3.9,718.94
98589,2023-01-29,a5b2b2f9-187b-4952-b3c8-c79fe7779d32,Beauty,Europe,2,48.41,0.0,PayPal,3.0,2.0,96.82
82107,2025-12-20,80909476-28e4-4949-9b33-d59b2054ff23,Electronics,Asia,5,262.17,0.0,PayPal,5.0,4.8,1310.85
2299,2024-11-05,01ae7eb1-4d45-4ea5-a3ec-4f6afe503fdc,Fashion,North America,2,256.455,0.0,BankTransfer,3.0,4.4,512.91
19212,2023-02-04,3f8c18bb-5256-47f6-8b97-e77887f831f8,Toys,South America,3,352.7,0.0,BankTransfer,9.0,2.2,1058.1
10830,2024-05-22,44f36f67-9f9f-4d78-b19e-5eb1afcb7996,Sports,Oceania,4,248.65,0.1,BankTransfer,5.0,4.9,895.14
29138,2025-09-29,1f244b3a-a251-46b3-b3a2-2d6a14a607f1,Electronics,North America,5,20.79,0.1,PayPal,2.0,2.7,93.56
14698,2025-05-24,5f0813df-ed28-430d-b3f9-cbf62bfd154f,Home,Africa,1,49.83,0.15,BankTransfer,9.0,3.7,42.36
12960,2023-12-22,82de9e73-3005-4231-b33c-bb95ebdeaaf9,Toys,Europe,2,309.82,0.0,PayPal,2.0,4.8,619.64
13565,2024-11-18,a4dda659-67f2-47fb-9a41-6b1688a82092,Beauty,North America,5,353.475,0.15,PayPal,6.0,2.3,1502.27
67355,2024-07-10,759d3b9a-8fc1-4373-87f5-0e8cdddcc24c,Electronics,Oceania,5,494.52,0.05,CreditCard,7.0,4.0,2348.97
70116,2023-11-09,1d2c87ce-8b95-4b57-bff5-106df8db3033,Home,Africa,3,304.857,0.2,CreditCard,2.0,4.7,731.66
6101,2025-12-03,181af69a-16cf-4211-94f0-327b1e978ef7,Electronics,Africa,1,214.91,0.1,CreditCard,6.0,4.8,193.42
84960,2023-09-11,b55a0fbd-6210-4dc7-b5cf-03eba482471e,Toys,South America,3,453.13,0.0,Cash,2.0,3.3,1359.39
51362,2024-09-20,e4805b0e-ba2d-4c51-8419-8f10c7e8bccd,Fashion,Asia,4,366.93,0.05,Cash,1.0,2.4,1394.33
54128,2023-01-16,be06f567-ced1-42d0-95b2-95167df00c9a,Automotive,South America,1,309.37,0.1,PayPal,3.0,2.6,278.43
19455,2023-04-12,703179c1-3a32-4738-9fb5-3919d1b31ef8,Electronics,North America,3,356.98,0.0,CreditCard,9.0,2.3,1070.94
17437,2023-08-21,98268773-5e14-4ea1-b28b-66261724b6a7,Toys,Africa,1,427.12,0.0,PayPal,5.0,2.4,427.12
32705,2025-08-04,ea5b3bcd-e068-4420-b8bd-727a68c4ecaf,Sports,Europe,1,345.84,0.0,Cash,7.0,3.8,345.84
53083,2025-08-18,847489f1-919a-4ef0-896e-ea2442a46482,Sports,Oceania,3,306.48,0.0,BankTransfer,9.0,3.1,919.44
14890,2023-12-28,7b5f2193-dac5-4d5b-8910-42d056b766a5,Home,Africa,3,255.07,0.0,CreditCard,9.0,4.3,765.21
77075,2024-08-24,489ea94d-9490-446e-a089-25aa12cc116a,Fashion,South America,2,167.77,0.0,CreditCard,3.0,2.5,335.54
72065,2025-02-22,68a381d7-fe2a-4078-b143-676d11be1b8f,Toys,North America,4,403.03,0.05,CreditCard,2.0,3.4,1531.51
18343,2025-02-21,39093829-edaa-49d9-9bbd-038e2d65e1e7,Beauty,Africa,3,146.66,0.0,CreditCard,,3.5,439.98
76636,2023-06-02,645094dc-4819-49e2-a19f-3e62dbb4163b,Toys,Africa,4,413.7,0.05,CreditCard,7.0,2.4,1572.06
58983,2025-07-28,eaf8905d-0224-42aa-b547-912483e56206,Electronics,North America,3,168.15,0.0,PayPal,4.0,3.2,504.45
69233,2024-03-28,15d84e9b-003e-405d-85a4-ab81f85cc63f,Toys,Oceania,2,175.64,0.05,PayPal,8.0,4.6,333.72
53391,2024-09-26,b69f2d3f-599b-4f92-86d0-a9e5217fbc77,Beauty,Oceania,5,38.65,0.0,BankTransfer,8.0,2.1,193.25
94040,2024-05-13,8c1a46ed-f63d-4938-9e51-b5b9d4162b88,Sports,North America,1,486.78,0.1,PayPal,3.0,2.9,438.1
65645,2025-09-10,804f686a-0468-45ab-8c70-c4598a56b467,Automotive,Asia,5,478.48,0.2,Cash,3.0,2.3,1913.92
35769,2025-01-09,4e333ecd-7e85-4680-b49d-0f7d66d46361,Electronics,Europe,5,421.06,0.1,BankTransfer,1.0,2.5,1894.77
8649,2024-03-28,37d9f94a-87e8-43e5-b4ae-6f01bfc3535d,Home,North America,4,77.7,0.1,CreditCard,5.0,3.3,279.72
91530,2023-01-17,28309a79-fc0d-4567-bb4c-e00fe730bbdc,Electronics,Oceania,5,118.42,0.0,Cash,7.0,2.5,592.1
61936,2025-03-18,a0d3f12d-30f9-4dc7-95ec-ecc170753a38,Automotive,Africa,5,209.29,0.0,BankTransfer,,4.3,1046.45
2714,2025-01-10,59fcfaeb-7229-44a9-af7c-e6091a99aae0,Home,Asia,4,191.63,0.0,BankTransfer,,3.1,766.52
59703,2024-07-02,9af25277-45d9-4e56-b5a0-4e1dc005c4b6,Sports,Oceania,4,17.27,0.1,BankTransfer,1.0,3.1,62.17
59063,2025-09-24,60e4ee04-d7c7-4cac-8478-bbd08d9cffd3,Home,Oceania,2,252.93,0.15,PayPal,4.0,3.5,429.98
9966,2024-01-23,abf5c5d8-7582-40a7-b4a7-4d4353067ada,Toys,South America,5,54.63,0.15,PayPal,8.0,4.8,232.18
1177,2023-08-31,18fdd2b9-79e5-49aa-992a-35497ba109d0,Electronics,South America,4,25.61,0.0,CreditCard,8.0,3.6,102.44
14045,2024-09-17,41cf509d-a0ac-4cd1-b1dc-bdad27d7772d,Fashion,Africa,1,231.71,0.15,PayPal,4.0,3.0,196.95
58365,2023-10-28,39a8ab5a-bf9c-41e7-aa47-8c843f67ed89,Home,Oceania,4,440.76,0.1,BankTransfer,2.0,2.6,1586.74
34629,2023-10-22,2a940b39-6dde-4126-95db-0d11c5cb9ad3,,Europe,1,308.4,0.0,BankTransfer,4.0,4.3,308.4
7891,2024-08-17,8776b75f-ecef-43a2-be19-b37aa966544f,Fashion,Oceania,5,352.43,0.1,BankTransfer,6.0,4.6,1585.94
36629,2025-08-16,748485cb-2bc1-44e9-a2f6-dd04507e4fa4,Beauty,North America,2,132.39,0.0,PayPal,8.0,2.7,264.78
21843,2023-01-21,04badcf4-9000-42e3-9599-1dbf6609b9a1,Electronics,Europe,3,393.27,0.0,CreditCard,5.0,3.9,1179.81
34848,2023-07-10,6960db16-93d0-41d0-9003-22f5a66dc044,Fashion,South America,3,227.9,0.05,PayPal,5.0,2.7,649.52
10580,2024-09-24,ddf08ae0-34e6-4a9d-99ae-1f6eb5944a43,Sports,Africa,4,144.92,0.0,PayPal,8.0,2.2,579.68
86258,2025-02-08,a1ebe82c-10b1-4d85-84b2-9a401b114518,Sports,North America,4,90.9,0.2,CreditCard,8.0,2.2,290.88
80954,2024-09-18,932c2f0c-bb8d-43c1-a9df-2bc15488ca81,Beauty,Africa,3,485.84,0.0,Cash,,2.3,1457.52
7096,2024-07-17,a3593aec-d5d1-4ae2-8940-e0fa08509d96,Sports,Oceania,1,348.05,0.0,PayPal,9.0,2.7,348.05
90340,2025-09-05,9d1d0c19-4ff2-450f-b8fb-91ecb11457a7,Electronics,Oceania,2,278.89,0.0,BankTransfer,1.0,4.2,557.78
60178,2024-07-24,a469625b-8178-4a1b-b732-4ab14abbdf36,Automotive,Oceania,1,143.2,0.1,Cash,5.0,3.6,128.88
38885,2023-03-21,807e2a30-f8ed-475e-a258-33d446742ba4,Automotive,Asia,2,241.44,0.0,PayPal,8.0,5.0,482.88
42004,2024-04-14,fa1c7b4a-ab21-4471-9b19-af8d842b4424,Automotive,Africa,2,454.11,0.1,Cash,5.0,2.2,817.4
81017,2023-10-11,94235872-ce9d-4e59-ae9d-60dc6113b767,Sports,North America,3,141.75,0.0,Cash,2.0,2.5,425.25
16441,2025-12-25,d5ff79dc-e5fb-4b5d-b24c-1363ef9dbfbc,Automotive,Oceania,5,305.72,0.0,Cash,4.0,2.5,1528.6
44833,2025-07-27,cb4a11c2-de99-44b0-aa05-a5f7b8048514,Home,North America,1,433.3,0.0,,6.0,3.6,433.3
68602,2024-06-19,c95811d6-28f9-4112-a1ae-c062d3bc3182,Fashion,South America,5,20.53,0.0,PayPal,4.0,4.7,102.65
87798,2023-09-11,7f39a9a5-ed0d-440c-a562-3c4aff6ce3b8,Automotive,North America,4,16.83,0.15,PayPal,4.0,2.3,57.22
95714,2025-12-21,236f3916-0362-4fa7-bc23-9dad58b6e71c,Sports,South America,2,163.2,0.05,Cash,8.0,4.9,310.08
51678,2025-02-26,e19bbc4e-ba2f-4ca6-aa0a-b7ba689ddd56,Fashion,North America,1,109.9,0.05,Cash,3.0,3.4,104.4
56712,2025-04-12,019403d2-8370-400b-8b17-a9f62ea4d27b,Electronics,Asia,2,312.75,0.0,PayPal,4.0,4.9,625.5
97337,2023-06-01,34641417-e8fc-4b4b-993b-07335181e98d,Toys,South America,3,157.04,0.0,BankTransfer,2.0,3.9,471.12
95276,2025-03-05,507c2d67-b297-4805-8789-7a52402cab0c,Toys,Europe,2,16.63,0.15,CreditCard,2.0,3.4,28.27
3242,2025-06-30,92051da0-e264-4336-95ad-86bcf1db9ad8,Beauty,North America,3,190.13,0.15,Cash,9.0,2.3,484.83
65572,2025-03-04,57bb42df-7b8f-406a-86ec-5ef8fe5318ed,Electronics,Oceania,3,36.63,0.1,BankTransfer,3.0,3.9,98.9
76793,2024-01-24,61fd4793-ba60-416d-842c-ec411b657b19,Electronics,South America,4,410.1,0.1,Cash,5.0,3.2,1476.36
843,2024-07-11,20f0156a-1e6a-4628-9c6d-52d5ae2e9af9,Automotive,South America,2,244.2,0.05,CreditCard,6.0,2.7,463.98
66826,2023-08-27,e6eb45a3-fbef-4069-98f6-b696c91c9320,Toys,Asia,2,437.54,0.15,CreditCard,7.0,3.0,743.82
72267,2025-10-18,5620cb85-abd8-47ee-8191-0a17f93b0047,Beauty,Asia,4,275.37,0.0,CreditCard,4.0,4.7,1101.48
64905,2025-03-05,f958f9a6-4736-4cc5-ad5a-b0063a1dda1b,Toys,Africa,3,436.11,0.05,Cash,7.0,3.7,1242.91
29651,2023-01-07,05dc0f1b-5cba-4958-baa9-6717cd7a9d15,Home,Asia,5,249.95,0.1,PayPal,5.0,3.0,1124.78
56670,2024-09-17,c7b59ff2-f38f-4125-9fbb-8bac91a5b683,Beauty,Europe,4,44.21,0.0,Cash,5.0,4.7,176.84
77580,2023-03-26,eac1e888-de65-4815-8a50-74f307960260,Electronics,Africa,4,174.04,0.0,BankTransfer,8.0,2.7,696.16
91469,2023-09-10,87b052e4-c12f-46e9-bd32-6ed04bc62d76,Fashion,Africa,5,19.08,,CreditCard,2.0,4.8,90.63
57445,2025-07-03,25418a18-f0fc-4c08-8431-cfe3ede4415e,Automotive,Africa,5,420.22,0.0,BankTransfer,9.0,2.6,2101.1
90033,2023-03-11,7a2a4090-23cd-4d80-8b87-d8e644915e4d,Sports,South America,5,443.69,0.0,PayPal,9.0,4.8,2218.45
80940,2025-03-05,9f874728-3d83-4007-a28c-b767de125922,Toys,Europe,1,28.13,0.0,BankTransfer,4.0,2.4,28.13
73235,2023-11-04,ae019f2d-6f34-4682-9a23-5f100beb3489,Automotive,Europe,4,227.772,0.1,PayPal,5.0,3.9,819.98
24238,2023-01-17,ee608e1f-7f64-40ae-b846-e85d6627cd56,Automotive,South America,3,457.77,0.0,PayPal,5.0,4.9,1373.31
91590,2024-11-27,f6b9d4ca-5bc6-4796-93b9-846bd41f1324,Sports,Oceania,4,188.694,0.0,CreditCard,8.0,3.8,754.78
59848,2024-11-30,7a307926-93a6-47bc-bb8a-285cafd98510,Fashion,South America,6,215.388,0.0,PayPal,2.0,3.0,1292.33
58732,2025-05-29,1e41361d-957d-4de3-8b00-5de316db34c3,Electronics,South America,5,178.88,0.05,CreditCard,8.0,4.9,849.68
93889,2023-04-27,05c482d9-274f-4158-bca2-03c8a23306ae,Home,Asia,4,149.09,0.0,Cash,6.0,2.4,596.36
4644,2025-02-13,9e3bc735-071f-4a27-a72e-31b197e1bc36,Toys,North America,3,100.82,0.05,PayPal,6.0,4.5,287.34
97145,2024-09-26,8d1254cb-2dc6-4ae9-9235-23909264e78f,Automotive,Asia,5,,0.05,PayPal,6.0,3.3,763.89
49561,2024-04-28,6eb21a24-49c4-4a27-a114-ca04fb75848b,Toys,South America,5,315.01,0.05,CreditCard,4.0,4.2,1496.3
47437,2024-10-04,25ee2c1e-968f-4933-a6d2-9577cc5b7b9c,Electronics,Africa,2,229.78,0.0,CreditCard,1.0,3.2,459.56
62621,2025-02-19,d99f0444-6db6-4f62-9b10-75578c8e652c,Home,Europe,1,480.09,0.05,PayPal,5.0,3.2,456.09
35404,2025-12-22,67577a98-d3fe-4480-a0ca-bbc6f0d65ed0,Home,North America,3,294.5,0.1,CreditCard,1.0,4.0,795.15
3017,2024-07-12,f3d6b9f2-d4d7-40ca-b08d-16769d09a404,Electronics,South America,5,102.62,0.0,BankTransfer,4.0,3.4,513.1
15040,2025-09-05,ea9a5102-4557-41ab-9422-8d75e0d0734f,Automotive,Oceania,3,59.92,0.0,CreditCard,3.0,3.2,179.76
98734,2023-09-29,b6631bb4-84cf-45f9-a131-aaed5de7d461,Automotive,Europe,5,423.5,0.05,BankTransfer,3.0,3.2,2011.62
53057,2025-11-28,edb3a9b4-22f3-46dc-a8a3-dd24f803ccbf,Sports,North America,6,357.408,0.0,Cash,5.0,4.0,2144.45
42513,2023-10-31,44a32bc5-a2c9-4188-9174-5b7a0cd65d01,Fashion,South America,2,252.26,0.2,BankTransfer,8.0,4.9,403.62
14443,2023-10-03,fc713b1b-e329-451f-8370-f6e705de7ead,Fashion,Oceania,1,284.27,0.2,PayPal,7.0,2.6,227.42
30896,2025-01-22,70e4d888-0952-48c8-8cb5-ce532a4c01f4,Toys,South America,3,233.01,0.0,CreditCard,5.0,4.7,699.03
13520,2023-03-14,4dc41ea9-e36d-4559-a49c-9a6e9968484e,Fashion,Asia,1,169.95,0.0,BankTransfer,3.0,4.4,169.95
72855,2024-05-23,2a476530-88eb-4f77-93de-ac055705ab5b,Fashion,North America,2,44.78,0.0,BankTransfer,9.0,4.8,89.56
60199,2024-09-28,ebe90057-be2a-4bef-b9a7-2adec571ff4e,Sports,Africa,4,437.07,0.05,CreditCard,6.0,2.2,1660.87
38717,2023-10-31,0ac22c6b-4975-4aad-a6ad-60be72c0b8a9,Electronics,Asia,2,358.99,0.05,PayPal,6.0,2.7,682.08
25129,2024-06-21,d3c41461-912e-4ca2-af7b-60893ee40698,Home,North America,2,65.62,0.0,Cash,2.0,3.2,131.24
42473,2025-07-07,02b77c5d-37ab-4ae7-b9c9-3336916a3c1a,Toys,Africa,5,452.62,0.05,BankTransfer,5.0,4.7,2149.94
96443,2025-01-07,66783830-9f50-4a11-bc78-c405ff6851ff,Toys,North America,4,329.34,0.0,PayPal,8.0,4.1,1317.36
64593,2025-07-17,1974fdae-ad4d-4ea6-8622-bc7811eed364,Electronics,Asia,1,309.26,0.1,PayPal,8.0,3.9,278.33
98357,2023-10-15,6d4b5d6f-3c97-4377-a218-a051a8b7f08c,Electronics,Asia,1,413.74,0.15,BankTransfer,6.0,3.2,351.68
64720,2025-10-12,85023342-6429-42d2-b329-c6597df15612,Automotive,South America,3,180.59,0.0,PayPal,8.0,3.3,541.77
33862,2024-04-17,c837f0cc-7629-48b6-8727-152c5a14bab2,Home,North America,3,345.86,0.1,CreditCard,5.0,2.3,933.82
40579,2024-04-18,ae04f3ef-e783-4f2c-ab59-7840c518b6ef,Fashion,Asia,1,123.85,0.0,CreditCard,1.0,4.7,123.85
94036,2024-09-09,0126fd53-05fe-4bf8-b996-b1aa8e27e50e,Automotive,North America,3,172.15,0.05,PayPal,8.0,2.5,490.63
98282,2023-10-27,70b6da16-70b9-48f9-9dd0-38288943400b,Electronics,South America,3,389.91,0.0,PayPal,7.0,2.6,1169.73
58523,2023-05-07,fba3273c-d660-48a4-90ab-ba83551cca64,Home,North America,5,375.37,0.05,PayPal,2.0,4.7,1783.01
14767,2023-05-20,1837e8b9-2a3c-4f6b-bcef-0b0b05d9f92f,Automotive,Europe,5,386.95,0.05,Cash,5.0,3.4,1838.01
89353,2023-04-24,d438abb3-3a78-4bfb-9ea9-6338316fe89d,Toys,North America,1,238.3,0.0,Cash,1.0,2.5,238.3
49078,2023-07-04,38ce9369-5940-4314-9eda-a4c6dadce584,Fashion,Oceania,1,455.08,0.05,CreditCard,6.0,2.6,432.33
31999,2025-10-11,8c63f503-49b2-448c-a15e-729e102925ea,Toys,Africa,1,56.51,0.05,CreditCard,8.0,2.7,53.68
28786,2023-02-05,82e612a8-4597-4767-b31f-fe8e7d6be102,Beauty,Oceania,5,445.58,0.1,BankTransfer,7.0,2.6,2005.11
12078,2023-02-16,4c956585-a59b-4682-b3ff-e304b50e33d7,Toys,Asia,4,439.83,0.0,BankTransfer,9.0,3.3,1759.32
87375,2025-02-06,c0c06ac2-1e81-4c83-aad1-09be7b5cf2e3,Beauty,Europe,5,213.73,0.0,CreditCard,3.0,4.6,1068.65
79082,2023-06-20,d02bbb81-93d0-47d7-899f-c300c00b2c91,,Europe,4,285.24,0.05,Cash,6.0,4.7,1083.91
86301,2024-10-01,d5f1c4fd-c149-46bd-b302-5a537f1d0d4a,Home,South America,2,5.26,0.05,Cash,3.0,4.5,9.99
42353,2024-10-03,0a1b9fdd-a37b-40eb-a75d-c3730b794deb,Fashion,North America,3,101.6,0.1,PayPal,1.0,3.6,274.32
11795,2023-06-27,8100dc08-07dd-4bf3-8248-256f6b47738a,Fashion,Asia,2,108.59,0.05,BankTransfer,3.0,4.3,206.32
80293,2025-08-18,128b16ed-391f-4c8d-8e27-e83731bf3160,Automotive,Asia,2,172.94,0.05,PayPal,1.0,2.7,328.59
41534,2023-12-20,bdc02ba1-acd1-4303-ad8b-b832dd9b2d0c,Automotive,North America,4,127.09,0.1,Cash,3.0,3.6,457.52
96666,2025-03-24,1cf15472-4fe4-45f2-b151-acfe3fe93622,Automotive,Oceania,5,222.34,0.15,BankTransfer,5.0,3.9,944.94
55411,2023-01-24,f0b3ba86-0d07-40d0-b09a-04e8979ab104,Fashion,Europe,3,491.36,0.05,PayPal,6.0,2.6,1400.38
48262,2024-03-07,39a5442f-3818-4c5f-89e8-8194f55b5f1c,Automotive,Oceania,2,305.14,0.05,CreditCard,7.0,2.0,579.77
96084,2025-09-01,480bbd00-c6c4-4dfb-86d4-0ae70760beda,Sports,Asia,5,17.06,0.15,Cash,2.0,2.9,72.5
53173,2024-05-18,740dd662-6d68-47bd-a54c-0527a80f342f,Automotive,Oceania,3,251.29,0.0,PayPal,7.0,3.6,753.87
47988,2023-02-19,68dab362-6ca2-4fb9-a92c-6ba9939fa6ec,Home,North America,5,410.14,0.15,Cash,5.0,3.5,1743.09
80783,2025-07-22,73236a01-54db-43b1-b12e-f0f3cdd2d129,Electronics,Asia,2,114.65,0.0,PayPal,4.0,2.4,229.3
1739,2024-03-09,f4acc7e2-fa57-4cea-b957-134490a4a421,Sports,Europe,5,366.16,0.1,Cash,9.0,2.7,1647.72
55816,2024-05-09,933ec0cd-07ca-4fbe-8b82-6efdebc3af7c,Electronics,Asia,4,325.64,0.0,Cash,9.0,2.9,1302.56
58012,2024-03-01,3c823035-f64f-4a09-874f-45e10cc000c6,Fashion,Africa,4,465.3,0.0,Cash,8.0,3.2,1861.2
72120,2023-07-02,8bd9c270-ab77-4b51-af5f-351e2c9f7c77,Electronics,South America,1,60.18,0.0,BankTransfer,1.0,4.9,60.18
96190,2025-09-27,28a775b7-ae00-4316-9f10-9f59a4d9ac7c,Sports,North America,2,456.77,0.1,CreditCard,3.0,3.0,822.19
85808,2023-03-28,5e98552b-d087-4adb-9c37-04a1bd446be7,Sports,South America,3,459.07,0.0,PayPal,6.0,4.4,1377.21
47124,2023-02-24,87bb957c-93b9-4827-94a0-32fffff5ac3f,Sports,Oceania,4,53.4,0.15,Cash,6.0,3.3,181.56
93669,2023-02-13,0fe708ab-c291-4db6-aef0-b5f51ba8c26c,Electronics,Asia,2,467.04,0.0,BankTransfer,8.0,4.7,934.08
15084,2023-01-22,b5663d62-60fd-444f-aa42-cb5161336c44,Fashion,Europe,4,208.63,0.0,PayPal,8.0,2.2,834.52
49418,2024-01-05,0eba908d-d7cc-48c1-bd1a-e74938ab106d,Sports,Africa,5,123.81,0.0,PayPal,6.0,3.9,619.05
65791,2025-07-01,e3f302d0-5f21-4ba2-9016-f08b913df498,Sports,South America,4,184.22,0.1,Cash,3.0,2.1,663.19
12477,2025-06-01,b255b709-502b-4dc0-89c6-589a71ca8099,Home,North America,5,451.7,0.0,BankTransfer,1.0,2.8,2258.5
16154,2023-04-07,a287fc6d-f6aa-4893-b7df-f112bd275765,Beauty,Europe,3,82.5,0.1,PayPal,6.0,3.4,222.75
55006,2023-04-05,249e4334-f556-4d71-bba4-786255fd880a,Home,Africa,2,167.19,0.0,PayPal,9.0,5.0,334.38
40652,2024-08-07,641c130f-0089-4bad-bb62-be81aceec77a,Beauty,Africa,4,342.67,0.1,PayPal,5.0,4.5,1233.61
42567,2023-10-29,ab8be989-b577-4d52-8750-86a210325c76,Fashion,North America,5,100.82,0.2,BankTransfer,7.0,4.8,403.28
65720,2023-11-05,c02f5543-219e-4915-a5c6-543e2162c519,Electronics,Europe,2,129.285,0.0,PayPal,2.0,2.2,258.57
72497,2023-08-12,9f50a293-4a8d-442b-8009-f032a4422a48,Electronics,North America,4,235.83,0.0,Cash,1.0,3.6,943.32
38355,2024-01-31,faf7e81e-373a-468c-97f2-3c1d25a0e12b,Electronics,Europe,1,35.39,0.05,Cash,7.0,3.5,33.62
30821,2025-05-12,21d73c7c-1f5d-4fee-9b05-100d00dafbb8,Sports,Africa,5,28.58,0.0,Cash,6.0,3.3,142.9
3822,2024-04-04,34dbda6b-dd9e-4b6d-a751-82a4f48138b5,Electronics,South America,2,16.0,0.0,PayPal,3.0,2.9,32.0
79755,2023-03-01,549361c2-da1e-45b6-bef7-9c365c7571cb,Toys,Asia,5,112.72,0.15,CreditCard,8.0,2.8,479.06
58892,2025-09-04,eb7157f0-e5d1-4d75-ac69-d4c03f4c4bee,Toys,South America,4,72.41,0.0,CreditCard,2.0,4.7,289.64
48870,2023-05-06,b66a26c3-caf2-46c4-b0d3-8708dd0717e1,Home,South America,2,165.26,0.15,CreditCard,2.0,2.0,280.94
28074,2025-06-12,ef4531dc-ac9b-4b56-9487-18a0d755db73,Home,Oceania,1,173.43,0.0,BankTransfer,8.0,4.1,173.43
83728,2023-09-18,a3ab3d8f-457a-42e1-9340-dd02f928a5a6,Home,South America,4,372.18,0.0,BankTransfer,2.0,3.0,1488.72
72218,2023-10-24,9e069061-7e7a-451c-bab5-25e486289bae,Fashion,Africa,1,273.58,0.0,BankTransfer,4.0,4.0,273.58
76007,2023-12-15,24f9056d-95df-4cdd-b8b6-0e2a7a26d8a4,Electronics,Europe,3,295.45,0.05,CreditCard,7.0,3.3,842.03
5155,2025-06-09,2abc4b2f-b0a6-4457-8620-5f4a6e718848,Beauty,Asia,2,253.12,0.05,Cash,5.0,2.7,480.93
48039,2023-10-11,0cf3399f-fb8a-4051-9e91-6d024ee78225,Fashion,Oceania,3,240.79,0.05,PayPal,4.0,2.4,686.25
11119,2023-07-14,4340d816-e17c-4533-99ce-8b2660293a67,Automotive,Oceania,1,71.13,0.1,BankTransfer,1.0,4.7,64.02
6092,2025-06-03,f88c2664-01bc-475c-9cdc-23fc50805bbf,Home,Asia,2,121.43,0.0,PayPal,3.0,2.4,242.86
44992,2023-11-15,a3d83d8b-8882-48a7-a91b-e0c61f1352ea,Beauty,Oceania,4,195.066,0.05,PayPal,9.0,2.7,741.25
89919,2024-12-17,d6bbb8fc-9a09-4f4d-82f5-5a69156d2b65,Toys,Africa,4,248.54,0.05,Cash,3.0,3.9,944.45
57622,2024-04-17,ebf23019-3023-4a61-8468-02d42ee1b3dc,Fashion,Oceania,4,338.87,0.15,PayPal,1.0,2.4,1152.16
15324,2023-01-07,058ff66e-d5a3-4c5e-9cf0-53653c6e5ced,Home,Asia,4,117.29,0.0,PayPal,5.0,4.6,469.16
29336,2025-01-05,38129127-c176-4999-a5e1-9f2eb1f04f81,Automotive,North America,3,363.25,0.15,PayPal,3.0,2.5,926.29
9556,2024-05-31,03305744-9ae4-46ba-8228-62c4b7ab7799,Fashion,North America,5,425.81,0.05,BankTransfer,7.0,4.5,2022.6
27272,2024-12-17,ceaade53-2032-419e-825e-f87bea1403f5,Home,North America,2,429.71,0.0,BankTransfer,6.0,4.3,859.42
91609,2025-04-20,6c9e051b-25ef-4d3f-b793-38500c28de25,Beauty,South America,3,409.61,0.0,,8.0,3.9,1228.83
12879,2024-04-05,bac2b1e1-4125-44e2-9894-8127b76091df,Fashion,Europe,2,36.38,0.05,CreditCard,9.0,3.9,69.12
50360,2023-01-13,04ecab55-be5f-4178-8381-a8b15bbf99fc,Automotive,Africa,4,19.8,0.1,CreditCard,9.0,4.7,71.28
17543,2024-11-16,8d09d751-1470-4624-8f2a-61c04f153435,Electronics,Africa,4,105.21,0.05,CreditCard,9.0,4.2,399.8
86904,2023-08-12,9eb5f3b7-1a9e-4e79-8b79-cd1cba7f3ed0,Toys,Oceania,5,217.84,0.0,PayPal,8.0,3.5,1089.2
10464,2023-04-05,c7eee466-ea96-4da4-9f46-76a12ff24e9a,Beauty,South America,2,272.18,0.0,CreditCard,7.0,3.2,544.36
13825,2024-11-15,74be52b3-fbee-4066-b16f-6e038c59fd47,Automotive,Asia,2,437.868,0.0,CreditCard,8.0,3.2,875.74
89364,2024-04-16,47283587-36e9-4318-b14c-b979d2f89c43,Fashion,Oceania,3,434.4,0.1,PayPal,4.0,4.8,1172.88
46707,2024-12-27,4225569d-334c-4d87-994d-86c2ffdd933b,Electronics,Africa,5,384.89,0.05,BankTransfer,9.0,3.1,1828.23
31781,2023-10-02,6cfc78a6-0b98-4e6b-a834-81b9f4bc3def,Electronics,Oceania,3,176.81,0.1,BankTransfer,2.0,3.2,477.39
67332,2024-07-22,30b78ee1-7cae-46f5-82f7-ea05d05658b2,Electronics,South America,3,28.08,0.2,Cash,6.0,2.3,67.39
50212,2023-03-21,ae01a90f-dae4-4236-9a80-9472cdb503f2,Fashion,South America,4,40.6,0.0,BankTransfer,2.0,3.5,162.4
7256,2023-03-09,c3b0de86-15b7-4e01-9bc8-41bd6b9c7e6b,Fashion,Asia,5,403.86,0.1,PayPal,5.0,2.2,1817.37
37853,2025-05-03,7e424685-28db-42c1-91f3-e27887f44648,Toys,South America,4,299.94,0.05,CreditCard,8.0,2.2,1139.77
78802,2024-10-02,cbe164c4-0e02-43f4-945c-bc2488cb4750,Automotive,North America,3,166.93,0.0,CreditCard,6.0,2.7,500.79
103,2025-08-21,dd59ba71-36b8-4481-bb3a-4e3e7c52fa17,Automotive,Europe,2,152.49,0.15,PayPal,5.0,4.4,259.23
3338,2023-07-10,99afee64-9024-4225-84bb-10e079f7f38c,Home,South America,3,46.98,0.1,PayPal,8.0,4.2,126.85
2514,2023-01-14,1d2467e2-0191-419d-845c-3fbb52ecac27,Beauty,Asia,5,44.52,0.1,PayPal,5.0,3.9,200.34
49720,2023-07-22,ab3f4c7b-7a15-41fb-b6bc-5bd48911b3a9,Electronics,South America,5,283.49,0.15,CreditCard,1.0,3.7,1204.83
82921,2024-05-25,415ca82f-71d3-4abc-9624-78bec86ca69a,Fashion,Asia,5,166.93,0.0,PayPal,3.0,4.3,834.65
57447,2024-06-07,63379612-7acf-44ea-bec8-909e8976ad5c,Automotive,Europe,2,195.31,0.0,Cash,7.0,3.4,390.62
37016,2025-11-09,e3213a11-3e54-44cc-b750-48938dcfe8c8,Electronics,North America,4,262.773,0.0,BankTransfer,8.0,2.6,1051.09
42372,2024-02-02,0d3f0a6f-a354-4e98-8f37-349218f6b88a,Home,North America,3,443.25,0.05,BankTransfer,5.0,3.2,1263.26
79011,2025-06-11,7a8ae49a-9b9e-4163-bebb-14bf137c2a9f,Toys,South America,5,347.13,0.05,CreditCard,3.0,2.5,1648.87
44601,2025-08-24,20a80fe9-b42d-4174-8145-14be5da83f2c,Toys,Oceania,1,334.6,0.1,PayPal,2.0,2.6,301.14
19560,2024-10-23,d24995c7-8df0-4be1-bf61-2d92509c0b54,Automotive,South America,5,487.44,0.05,PayPal,7.0,3.0,2315.34
68852,2025-03-02,13df10d0-e1a1-4bde-8e3e-167ba4226c1a,,Asia,3,319.81,0.0,Cash,2.0,2.9,959.43
5099,2023-04-03,3a5b171c-b7a4-4108-8dac-20f90abd99fd,Home,Oceania,2,391.13,0.0,Cash,1.0,4.9,782.26
26405,2023-04-01,cd6d047c-ecb0-45d0-b9e3-de4ded6ffcf8,Toys,South America,3,264.63,0.15,BankTransfer,2.0,4.4,674.81
43660,2023-07-24,84b23ebc-a253-4d3d-9770-d58ebb32cbde,Automotive,Asia,3,112.33,0.05,BankTransfer,3.0,3.2,320.14
88050,2025-06-14,d580a185-255c-4550-b395-f09f6c5c241a,Sports,Europe,2,187.73,0.05,BankTransfer,4.0,2.3,356.69
28878,2024-05-19,995bad11-e365-4b2c-af80-0a845bae64a3,Automotive,Asia,3,464.9,0.0,CreditCard,6.0,3.4,1394.7
39183,2024-04-16,d4c77cc3-8279-4d00-b8c3-93c12a7f571e,Toys,Europe,2,366.25,0.05,Cash,9.0,,695.88
64151,2025-04-20,4b8a7264-c538-4878-a8d7-3bde691f7de3,Toys,Asia,5,435.51,0.1,BankTransfer,9.0,3.2,1959.8
35851,2025-10-22,69259be4-bbeb-486b-80b4-b922a2fbd132,Fashion,South America,5,175.62,0.2,Cash,8.0,2.6,702.48
47968,2025-09-11,bf5ab6b5-22d9-4a06-80cd-efb45c85080f,Electronics,South America,1,440.97,0.0,PayPal,9.0,3.2,440.97
83075,2023-12-21,494f4da0-c080-462a-9411-8aa43adb2b16,Fashion,South America,4,490.35,0.0,Cash,5.0,3.3,1961.4
13275,2024-04-26,1bd5f014-3de1-4ef6-b77d-a5d025f78b6f,Home,South America,1,439.82,0.15,BankTransfer,1.0,2.5,373.85
70283,2024-02-17,19e67139-45fe-4a41-85fa-5323458876fb,Electronics,Oceania,3,259.19,0.15,PayPal,8.0,5.0,660.93
29770,2025-10-11,e13676e5-1201-41c5-8534-65b63e49d3fa,Electronics,Oceania,2,237.26,0.0,PayPal,4.0,3.1,474.52
72030,2023-09-22,0149ac30-558d-4c80-88e9-4775413a9fd3,Sports,Africa,3,326.09,0.05,PayPal,3.0,3.3,
60193,2024-05-31,3549862b-e4f2-4edb-a3a2-75310496e8bc,Beauty,Africa,4,192.57,0.0,BankTransfer,2.0,3.7,770.28
19224,2024-07-13,9c788612-a60d-4c0c-a866-f62193ad7a76,Home,Africa,5,20.72,0.0,CreditCard,6.0,4.0,103.6
65988,2024-04-24,f48e9f04-9612-412d-8c68-3a9bcd103252,Toys,North America,2,306.26,0.0,BankTransfer,5.0,3.3,612.52
88944,2023-12-18,e08b02a5-35ac-4b95-a3eb-7abd39acc433,Automotive,Oceania,1,266.27,0.2,Cash,5.0,3.9,213.02
71625,2025-12-08,16237234-f7ff-467e-ae94-19fd8dc95689,Toys,Europe,5,65.61,0.0,PayPal,9.0,4.8,328.05
83858,2025-03-04,0f8e3a49-03e4-49e9-98fe-45de76c3281c,Toys,South America,3,350.72,0.05,Cash,1.0,2.9,999.55
99908,2025-10-17,0424d38b-f0c0-4a8a-8143-78c24a30ccc0,Automotive,North America,4,301.61,0.1,CreditCard,5.0,2.8,1085.8
35594,2023-07-29,a89d8341-5412-4f47-9db3-a240f0f08d0b,Automotive,Asia,1,77.93,0.0,PayPal,7.0,,77.93
64440,2025-02-13,1196d7b3-b3c1-4432-83c2-92c11013c69d,Automotive,Europe,5,423.96,0.05,BankTransfer,4.0,3.9,2013.81
88907,2023-07-14,0480957c-dee9-4938-8e06-1675bc067c19,Automotive,Oceania,3,214.91,0.0,Cash,8.0,2.7,644.73
42088,2023-06-12,be1faf7c-2d24-40c0-8231-082e50da6bb3,Fashion,North America,2,362.6,0.15,PayPal,6.0,5.0,616.42
19712,2023-07-23,148e40d9-e534-4d25-be32-3af0498e8829,Sports,Europe,4,144.12,0.0,PayPal,2.0,4.8,576.48
87675,2024-02-18,fc8d23dd-45d4-400b-95b4-2a72ab8a67b7,Home,South America,3,379.39,0.15,Cash,1.0,3.0,967.44
27344,2023-03-23,6bd11bf2-a6eb-42c7-affc-b034cd33e10c,Electronics,South America,1,240.15,0.2,PayPal,2.0,,192.12
2947,2024-08-25,1cc0b764-b06b-4fca-96b4-05d7712dd406,Home,Oceania,5,26.08,0.0,Cash,7.0,2.4,130.4
81655,2025-04-03,368219b0-2940-4284-a360-5973e42fe2d2,Beauty,Europe,1,345.63,0.15,BankTransfer,1.0,4.2,293.79
19243,2025-10-02,5e57d7f4-5c27-46b7-95e6-b91db27c7e0f,Automotive,Africa,4,469.49,0.1,BankTransfer,2.0,2.3,1690.16
54964,2025-06-16,a7445137-001c-411d-bd3b-38b45b875cf6,Home,Europe,1,153.78,0.0,Cash,5.0,3.8,153.78
68929,2024-12-09,38f2c585-be94-4801-9dba-bf46e9f55d20,Automotive,Asia,5,261.9,0.1,BankTransfer,1.0,3.2,1178.55
60067,2023-10-30,ba7a32fe-30d8-4dfb-b1bd-9d3f918c2b6d,Automotive,North America,1,497.03,0.0,CreditCard,1.0,2.3,497.03
83165,2023-09-07,6017de79-a2fa-48fd-9196-1086ecf27c4b,Automotive,Africa,1,326.81,0.0,BankTransfer,2.0,4.1,326.81
34966,2025-03-06,b5f43f50-68d7-4d6b-9b73-e5ee4eccd313,Automotive,Oceania,1,175.95,0.0,BankTransfer,3.0,2.6,175.95
22384,2025-11-29,84e7a5d9-069b-469e-9d43-bb6358ad6e95,Electronics,South America,3,271.593,0.1,BankTransfer,4.0,4.6,733.3
97706,2024-02-01,13fe75c3-688d-457b-a834-f13f5bb3fcdb,Electronics,Asia,3,372.6,0.1,CreditCard,3.0,3.4,1006.02
90050,2025-04-04,8feee569-ed8f-4f3a-83b4-7595cdeeaea8,Beauty,Africa,1,395.61,0.0,BankTransfer,7.0,4.5,395.61
19765,2024-03-20,5d9a1711-a07c-4bd8-bb58-314e7b25706b,Fashion,South America,2,388.92,0.05,CreditCard,9.0,2.9,738.95
66639,2023-06-24,b0d7b232-958b-40a3-a970-9193ff68b1a8,Toys,Oceania,3,485.29,0.0,BankTransfer,6.0,4.0,1455.87
10948,2023-11-23,a3446306-a0b0-4eca-8aca-873cb6e7552f,Automotive,Oceania,5,351.072,0.0,Cash,1.0,3.1,1755.36
69898,2025-01-25,6833b42d-e644-40a7-a722-5280fcf7e86c,Beauty,South America,2,174.51,0.0,BankTransfer,8.0,4.4,349.02
98052,2025-12-27,3c8adf06-9d93-468e-92ca-6ae8148ea4fd,Toys,Asia,1,473.38,0.15,PayPal,6.0,3.8,402.37
63629,2023-05-26,bfbf6e07-b62d-47d2-9cfe-4e77577118f8,Toys,Oceania,5,339.16,0.0,BankTransfer,2.0,3.7,1695.8
14665,2023-08-28,726fc529-056b-4931-bbdd-eba0d7c07ab8,Sports,Europe,4,435.81,0.15,PayPal,5.0,3.6,1481.75
4362,2025-11-02,f0636972-c737-427a-9e34-106afa902bfb,Beauty,Africa,4,161.496,0.05,CreditCard,1.0,3.0,613.68
33449,2023-04-15,342f2b72-0cac-4cbc-b7be-cf511c1cb8f8,Home,South America,2,299.2,0.15,BankTransfer,1.0,3.1,508.64
62354,2025-05-09,32bfd79e-566e-4dd6-b4b6-9c804b4616d5,Automotive,Oceania,3,95.6,0.1,CreditCard,3.0,4.9,258.12
2765,2024-05-14,092385fe-23d3-4d22-b080-bed6bc3e34af,Sports,North America,3,310.9,0.2,CreditCard,9.0,4.5,746.16
79878,2024-08-16,75f93393-46a1-436c-8581-e4562ca0c951,Beauty,Oceania,2,60.91,0.0,BankTransfer,6.0,4.1,121.82
74605,2024-01-20,3a43b0dd-5b31-4046-8488-c51439e22f3a,Beauty,South America,2,98.19,0.1,PayPal,5.0,3.3,176.74
66233,2024-01-31,5b6ac8c4-d28f-40a1-bbaa-c9672fde9027,Automotive,Asia,4,106.01,0.1,Cash,5.0,4.1,381.64
4609,2023-05-27,9fb30a4d-c071-4a38-bffc-4f097f1464b3,Toys,South America,1,409.64,0.0,Cash,8.0,2.8,409.64
81163,2023-08-06,e9f24dba-13fc-4494-b8e5-c6601ed60796,Sports,Asia,1,449.35,0.05,Cash,6.0,2.6,426.88
41652,2024-02-20,fbca8a75-4eb8-413b-891d-2fd954f2532e,Automotive,North America,5,279.32,0.0,BankTransfer,5.0,2.6,1396.6
13328,2023-10-22,2e4827e2-0ceb-46f4-b54c-087fade0fa8c,Beauty,Oceania,1,201.99,0.05,BankTransfer,4.0,2.0,191.89
23379,2023-08-24,9f689d10-cbfa-493a-ba6a-78d0259aee3b,Fashion,Oceania,4,106.18,0.15,CreditCard,3.0,3.8,361.01
98736,2023-09-06,7928250f-ade3-4ca6-bd4c-6cefbd1b65c1,Automotive,Oceania,2,186.21,0.0,PayPal,9.0,4.9,372.42
477,2024-01-17,8eac0a33-cdf9-44a7-9882-b5c1f79efd70,Electronics,Europe,1,369.42,0.15,Cash,4.0,2.0,314.01
47252,2023-01-07,ea1c7fd1-bb14-4353-96c2-fa5864763622,Beauty,Oceania,5,237.52,0.0,BankTransfer,4.0,2.1,1187.6
30099,2025-07-04,919337ca-65b6-45bf-8eb8-d1b162ae6405,Toys,Africa,4,280.88,0.0,CreditCard,9.0,2.0,1123.52
25141,2024-08-01,7f875546-73b7-41bb-a7f2-6c47dc0f891c,Electronics,South America,4,459.19,0.05,BankTransfer,8.0,4.4,1744.92
11736,2025-05-04,cfa57f25-8f67-4b46-97af-d8f26e1450f9,Sports,Europe,1,13.42,0.0,BankTransfer,5.0,2.8,13.42
56282,2025-04-12,a2ef745a-8f80-42e2-9e5f-abce24654aa9,Toys,North America,5,437.13,0.0,BankTransfer,3.0,2.4,2185.65
17832,2024-10-27,115ec21b-88b4-4790-b575-4a826ac13bd4,Home,Africa,2,131.83,0.15,PayPal,6.0,4.7,224.11
36083,2023-02-01,1e565b5d-7658-4a75-a236-822e2da5a8fa,Home,Europe,2,334.58,0.1,PayPal,7.0,3.6,602.24
21617,2023-08-12,dfceadd0-c01c-47fd-a464-800f0fe5c896,Sports,Africa,2,66.26,0.0,Cash,6.0,3.4,132.52
64674,2025-03-13,5c14a0cd-4389-49d7-bcde-df340e314a68,Sports,South America,3,168.34,0.0,Cash,1.0,3.4,505.02
37502,2025-12-14,f63cd029-1457-42a4-af94-3bb6a9889449,Toys,Africa,1,343.85,0.0,CreditCard,5.0,3.5,343.85
36786,2023-05-03,7795376a-bba2-4994-aba8-1fcca92b2cc9,Toys,Africa,5,367.07,0.05,Cash,5.0,2.9,1743.58
27419,2024-09-27,3ba55e2c-1486-4673-a4e6-d311ec9a8fea,Automotive,Europe,2,120.46,0.0,CreditCard,2.0,4.2,240.92
77665,2024-06-14,ea993df0-9af1-4aea-8e5c-d243b0054358,Sports,Asia,3,,0.15,BankTransfer,8.0,3.8,1254.01
13578,2024-02-10,e45c500e-ebdd-4d37-8db5-ed45fcfc7f44,Electronics,South America,1,177.52,0.0,Cash,9.0,3.5,177.52
44543,2024-01-11,716fc648-bc23-4c07-ad67-2f1b0d0ab50a,Toys,South America,1,359.08,0.0,PayPal,6.0,4.7,359.08
87623,2024-08-04,0474be6d-b6c9-467b-9a8b-831d002eac1e,Sports,Africa,2,225.47,0.05,Cash,8.0,3.2,428.39
5429,2023-12-30,4ecad266-3f29-4615-b178-0077b96a33aa,Electronics,Europe,5,442.04,0.15,PayPal,5.0,2.1,1878.67
93082,2025-05-25,bad8c843-6cb9-42c7-9795-6ddce160fff9,Fashion,Asia,4,426.42,0.0,Cash,9.0,3.0,1705.68
34267,2025-10-07,075f70e5-e35d-4789-abbd-4de64a95a3fe,Electronics,Europe,5,302.46,0.05,CreditCard,2.0,2.7,1436.68
78969,2025-07-26,c914ce72-7e9d-445b-9dfc-cc0d27b13192,Sports,Europe,2,119.35,0.0,CreditCard,1.0,3.2,238.7
15880,2024-05-05,afe6d7b6-e0f8-492f-aeda-791fd770a730,Beauty,Oceania,2,265.53,0.0,,8.0,4.2,531.06
77878,2025-06-30,b6302044-6513-4cf3-acd2-9a4ba444b4b7,Sports,South America,3,478.1,0.0,PayPal,8.0,2.9,1434.3
95268,2025-07-17,53a1a9a8-b3d3-4437-a918-53bf23db8f35,Fashion,South America,4,452.73,0.0,BankTransfer,8.0,5.0,1810.92
31004,2024-11-19,981fe99e-f818-415e-bb5b-438417a5a428,Home,Europe,3,439.371,0.1,BankTransfer,2.0,3.7,1186.3
51248,2023-04-09,080e09dd-2ff8-40d0-b534-dc34e68bea34,Home,South America,5,489.93,0.15,Cash,7.0,2.3,2082.2
68164,2023-07-11,e6586718-9b80-443e-a779-78431881d990,Beauty,South America,5,262.35,0.2,BankTransfer,8.0,3.4,1049.4
84702,2025-03-24,733e890f-bfef-470f-bdec-4dec2d08e0a4,Beauty,North America,3,473.02,0.1,BankTransfer,9.0,2.2,1277.15
94506,2023-06-08,079526af-2af8-4ced-9aa5-a8f269df8506,Toys,South America,3,164.86,0.05,PayPal,7.0,4.7,469.85
68687,2024-07-11,088debf8-e37b-459f-a59c-1c56d4109e50,Home,Asia,5,375.87,0.1,BankTransfer,8.0,4.1,1691.42
10816,2024-08-17,242f1baf-86bf-4beb-804d-ca01c63be21f,Home,Oceania,3,151.5,0.1,Cash,3.0,2.0,409.05
72189,2025-05-15,4207a454-d633-44fb-93ab-2373bf0330fd,Beauty,Africa,2,365.31,0.0,PayPal,2.0,3.4,730.62
81591,2024-12-15,cbc249c7-689d-418c-bf7b-340a782df8d1,Automotive,South America,2,178.47,0.0,CreditCard,3.0,3.6,356.94
25988,2025-09-02,f875bcd0-ae30-42c5-b411-a25794fbb49c,Automotive,South America,2,429.43,0.0,Cash,4.0,3.3,858.86
45393,2024-08-11,e626d551-519a-43ae-93dc-c8c8f4d0f2d5,Automotive,Europe,4,382.37,0.05,Cash,3.0,3.5,1453.01
93881,2025-12-03,862bd0a4-2f63-4fa7-be61-0d80c876fbd5,Home,Europe,3,201.95,0.2,CreditCard,2.0,3.9,484.68
64259,2023-10-16,b307dfea-7ed4-4fb5-af22-700befaae2e7,Toys,Africa,5,122.97,0.1,Cash,1.0,2.7,553.36
76512,2025-08-23,f84ceda9-ed3a-4308-9608-f4685200c3d2,Sports,North America,4,12.05,0.0,Cash,2.0,3.3,48.2
98139,2024-11-22,9fa30813-2389-4905-9a2d-47fdb3debdc3,Home,Asia,4,41.616,0.0,CreditCard,6.0,2.5,166.46
97717,2023-04-10,65632b4e-2c82-482d-a84c-2510823be360,Automotive,Asia,2,231.18,0.05,BankTransfer,4.0,2.8,439.24
7363,2024-03-19,4a658a7d-c1f5-4014-9fa8-81b0c0133339,Toys,Europe,5,246.88,0.0,CreditCard,8.0,2.5,1234.4
6492,2025-11-04,06339f7f-8ec4-4aab-aefb-4b37a50ee5e7,Toys,Oceania,6,325.512,0.1,Cash,1.0,3.2,1757.76
14832,2025-12-18,6f71b9ba-6b20-4590-859b-3fa5b73cdcb4,Electronics,Asia,5,467.22,0.05,CreditCard,8.0,4.4,2219.3
82347,2023-02-07,0083193c-9711-46a6-8d5e-a0175589da6f,Electronics,South America,1,478.99,0.0,BankTransfer,5.0,4.1,478.99
49857,2025-04-30,f1ebd811-ebad-44c5-b778-827457c62155,Sports,North America,1,267.55,0.15,Cash,2.0,2.8,227.42
26054,2023-07-30,4bca1fc4-11d7-4dfa-88f4-05e8a673290c,Automotive,South America,1,114.61,0.0,PayPal,1.0,3.9,114.61
88063,2023-02-09,7d71dde0-0420-4660-b2d3-328eb36bccec,Home,Asia,4,358.28,0.05,PayPal,6.0,4.7,1361.46
72991,2023-03-30,3ca2452b-e373-40fb-b2e6-e856bb84461e,Toys,Africa,1,356.63,0.05,Cash,8.0,4.1,338.8
54394,2024-11-13,e5cb5401-9d02-4f2d-8057-d21d2387c031,Automotive,North America,3,396.045,0.0,BankTransfer,3.0,2.9,1188.14
39346,2025-12-19,3170616d-6766-4298-a431-55ae493c34c2,Automotive,Europe,5,233.74,0.2,BankTransfer,3.0,2.5,934.96
21730,2024-11-24,dd126923-9756-4070-b5c1-225355decd9a,Toys,North America,2,66.303,0.0,CreditCard,9.0,3.1,132.61
49683,2024-01-08,a2c3cd1f-ebdb-4d5f-b9df-25a0207a9ea8,Beauty,Oceania,4,259.84,0.1,BankTransfer,1.0,2.5,935.42
52826,2025-11-14,d53c380c-d520-494e-8bd1-d99ea1769b16,Electronics,South America,3,212.391,0.0,Cash,4.0,3.8,637.17
46853,2023-04-25,b2501e77-9158-4477-86f5-3760e6a58161,Home,Asia,4,108.65,0.0,PayPal,6.0,4.0,434.6
50044,2024-02-21,39a85ca9-32d1-4e25-a213-12b3637e7876,Automotive,Asia,2,199.4,0.0,BankTransfer,3.0,3.5,398.8
32490,2024-09-13,a9fe004c-da64-4226-8cec-3727d48887a6,Electronics,South America,5,22.54,0.1,Cash,5.0,2.9,101.43
20183,2025-04-09,dfd97075-e78d-4ff7-9455-9b72186fa278,Electronics,Africa,2,116.18,0.0,Cash,2.0,3.8,232.36
61886,2024-08-09,8acad514-2cb5-4d83-a340-8f09955da46e,Beauty,Asia,2,440.69,0.0,Cash,9.0,3.5,881.38
90898,2025-12-23,27aea356-eb37-4ce0-8d40-47ae4e531917,Automotive,Asia,5,451.92,0.0,CreditCard,7.0,3.4,2259.6
8086,2023-12-05,82fecfdc-73fb-4982-8401-4a72068f19b5,Electronics,Asia,5,213.75,0.0,BankTransfer,3.0,4.7,1068.75
19445,2025-09-01,f51cf3c0-d9ab-4ec0-a1a4-818d8c641217,Toys,Asia,3,299.2,0.0,PayPal,1.0,3.4,897.6
23652,2023-11-23,27362677-4b13-4b6a-8ef0-5e0879c3de2a,Toys,Oceania,5,221.139,0.0,CreditCard,2.0,2.3,1105.7
30001,2025-12-19,d6462d44-5d7a-4c37-a12b-1c11e54532d1,Fashion,North America,5,408.19,0.0,PayPal,9.0,2.7,2040.95
83626,2025-07-11,473b4bf1-ebc6-418a-98fd-441197029f39,Toys,North America,5,423.52,0.0,PayPal,4.0,2.6,2117.6
45856,2024-06-01,81242236-d835-4361-bbe8-8dbe5111587c,Sports,South America,1,373.27,0.05,PayPal,8.0,4.0,354.61
98255,2024-08-23,9ee96654-b7ca-4d05-916c-8b8abcb42e14,Beauty,Europe,1,178.48,0.05,PayPal,9.0,4.6,169.56
79014,2025-09-26,b0849df2-18d6-4178-85f9-8f7d7f22d4d5,Electronics,North America,2,212.76,0.0,Cash,5.0,2.9,425.52
86645,2023-11-03,cde0ccad-4264-41ff-ab1f-85ed21f4aa7e,Electronics,Europe,5,6.327,0.2,CreditCard,1.0,3.3,25.31
83439,2023-09-24,bc9834d6-0ca1-4971-9ed6-d9996b6d1ba0,Automotive,South America,1,153.14,0.0,PayPal,6.0,3.5,153.14
86707,2025-10-20,a469370a-0bbe-4d96-85d2-3bc0b175159e,Fashion,South America,1,266.52,0.0,BankTransfer,9.0,4.3,266.52
72758,2023-10-23,097b4bfe-fbd4-4390-945d-3345255b0697,Toys,Europe,3,133.38,0.0,BankTransfer,4.0,4.5,400.14
13321,2025-06-24,8ed4e35b-7803-4c73-836d-24e62cad2d65,Home,Europe,5,361.33,0.1,BankTransfer,9.0,2.9,1625.98
82852,2025-02-25,03df0c66-0cbb-4f92-b5a8-0e6d5b120acc,Toys,North America,2,448.54,0.0,BankTransfer,6.0,3.9,897.08
25671,2023-06-27,9901e22d-7aac-46d4-ab5c-2fbf2af693e0,Beauty,North America,1,161.89,0.0,Cash,5.0,3.0,161.89
66499,2024-08-15,b25f8e3c-a69e-4a99-83a8-960f5de0e8ae,Beauty,Asia,2,430.18,0.0,Cash,2.0,2.5,860.36
41156,2024-08-27,995bf292-0bde-47ba-9a6a-7b80c46b78e1,Toys,North America,4,413.71,0.0,PayPal,7.0,2.9,1654.84
96365,2023-06-14,27346c0b-7b56-4038-bb30-8369824dfdf7,Electronics,North America,1,266.94,0.15,PayPal,9.0,3.4,226.9
15618,2023-06-11,69275829-6c5e-4242-a627-aaf779cd96c1,Fashion,Europe,4,65.62,0.0,BankTransfer,6.0,3.5,262.48
67015,2025-01-20,3e9c3c62-4682-4f0b-9143-612d37deed1e,Fashion,Asia,3,463.37,0.0,CreditCard,1.0,3.7,1390.11
34722,2025-06-05,711b2d4b-0d30-4131-82c8-1148a4b61461,Beauty,South America,5,26.29,0.1,Cash,6.0,3.7,118.3
83740,2024-08-27,8ff84ec9-1564-4dfb-8b94-fea7ff7021c6,Electronics,South America,1,23.3,0.0,CreditCard,4.0,3.4,23.3
52858,2025-08-16,37f0a0c2-1955-4818-9d24-c5df92f50f76,Fashion,Africa,3,262.59,0.15,BankTransfer,3.0,3.8,669.6
54234,2024-02-14,5f5b5856-2683-4f15-b4a1-6d5c0394f6a0,Home,South America,1,158.57,0.0,PayPal,8.0,4.1,158.57
2695,2023-08-24,3bd13a43-8853-490b-ac26-4a0cc09f1c91,Fashion,Asia,2,336.48,0.15,BankTransfer,6.0,3.6,572.02
75691,2023-06-14,94d93f4e-ff92-47c5-88b8-1679ef8cee34,Electronics,Asia,2,33.24,0.0,BankTransfer,7.0,3.0,66.48
36373,2024-12-23,b062f6dd-32b3-4da5-a7ea-e2c697a4a116,Sports,Africa,5,133.58,0.0,BankTransfer,4.0,4.8,667.9
52374,2024-01-22,50296b31-aaa7-4074-9e9c-ab3d551ade57,Fashion,North America,1,283.81,0.0,PayPal,6.0,2.0,283.81
25370,2023-07-09,e877ba23-cf63-4f5b-b0d2-9556d87d6475,Beauty,Oceania,5,29.13,0.0,PayPal,2.0,3.7,145.65
93400,2025-08-31,5a0c3085-67d9-4bc2-87c4-7aa68c249fbc,Electronics,Europe,1,112.61,0.05,BankTransfer,3.0,4.3,106.98
63120,2024-05-15,6ab37668-3c5d-4dab-a99b-99c775a8e106,Electronics,Asia,4,490.15,0.0,CreditCard,8.0,3.6,1960.6
95763,2023-11-28,9562dd7b-d033-45d1-ba80-23a07cb9e680,Beauty,South America,3,407.691,0.0,PayPal,3.0,3.6,1223.07
87847,2023-08-28,eb78002c-b82c-419c-9650-69b53b9d4f5d,Home,Africa,1,320.91,0.0,BankTransfer,4.0,3.4,320.91
15292,2024-06-21,7987280d-0778-4c9e-87e2-b7b8cfb96160,Beauty,Asia,2,258.19,0.15,PayPal,6.0,4.0,438.92
44819,2023-01-08,2157d7ec-8ec3-40d4-a5c8-8e4f7fc3fa1c,Sports,Europe,5,233.44,0.0,BankTransfer,3.0,2.0,1167.2
35096,2025-09-24,2686e75a-620f-4fe3-8788-204dc1a94a28,Electronics,Oceania,4,455.89,0.05,BankTransfer,2.0,4.6,1732.38
6937,2023-04-20,6ea28b15-d0a7-43b9-a7ea-ae636f850440,Toys,South America,5,488.03,0.05,PayPal,8.0,3.8,2318.14
61556,2023-06-01,83cb3ceb-cac9-40d0-aa00-fa6dee86745c,Toys,Europe,2,46.13,0.0,Cash,9.0,3.6,92.26
29719,2023-03-01,326ab4b1-c251-43c7-8991-2512a304d72d,Sports,Europe,2,342.55,0.2,PayPal,5.0,3.6,548.08
69704,2025-03-02,88556c45-f721-4fe7-ac70-ca56f4de5863,Home,Oceania,1,115.53,0.0,PayPal,1.0,4.7,115.53
50586,2023-08-10,24e368ec-6ee1-470b-8c8e-cd408f47abc3,Electronics,South America,2,356.68,0.05,CreditCard,4.0,3.1,677.69
37096,2023-08-05,57c3a5cc-5b16-4b5a-bdef-211311c7fc06,Automotive,South America,4,144.1,0.0,Cash,6.0,4.8,576.4
9457,2024-09-23,6cdb930c-dc87-485e-8f6e-1e3025d6ad40,Electronics,North America,2,354.84,0.0,PayPal,9.0,2.4,709.68
88842,2025-10-27,8bc28c28-1731-43c9-8d86-24095bdb68fb,Fashion,Europe,2,244.23,0.0,PayPal,7.0,3.2,488.46
47165,2023-01-23,a3a04269-4684-4598-a57e-d03a28976443,Toys,Europe,3,285.4,0.2,PayPal,8.0,3.9,684.96
44610,2025-05-18,a4efda39-ee9d-4a71-9c63-1733d7311191,Sports,Europe,5,120.95,0.0,Cash,7.0,2.8,604.75
87379,2025-12-03,9537aef8-deaa-4ac2-85ac-e9e956ee56ee,Beauty,Asia,2,84.37,0.05,CreditCard,7.0,4.0,160.3
83433,2024-08-29,d8ac0a90-2159-4dd3-87f8-8b4fcfb45858,Fashion,Africa,2,296.76,0.05,CreditCard,6.0,2.3,563.84
25362,2025-02-09,b81296a7-18cc-4325-9dfa-a3564a334b34,Home,Europe,1,469.76,0.1,BankTransfer,3.0,3.1,422.78
37800,2024-04-23,b3a93bdf-7b65-4877-85fc-4c0daa28eab0,Sports,Europe,4,268.5,0.0,PayPal,9.0,2.4,1074.0
42746,2023-08-03,967a4c05-4f67-444d-859a-207286faa687,Automotive,Africa,3,291.14,0.0,Cash,1.0,,873.42
60464,2025-04-28,44ca37f6-2db4-48bc-9e95-30ae9a96239a,Electronics,Asia,2,30.31,0.0,BankTransfer,4.0,3.0,60.62
86991,2023-01-05,bb7a48cc-2261-4c1d-a217-80af36fea182,Electronics,Europe,2,329.05,0.0,Cash,8.0,4.2,658.1
26830,2024-03-07,1a573620-ee51-4679-870b-b930ffdcf511,Beauty,Africa,3,457.15,0.0,PayPal,5.0,4.9,1371.45
73601,2023-07-11,bbffb1fa-0513-401d-ba78-c64e2f6c6ffb,Fashion,Asia,2,361.49,0.0,BankTransfer,6.0,3.7,722.98
17091,2025-03-11,d9b833fd-0964-45f3-9f36-8532241939f4,Electronics,North America,3,476.94,0.1,CreditCard,1.0,3.7,1287.74
2892,2023-09-13,c0cffa73-35b5-4ec5-b3ed-8f33f587d26d,Home,Africa,4,408.73,0.1,Cash,1.0,3.0,1471.43
16070,2023-04-22,db4c0d45-c1e6-478a-be81-d07d6c510a95,Home,Europe,3,488.49,0.05,Cash,9.0,3.4,1392.2
49161,2025-04-28,77d9b7a6-7e71-4946-acf7-0172a3fe0a8c,Electronics,Europe,2,55.22,0.1,CreditCard,3.0,2.1,99.4
62116,2023-12-30,8a4c5790-9535-4235-a713-fa9643e4e85d,Toys,Asia,4,302.86,0.05,CreditCard,3.0,4.1,1150.87
2438,2023-01-23,70869a45-4a8a-4b17-b09a-083a0c9ea060,Fashion,Europe,5,407.75,0.1,BankTransfer,8.0,3.6,1834.88
21583,2025-06-03,d1a9f011-8d85-45ce-978d-b4b1dbebde7e,Toys,South America,4,52.2,0.2,BankTransfer,6.0,4.9,167.04
69920,2023-05-20,2678e702-a610-4004-bf30-a6450256e275,Beauty,North America,2,228.51,0.1,CreditCard,6.0,3.4,411.32
59542,2023-10-31,38d95d60-9715-4fa5-8de3-d7fbf1d288ad,Toys,Europe,2,374.14,0.2,PayPal,4.0,4.9,598.62
57992,2024-11-07,c4378a22-38f5-4cf2-a559-fa56dd0a88d4,Toys,North America,3,330.696,0.05,Cash,6.0,2.2,942.48
56102,2023-06-03,4e6792a6-e39e-4dcf-8de1-4304742efb99,Electronics,Oceania,3,316.0,0.0,BankTransfer,7.0,2.4,948.0
17643,2025-03-10,e7927c36-33f9-476b-872a-5b8c39832fbf,Sports,Africa,5,456.11,0.0,Cash,1.0,3.6,2280.55
85871,2024-09-23,6cad65da-f53d-492e-a1c4-aec3a0bd1be2,Toys,South America,3,207.94,0.0,PayPal,2.0,3.2,623.82
58526,2024-12-09,ff825125-b735-4d3a-90f9-5696133fe69c,Toys,South America,1,7.25,0.15,PayPal,4.0,2.6,6.16
73363,2023-05-12,8b4205ae-782b-4d0a-ba29-56b7f54793af,Home,Oceania,3,106.79,0.2,PayPal,6.0,4.6,256.3
61821,2023-09-26,2cce0f8b-db29-42fd-8d6e-ce8fdf9c3483,Toys,North America,2,67.96,0.0,PayPal,1.0,3.3,135.92
32043,2025-12-09,691bb5ed-68ba-4665-a16a-858feeb2610b,Fashion,Asia,5,212.81,0.0,CreditCard,4.0,3.6,1064.05
44830,2023-05-23,31e3be07-a8ec-4d87-97e0-8108a0bc716c,Beauty,Europe,3,50.67,0.05,CreditCard,5.0,3.5,144.41
15986,2023-01-12,ca97b99b-e1e9-495e-8929-e5b0b2eee937,Beauty,Africa,4,120.25,0.0,CreditCard,2.0,4.4,481.0
8752,2025-12-04,bd37414a-4784-459f-a86e-dac1f82e98dc,Sports,Oceania,1,271.87,0.0,Cash,7.0,4.2,271.87
4288,2024-09-23,a1001bc8-9758-425f-9ad8-e2dafe17ddb3,Electronics,North America,4,77.54,0.0,Cash,8.0,4.5,310.16
92382,2023-03-26,bf24803e-5b55-48bf-89c8-8707e9feb50a,Electronics,North America,3,481.58,0.0,PayPal,8.0,4.6,
50452,2024-08-28,e67ab6ed-d263-469f-bc6f-dd48a0095a5e,Electronics,Asia,1,295.47,0.15,CreditCard,5.0,2.5,251.15
45124,2024-05-19,80978429-f441-4729-95c2-9fad472a3308,Fashion,North America,5,490.72,0.1,Cash,2.0,2.3,2208.24
65973,2023-07-24,82297183-2eb6-4251-9d36-e24ea0ea2084,Electronics,South America,4,50.77,0.2,BankTransfer,3.0,4.8,162.46
29650,2023-04-24,c8197cac-9656-4a76-82ad-4f7be36585bf,Home,Asia,3,13.11,0.05,PayPal,9.0,3.8,37.36
23156,2023-12-19,472b60f6-957d-49fe-b8b2-8b73e9549d88,Fashion,South America,3,16.6,0.0,PayPal,9.0,3.9,49.8
50781,2024-12-22,488be9a1-81e5-4112-9a79-b9dc90bf5f7f,Sports,Africa,3,284.34,0.2,BankTransfer,3.0,3.7,682.42
56288,2025-10-01,edfe5c58-5605-42fc-a60c-c6cd3a127b93,Fashion,North America,3,251.84,0.0,CreditCard,6.0,3.3,755.52
56531,2024-04-06,b1b5d7fd-1e8c-4911-a040-c35c9b6a0f8b,Home,Asia,1,453.91,0.0,BankTransfer,7.0,2.1,453.91
7340,2024-07-06,8750be7b-d5bb-43a4-80b8-7dc36444ea5b,Toys,Oceania,5,237.84,0.1,BankTransfer,7.0,4.3,1070.28
19535,2025-01-31,ccfe6343-8f24-4dc4-b06e-f9ac9ccee410,Sports,North America,2,406.74,0.2,BankTransfer,1.0,3.0,650.78
50563,2024-08-22,9041d892-cd46-43c8-b761-1b4cc590b4d6,Sports,North America,1,285.99,0.1,BankTransfer,9.0,,257.39
96220,2025-03-05,b2a9dff8-be3a-43d1-ae0e-74497b3fe5cc,Home,Oceania,3,386.64,0.0,PayPal,7.0,2.4,1159.92
58706,2023-09-15,c7e9bd6c-ca82-49fc-9d01-4f859cb08acd,Fashion,Asia,1,253.68,0.0,PayPal,2.0,4.7,253.68
50910,2024-12-22,cf05d83e-68a3-4262-9aee-626437c07aaa,Sports,Africa,2,77.25,0.0,CreditCard,7.0,2.7,154.5
88487,2025-09-08,d83779d9-77a8-47c9-81cb-45ca50a5a475,Sports,South America,2,18.58,0.0,BankTransfer,7.0,3.8,37.16
79761,2024-12-04,cef8617b-cc43-42e6-94ee-8c7101d51305,Fashion,Europe,1,121.17,0.0,BankTransfer,9.0,3.0,121.17
66663,2023-07-28,fbdd12d8-4348-4ee8-91d5-0b98b1c8f06c,Sports,South America,2,201.18,0.05,BankTransfer,3.0,3.5,382.24
51688,2023-04-22,89cf6785-4364-46b5-a87b-ecad603166f4,Electronics,South America,3,159.22,0.2,Cash,,4.3,382.13
25811,2024-11-10,0a316b9e-76df-46d4-9925-1ad714b77c79,Beauty,South America,3,174.105,0.05,BankTransfer,4.0,2.5,496.2
73372,2025-08-30,e7c922cc-09af-4014-9129-b8fde38122c7,Electronics,North America,1,36.18,0.15,CreditCard,8.0,2.1,30.75
86321,2023-04-07,c7c30bc0-b8ac-4aa2-8de4-58486d47f399,Sports,Africa,2,396.35,0.05,Cash,6.0,2.2,753.06
82733,2024-01-12,62264e3f-3660-4558-8f82-f369696e558d,Toys,Oceania,3,336.05,0.0,Cash,3.0,3.3,1008.15
80465,2024-07-14,503f0e3b-9fd2-4268-a079-3a6868aa3db7,Toys,Oceania,2,428.63,0.15,CreditCard,7.0,2.3,728.67
30126,2024-10-24,4cd3e7a8-2b54-4062-8db1-499ad97f02b4,Sports,South America,1,467.3,0.1,PayPal,6.0,3.1,420.57
98469,2025-02-21,14bef14e-5f90-4574-8454-6e0cffb74bb8,Automotive,Europe,2,284.16,0.05,Cash,6.0,2.5,539.9
98214,2024-04-17,ea8c988a-cdee-4bbc-98d4-c81bf89dab0b,,South America,3,69.57,0.0,CreditCard,5.0,2.7,208.71
59579,2024-02-21,316d171e-be94-44cc-8d45-76d689fa004f,,Oceania,5,46.42,0.1,Cash,9.0,2.1,208.89
55406,2025-06-03,c5203938-b338-4d54-a57e-d7b188c0cd16,Toys,Europe,5,129.16,0.0,CreditCard,9.0,4.0,645.8
94265,2024-12-16,4ec0f5a0-df25-41d4-a53e-41b45cbdfd47,Automotive,Africa,1,350.67,0.0,PayPal,1.0,2.6,350.67
71584,2023-01-21,2e635f98-12eb-4bd0-ad42-5aaaa753406f,Home,South America,3,415.46,0.05,BankTransfer,7.0,3.5,1184.06
59997,2024-08-20,22d89140-a8a4-4b76-87e2-9e5fe3f3bf4b,Electronics,Europe,3,228.63,0.1,CreditCard,7.0,3.0,617.3
12359,2025-05-25,cb430603-c88f-41b8-bb01-bd8ecb054b74,Home,North America,4,14.59,0.05,BankTransfer,8.0,3.2,55.44
88751,2024-11-14,ad84e900-f78e-4133-b22e-52cca932acfe,Automotive,South America,2,289.44000000000005,0.05,BankTransfer,5.0,3.3,549.94
31698,2024-03-23,663637b9-a43e-4daf-b439-99edf60ea405,Beauty,Asia,4,364.2,0.0,PayPal,3.0,2.3,1456.8
2649,2024-07-18,b64e26cf-3c9b-4542-bb1d-23a8d8c823b0,Toys,Asia,3,67.29,0.05,Cash,8.0,3.8,191.78
53242,2023-05-05,becebd19-183e-426b-8bfb-f113c7c3fa76,Home,Africa,5,57.1,0.0,BankTransfer,4.0,3.8,285.5
84023,2023-12-15,165245fe-c436-4fb4-a6d9-8e26e69c2529,Automotive,Oceania,1,235.69,0.0,Cash,5.0,4.2,235.69
71936,2025-01-12,d8f495fe-ce4d-4904-8dad-1be47b04e080,Sports,North America,2,407.23,0.0,Cash,1.0,3.6,814.46
11898,2023-07-05,8913f2f0-90cb-4309-9167-dd70cef4d789,Toys,North America,1,381.9,0.15,CreditCard,1.0,3.7,324.61
71308,2024-10-05,06ff421a-3c2b-4098-8445-b53d0155801a,Sports,Oceania,3,473.36,0.0,CreditCard,8.0,3.7,1420.08
72140,2023-05-02,ed6dfdb6-0f38-4edc-9dcd-5f34e8b79f9f,Automotive,Africa,3,115.55,0.0,BankTransfer,5.0,4.7,346.65
6063,2023-06-18,8a55a14b-51f5-48f9-bc15-ae1fefda21b2,Toys,Asia,2,95.79,0.0,PayPal,2.0,2.9,191.58
20591,2023-11-17,0af0d8c5-2ca1-408f-86ba-74aff76c3054,Sports,Africa,3,223.803,0.0,Cash,3.0,4.3,671.41
97695,2024-08-11,9c191295-c0b5-47ec-b19d-52702a49f107,Electronics,South America,5,208.91,0.05,BankTransfer,4.0,4.8,992.32
2821,2024-11-18,28e60130-2d23-4ed1-bf5d-21f279731ea8,Electronics,Asia,5,37.458,0.0,CreditCard,3.0,2.3,187.29
62827,2023-01-08,0ccf46c4-87a5-482d-aa1f-57a2753dd996,Automotive,Europe,4,144.66,0.15,CreditCard,1.0,3.0,491.84
36615,2023-06-18,41eb16b2-77bc-47d9-b1e1-1de07df36140,Home,South America,3,159.32,0.0,Cash,2.0,3.7,477.96
5347,2025-03-05,bab4eb77-959f-4841-ad19-312dde3b5a64,Automotive,Africa,3,391.43,0.1,CreditCard,6.0,3.0,1056.86
24041,2023-12-20,46141175-895b-43de-8734-f09e1bd23a12,Toys,North America,2,47.4,0.1,PayPal,6.0,4.5,85.32
11039,2023-10-21,eac04858-b4d7-4748-b3f8-33d35db58cdc,Toys,North America,4,108.18,0.0,CreditCard,7.0,3.7,432.72
19469,2024-03-15,ee90112f-abf4-49aa-a777-205378efb790,Electronics,South America,4,313.81,0.15,BankTransfer,7.0,2.5,1066.95
3432,2024-01-21,0ce87570-b4d6-43e6-9aa9-0d26ab636d66,Sports,North America,4,113.44,0.0,BankTransfer,3.0,2.0,453.76
8823,2024-04-20,433d65c2-c0f5-4e46-b14f-4be5530619e4,Automotive,North America,1,169.9,0.0,PayPal,4.0,,169.9
5639,2023-09-20,11e12ee9-f664-42b9-b8d8-061976538a69,Toys,South America,4,42.09,0.0,Cash,8.0,3.1,168.36
33310,2025-02-22,01c4225e-be40-4b83-89c6-2b6b58974643,Beauty,North America,5,343.88,0.1,BankTransfer,2.0,4.1,1547.46
63548,2025-04-20,95b70f37-59be-47bd-b734-7b4b97da3d52,Automotive,Oceania,2,83.83,0.05,Cash,6.0,5.0,159.28
98475,2023-02-02,f2fc1aa4-480b-4c56-9881-19cbba9e7071,Electronics,Asia,1,304.59,0.05,CreditCard,1.0,3.9,289.36
19730,2025-12-12,40c8f92a-66a6-43f8-aa5d-f9a9b7091b12,Fashion,North America,5,141.44,0.0,BankTransfer,9.0,3.2,707.2
10971,2023-11-15,a1b0511a-ef87-4846-9d50-f0982e2f2252,Beauty,North America,3,441.027,0.0,BankTransfer,6.0,2.2,1323.08
60397,2024-02-13,df1ecd34-0cec-4de7-805f-833b6bf738f5,Sports,Europe,4,263.7,0.05,CreditCard,4.0,2.5,1002.06
53393,2024-09-08,f8aa36b3-f101-4e55-a0f7-e6643744511f,Home,Africa,2,452.31,0.1,Cash,3.0,2.7,814.16
56756,2023-02-13,8d986b16-2395-475f-8d49-59ebf7b1b2f6,Automotive,South America,3,265.52,0.0,Cash,9.0,3.0,796.56
46919,2023-11-16,5e905326-5ed7-48b4-aee5-17d0d5d52460,Beauty,North America,6,267.966,0.0,Cash,4.0,3.1,1607.8
54051,2024-04-08,,Toys,Africa,4,73.95,0.05,CreditCard,3.0,3.3,281.01
49454,2023-06-25,88473044-8493-43ad-b811-6fbae7f6ef03,Electronics,Oceania,5,309.37,0.0,Cash,9.0,2.2,1546.85
58557,2023-11-10,bbc0cfb3-1d83-4a54-a0f4-3fd3bd605a8c,Home,Europe,5,318.339,0.0,BankTransfer,2.0,2.1,1591.7
37279,2023-04-04,50cd2e94-99ec-4869-979c-7cb923c1ec1d,Home,Europe,2,249.74,0.0,CreditCard,1.0,4.4,499.48
11251,2025-08-20,8bdf7e7e-c248-4251-a3b0-f45dc08665ec,Electronics,Asia,1,395.58,0.15,PayPal,5.0,2.1,336.24
95721,2024-05-11,386c190a-6448-400a-80fe-ef233e6f094c,Toys,Asia,1,19.25,0.05,CreditCard,9.0,4.9,18.29
30273,2025-01-09,42470e00-72b9-4548-8ef5-620b01b439c6,Fashion,South America,4,426.99,0.0,,2.0,3.2,1707.96
8326,2023-11-11,00e5ebaf-2eb0-4b1e-aa7e-ee0b677ebe4d,Sports,Africa,5,5.076,0.0,PayPal,4.0,3.0,25.38
84831,2024-08-17,2a98ef14-12e4-45b7-8de1-8281dce41ca7,Toys,Asia,1,248.69,0.15,BankTransfer,9.0,3.9,211.39
54369,2023-09-25,5242f3c8-b510-4a9b-83a1-57be1537102c,Beauty,North America,3,301.66,0.05,PayPal,7.0,3.8,859.73
88280,2023-01-11,5d34b0f7-103c-4310-918b-4d7cf8613cc4,Home,North America,3,418.46,0.2,BankTransfer,6.0,4.3,1004.3
6330,2023-06-28,4d7e6eeb-04eb-4694-92da-e5a7bc11733c,Fashion,Africa,4,72.32,0.1,PayPal,2.0,4.6,260.35
47766,2024-08-01,221948d6-5b4b-45b9-9902-e8043c33015a,Beauty,Oceania,2,280.21,0.0,BankTransfer,2.0,3.8,560.42
803,2024-04-08,ec86a890-d7b0-4bdc-966e-3cbe9aea622f,Fashion,Africa,2,396.39,0.0,Cash,6.0,3.8,792.78
79006,2024-01-05,35822b4a-af52-426f-836e-59d992e181ec,Toys,South America,4,377.23,0.0,CreditCard,2.0,2.6,1508.92
99836,2023-11-01,f6ee88fb-5d81-4128-a424-75b136a3f5a3,Sports,Oceania,6,350.091,0.05,CreditCard,4.0,3.0,1995.52
36782,2024-10-05,ebe8cac0-9204-4f3e-a8a7-ed7da585744e,Toys,North America,4,160.55,0.0,Cash,1.0,2.1,642.2
55370,2024-08-12,9c3e4065-ee58-44f6-8d86-43df4cb6b7ce,Fashion,Oceania,4,298.26,0.0,CreditCard,8.0,2.6,1193.04
77135,2023-12-09,eda676a8-a9d5-4a31-87d4-99fd78dc28b7,Home,Oceania,4,67.78,0.15,Cash,7.0,4.7,230.45
91215,2025-11-24,9a3fb957-9c10-4fd4-b447-fbb0a06a2b0c,Sports,Oceania,4,293.94000000000005,0.0,PayPal,1.0,4.3,1175.76
41797,2023-02-20,506e3e93-5d3b-4df5-b7f6-16fc55cf9f68,Automotive,Europe,3,406.47,0.0,CreditCard,9.0,2.5,1219.41
38487,2025-01-14,e621edb2-ee5f-49d5-a885-7fbabe47939a,Automotive,South America,1,162.57,0.1,BankTransfer,5.0,3.2,146.31
36690,2025-05-20,bbc55b2d-40f3-4c0d-ac48-c3039c83d480,Toys,Oceania,3,434.15,0.0,CreditCard,6.0,4.4,1302.45
29973,2024-07-17,99837629-e3e0-46d8-a67d-6a76e8325744,Beauty,Europe,2,191.42,0.1,BankTransfer,2.0,3.3,344.56
26143,2025-10-28,bdbca2cf-0654-490b-98fa-6147c5b51c1f,Toys,Africa,5,177.91,0.0,CreditCard,9.0,3.0,889.55
58781,2024-09-06,03712fdc-37e9-4e45-a356-daad08d55da2,Sports,Europe,4,237.49,0.0,CreditCard,7.0,3.6,949.96
63219,2023-12-20,d6408d37-e92c-4c0f-acda-4dceebe2712d,Fashion,Africa,4,185.09,0.0,CreditCard,1.0,4.2,740.36
27668,2025-11-06,4a3fd64e-9f35-4e67-93d7-50c3874ed236,Beauty,Oceania,5,173.01600000000002,0.0,PayPal,8.0,2.1,865.08
8914,2023-08-24,54a3e5ae-db9f-458f-81c6-444b08a575c4,Sports,Africa,2,287.27,0.0,Cash,5.0,2.1,574.54
4281,2023-11-07,2fd6129a-82e0-4d39-bab0-08df2709f5b2,Automotive,North America,6,242.451,0.0,CreditCard,7.0,4.5,1454.71
94803,2024-11-15,74d44958-9719-40f9-8a6e-c7747a5042f7,Home,North America,4,356.085,0.2,Cash,7.0,2.6,1139.47
3023,2023-03-15,23966b83-5cd1-4b22-b0e8-b2fa4fc34759,Electronics,Europe,5,89.31,0.0,BankTransfer,7.0,4.8,446.55
98691,2023-09-13,5124dce3-ccee-415e-9aa7-9e47462e3e02,Automotive,Asia,1,193.75,0.0,BankTransfer,8.0,4.7,193.75
87160,2025-07-20,7ed9faf2-bc2d-44fd-8156-18134881190e,Toys,Europe,1,16.28,0.0,PayPal,1.0,4.0,16.28
48307,2025-01-31,720c9b8b-266d-4a1a-b1d9-f69eead38da1,Home,Africa,5,443.77,0.0,CreditCard,6.0,2.3,2218.85
32756,2025-01-03,8c849775-ae64-450e-8226-c7d924ce80d7,Automotive,Africa,3,152.16,0.1,BankTransfer,7.0,3.4,410.83
53851,2024-09-26,9ddfcf5e-2855-466c-b5dd-068b148502f2,Electronics,Asia,2,339.58,0.1,PayPal,8.0,2.2,611.24
71403,2023-04-21,c9b54beb-c078-49a9-8f56-3aac92793743,Sports,South America,2,363.92,0.05,BankTransfer,5.0,3.7,691.45
95469,2023-01-21,08d6bc5b-38a1-40ab-ac6d-830a1a6b64a6,Electronics,Europe,1,8.67,0.1,PayPal,6.0,4.3,7.8
86628,2023-02-26,475f0f52-f19f-4a2c-ab89-b0567b32588d,Automotive,Africa,3,122.01,0.0,PayPal,1.0,3.9,366.03
38859,2024-02-03,e715dee1-ea8f-4070-9861-77969ab4c2cb,Electronics,North America,1,197.83,0.0,PayPal,1.0,3.8,197.83
96661,2025-04-23,4ebe21d2-48a3-40cd-aeb2-a48779b7b4b1,Fashion,Europe,4,5.71,0.05,Cash,9.0,2.4,21.7
59700,2023-02-24,f4e7b21f-1d65-4b22-b919-410ed899e84e,Automotive,Oceania,2,138.28,0.0,PayPal,3.0,4.5,276.56
54544,2024-03-17,78863733-68e8-4e1c-baf1-167b1d51bf05,Fashion,South America,1,234.37,0.0,Cash,7.0,3.9,234.37
64625,2023-05-15,fe8a4627-0b7b-4da1-bd1f-a6480db29f7f,Home,North America,5,239.8,0.1,CreditCard,4.0,4.0,1079.1
71011,2025-12-28,1f52fa3a-cc32-43f2-b308-c62b696bbb3e,Beauty,Europe,4,340.08,0.1,PayPal,3.0,4.2,1224.29
69400,2024-10-10,2dc8f858-b5e2-4cd9-af76-bf19e3ce0749,Electronics,South America,4,260.34,0.05,BankTransfer,8.0,2.9,989.29
11839,2025-10-06,8d94508a-10e3-4e3b-bc1b-999b96b16459,Toys,North America,2,48.66,0.15,BankTransfer,4.0,2.6,82.72
7970,2023-07-11,331212d1-4cdc-4dcd-bdf5-e219468a4cd3,Beauty,Africa,4,220.73,0.0,CreditCard,4.0,3.0,882.92
73558,2025-01-27,990a8d0e-bfa5-4cf5-abe3-4b3726167d12,Electronics,Asia,2,413.85,0.0,CreditCard,3.0,3.7,827.7
4452,2024-09-19,1b2375d0-b38f-40f2-8dd8-67e55f26b2a6,Toys,Oceania,4,156.1,0.05,CreditCard,9.0,2.2,593.18
67531,2023-10-09,b05d5545-a7e0-4d76-afc5-e37caa4aa287,Toys,Oceania,2,372.62,0.1,Cash,9.0,3.6,670.72
96150,2024-09-22,d9f9b5fe-a9e3-4351-8b1a-951c241f6135,Home,Oceania,5,361.85,0.0,CreditCard,4.0,4.3,1809.25
89220,2025-05-14,9adb5b4e-b3f2-4140-a8d7-61f871c76bcd,Automotive,Asia,1,362.83,0.0,CreditCard,8.0,3.6,362.83
76370,2025-09-03,81202bad-8962-434e-b70a-f4c3d23b6ead,Beauty,North America,4,304.59,0.0,PayPal,5.0,2.9,1218.36
36719,2024-09-16,76f658e4-93cc-4d9e-b0cf-9f7ed5d7223c,Automotive,Europe,1,257.82,0.0,Cash,7.0,4.1,257.82
50797,2025-12-21,8cd67ecf-1a5e-4fac-a3c4-9f6116c1cb1b,Fashion,Europe,5,279.19,0.2,BankTransfer,8.0,4.8,1116.76
61025,2024-02-23,954380e5-42e5-48b7-824f-cb25fd3c18af,Toys,Oceania,2,325.07,0.0,BankTransfer,8.0,4.8,650.14
99625,2025-12-30,8c749ed4-3571-43cc-a7e4-8e779bbb6d8e,Beauty,South America,5,173.88,0.0,PayPal,9.0,3.1,869.4
37663,2025-09-18,96a9b40d-a289-4493-8fa9-569beb75e6c3,Home,North America,4,175.72,0.0,Cash,4.0,2.3,702.88
18671,2023-12-27,706017d2-6df6-4277-b893-85d0ea77c46c,Automotive,Europe,3,472.83,0.05,PayPal,6.0,3.2,1347.57
6819,2023-05-02,244220c6-4b0c-400c-a626-c97d73fe6a93,Automotive,Africa,4,111.96,0.0,PayPal,3.0,2.5,447.84
62110,2023-02-27,5e490376-0e06-4ec6-b3d1-e50d1494bade,Toys,North America,4,259.45,0.1,PayPal,9.0,4.4,934.02
77000,2023-06-05,24df0b35-7abf-4767-b76c-ee2ce86784de,Home,South America,5,371.87,0.1,Cash,9.0,2.3,1673.42
71889,2023-01-26,0a2f6639-cd5d-4a83-b6aa-e31f7dc980c0,Automotive,Africa,5,86.45,0.1,CreditCard,7.0,3.4,389.02
30492,2024-01-15,758919a8-8d0e-42c8-917d-d36f78d340bd,Sports,Asia,2,252.94,0.05,CreditCard,3.0,3.0,480.59
34293,2024-09-04,053b7268-4cce-46b8-8897-d45d7d6a8614,Fashion,Oceania,3,321.71,0.15,PayPal,7.0,4.0,820.36
60204,2025-03-14,8e6b783c-a74c-48ae-8849-82eb7bb96a5e,Automotive,Africa,4,492.38,0.1,CreditCard,,2.7,1772.57
50856,2023-08-13,a99e7c86-c14d-437e-b377-306244d64071,Electronics,Africa,3,149.19,0.15,Cash,8.0,4.5,380.43
61768,2024-01-22,4dc39462-7f6e-4ad3-8ec1-c06cac076dbe,Home,Asia,2,361.25,0.1,PayPal,5.0,4.2,650.25
11907,2023-05-23,ef609bc6-f0f1-4a53-b5e8-bbd4eb1feef5,Beauty,Oceania,2,13.07,0.05,CreditCard,4.0,2.0,24.83
66241,2023-08-29,02465a1c-377e-473c-b0b3-79fb8a9dc373,Electronics,Africa,3,295.81,0.0,Cash,5.0,2.3,887.43
73521,2023-10-05,9962dc13-4411-4011-aefa-aa48e1ed070b,Automotive,Oceania,4,488.86,0.05,Cash,2.0,3.8,1857.67
32097,2023-09-24,4e5b2424-385c-4e81-8aca-c467ecba5167,Toys,Africa,3,374.9,0.1,PayPal,9.0,3.8,1012.23
63444,2023-08-27,62852c8e-3366-4642-ba6c-f7953192eed3,Electronics,Oceania,3,250.22,0.0,PayPal,4.0,3.4,750.66
4907,2025-06-22,1a85fd69-344c-46cc-bf48-e5f018cc0e29,Sports,Oceania,2,200.41,0.2,BankTransfer,1.0,4.8,320.66
68549,2024-03-08,5a623db5-d96a-4d11-9d3a-59e624db200e,Fashion,Asia,5,86.6,0.0,Cash,1.0,5.0,433.0
30814,2025-07-07,d400f82d-31d6-46fd-97bd-19a200418183,Sports,North America,4,488.2,0.0,Cash,9.0,2.6,1952.8
87340,2024-02-07,221f4823-fb1b-4719-a88e-0e64abed0706,Home,Europe,3,267.02,0.0,PayPal,8.0,3.0,801.06
81718,2023-10-12,627c88d3-389d-4c0e-8c11-83184df80c6e,Sports,Asia,3,363.33,0.0,BankTransfer,3.0,2.2,1089.99
62804,2024-05-27,aaf808c8-a352-4b48-aa9a-142e3b122f50,Home,North America,5,150.82,0.1,BankTransfer,8.0,2.7,678.69
82243,2023-10-30,37482ab3-55ed-45f1-abbf-896ae9a4f105,Toys,South America,4,277.08,0.05,PayPal,2.0,3.7,1052.9
29353,2025-12-07,4ccf9f22-16a8-478a-9b50-c965576818b5,Automotive,Oceania,4,321.89,0.0,CreditCard,8.0,3.8,1287.56
80825,2023-07-14,b34ce304-26d3-4deb-9e02-4096684727e8,Fashion,Oceania,3,284.13,0.15,Cash,9.0,4.2,724.53
90076,2024-05-26,accd128f-e6fb-4164-b2c1-d685a6437eee,Sports,Europe,3,490.17,0.0,Cash,7.0,4.8,1470.51
33910,2025-07-25,9608ac0b-c5d7-4a8d-b125-10d9805a6389,Beauty,Africa,5,85.21,0.0,Cash,3.0,4.4,426.05
66028,2025-12-03,3c56d33c-0975-48b9-9da5-ec70dd0e9847,Sports,Asia,3,458.06,0.0,CreditCard,9.0,4.6,1374.18
70315,2025-04-10,75b772ff-fd61-4469-b428-ef4d3cfdee39,Beauty,South America,2,121.63,0.0,BankTransfer,7.0,3.3,243.26
90238,2025-04-25,bded4034-72d3-47b5-8f77-f149c0a16aeb,Toys,Europe,4,472.11,0.0,CreditCard,4.0,2.4,1888.44
72445,2025-02-09,6d3b4080-a2fb-4928-a6bf-dbee06242ac0,Beauty,Asia,3,393.97,0.05,PayPal,9.0,3.5,1122.81
65575,2024-10-10,c83a5465-e899-49dc-ad48-3acfd3de9724,Toys,North America,3,183.61,0.1,PayPal,1.0,3.8,495.75
37857,2023-12-11,b5ea457e-e736-4a4d-9efb-14f3e01622ef,Electronics,Asia,5,355.17,0.0,Cash,1.0,3.1,1775.85
41184,2024-05-16,15174c4a-1da5-4733-a81b-3bc3a6cf7794,Automotive,South America,3,417.48,0.0,BankTransfer,2.0,2.4,1252.44
20866,2025-03-25,9a1c34dc-df68-438c-937d-00260d42be4b,Beauty,North America,5,385.3,0.1,PayPal,5.0,5.0,1733.85
36095,2025-01-05,f9533583-a07d-4fbc-8351-429480230815,Electronics,Africa,4,174.32,0.1,BankTransfer,8.0,2.7,627.55
96669,2025-05-29,28c52d31-6d71-4d42-9b74-ef01a4a8e2d6,Fashion,Oceania,4,398.89,0.2,CreditCard,8.0,2.3,1276.45
18568,2023-12-12,5340cb95-5ce1-44e7-8ded-3f772a2c974c,Sports,South America,3,200.54,0.0,CreditCard,9.0,,601.62
76036,2023-10-28,38c62f34-a141-409e-8ada-f0f7ab559ce3,Home,South America,5,325.45,0.1,Cash,8.0,4.0,1464.52
5271,2025-02-11,4878917a-282d-44a3-8ad3-33617c226735,Toys,South America,2,338.58,0.0,CreditCard,9.0,3.3,677.16
66489,2025-06-11,b21dce97-f032-47f1-a101-deba05cb26f6,Electronics,Europe,2,119.68,0.05,CreditCard,6.0,3.6,227.39
30641,2023-11-30,4d90d947-1c5f-4f89-9eb0-16ce469eaff5,Beauty,North America,2,33.174,0.15,PayPal,4.0,4.0,
13397,2025-08-16,eebea50d-5a6c-433e-af5f-8913d13a962d,Electronics,South America,5,111.55,0.0,BankTransfer,6.0,2.7,557.75
85074,2024-02-04,746d2dce-14e0-4791-addb-245319fe719b,Home,Asia,4,367.02,0.0,Cash,9.0,2.4,1468.08
90788,2024-05-19,469f0464-aacd-4bce-acec-769118391c57,Sports,Asia,1,210.31,0.15,Cash,7.0,4.5,178.76
37251,2023-11-29,8b6cb1f8-bd83-4b3b-9136-e1c7544afe6b,Home,Oceania,5,197.289,0.0,CreditCard,7.0,2.7,986.44
48859,2025-04-20,bae72596-54a8-43d4-9102-f671001470a5,Toys,Oceania,2,246.05,0.05,Cash,1.0,4.8,467.5
7933,2023-06-06,f1f58294-a66c-43f2-87f2-b5814809c026,Fashion,Asia,5,72.85,0.0,PayPal,4.0,2.1,364.25
27699,2025-11-08,e6a16894-e85f-4f14-a727-93bd2a3c9368,Automotive,North America,3,357.363,0.05,CreditCard,6.0,3.5,1018.48
47303,2024-07-26,fdadc7a5-07ac-4f99-b886-3ec66769c47a,Sports,Asia,4,362.85,0.2,CreditCard,7.0,3.4,1161.12
35753,2024-09-11,00e4b488-c309-4b44-a080-ba5cab5ecc3d,Toys,Europe,1,427.21,0.1,PayPal,8.0,4.9,384.49
31788,2023-08-27,1e77dfe3-b713-4d43-93bf-8eced57bf281,Automotive,Africa,3,459.57,0.1,Cash,4.0,4.2,1240.84
37295,2025-10-21,988a6a49-5d10-4b3e-b85c-a2e85271bd38,Beauty,Africa,3,19.15,0.0,CreditCard,8.0,3.7,57.45
1054,2025-12-31,01a25ed1-c3ab-45f1-8c6b-7074ab102c9b,Beauty,Asia,2,346.14,0.15,CreditCard,7.0,4.4,588.44
92045,2023-01-31,242c5016-bf90-4efb-9ee0-2b4de2fc8077,Electronics,Oceania,5,277.14,0.05,BankTransfer,8.0,3.2,1316.41
76704,2025-05-04,d2727908-d735-492a-8ce4-02d1a5b2782b,Electronics,Asia,2,388.5,0.15,PayPal,4.0,3.4,660.45
78315,2025-09-11,61e01764-3305-4d7a-baf0-0555fb8bfa9d,Fashion,Oceania,2,320.83,0.0,BankTransfer,6.0,4.9,641.66
71683,2024-08-22,6a1a3778-d9fb-4d35-8a50-cf43cc58d6e7,Beauty,Europe,5,393.53,0.0,CreditCard,9.0,2.8,1967.65
79947,2024-04-02,9b40ee83-83aa-438b-a138-231b34dd1dcf,Beauty,North America,5,143.22,0.0,PayPal,1.0,5.0,716.1
83990,2023-04-12,9aee663d-3837-4945-b7c1-5eb0215867e9,Beauty,Europe,3,92.8,0.0,Cash,5.0,2.9,278.4
98573,2023-03-19,6fc3abc8-00b3-4dde-90ec-f6308b9ac0c3,Toys,Africa,3,431.63,0.05,BankTransfer,1.0,4.9,1230.15
53237,2024-10-07,35e0581c-d169-4699-9d32-cf191456956d,Beauty,Europe,2,75.0,0.05,BankTransfer,9.0,4.4,142.5
61639,2024-09-03,4debf416-463a-4373-b6bd-bef69dc758ac,Automotive,Europe,1,139.3,0.05,PayPal,1.0,3.0,132.34
41999,2024-07-12,6cf78d41-942d-4ebe-87b5-b85a4b38f3be,Toys,North America,3,327.3,0.15,Cash,6.0,2.8,834.62
13815,2025-12-16,a7797368-04a6-47d5-9170-133e515eb10e,Fashion,Africa,4,146.53,0.0,PayPal,1.0,4.2,586.12
71141,2023-07-08,eb543234-30d1-4d32-8eab-57ffdeb847e8,Electronics,North America,2,354.7,0.0,BankTransfer,3.0,2.1,709.4
97947,2023-07-17,f8bfd445-c51e-4f3d-ab31-3a82fb50b8c8,Beauty,Asia,2,213.55,0.0,CreditCard,1.0,4.8,427.1
46728,2025-12-27,b14c2bff-f49a-4bc0-9974-62eeff2bc91f,Automotive,,4,461.03,0.2,BankTransfer,9.0,2.3,1475.3
33111,2025-08-07,79c75f62-98e9-4578-9f53-4069cf9e39b1,Sports,South America,4,7.36,0.05,Cash,3.0,3.3,27.97
86155,2024-04-25,dd4134c4-6d95-4e68-8716-4cd25fb27eb2,Sports,South America,1,99.67,0.1,Cash,8.0,4.0,89.7
66285,2023-10-30,8734beb2-4489-4845-b83b-f59c93105e39,Fashion,Europe,4,22.18,0.0,PayPal,2.0,4.9,88.72
70417,2023-02-09,35b71853-8aa5-42ae-abfa-e21ebc2aac0c,Toys,Asia,1,67.22,0.05,Cash,1.0,2.0,63.86
63264,2024-11-25,dd802334-ff5d-4f22-ac01-a5610dfb1823,Home,Oceania,5,98.901,0.0,BankTransfer,1.0,4.1,494.5
91902,2025-06-20,6f17fcc8-4e83-42f3-b6e3-d6060872a9f9,Toys,Asia,2,102.74,0.1,Cash,4.0,2.5,184.93
20630,2023-08-10,b6e7dddd-7b4e-4fd4-b3f0-61a27b5aab2e,Automotive,Oceania,2,497.0,0.0,BankTransfer,7.0,3.9,994.0
46029,2023-07-12,f1f5a477-1474-44cd-bc47-3155dc2fa969,Sports,Africa,4,119.47,0.2,BankTransfer,7.0,5.0,382.3
84024,2024-09-30,4e4d59db-cbcb-4e7e-a7a2-e336e51d5b7e,Home,Europe,1,107.93,0.15,Cash,9.0,2.7,91.74
28383,2023-08-28,8da62b23-f2e9-4bc6-a036-31adde4c0dac,Toys,South America,2,153.8,0.15,PayPal,7.0,2.2,261.46
27048,2025-08-26,d18137e6-f3cd-44ab-84a4-559576597666,Beauty,Asia,1,205.26,0.0,PayPal,4.0,4.0,205.26
3395,2024-12-14,836b47c3-7c71-4cc8-a651-73fa7ccc9258,Toys,South America,1,451.54,0.2,PayPal,5.0,3.1,361.23
11408,2023-01-28,fffb0041-5ba0-4fa5-b14e-8bc786a883f2,Electronics,Africa,4,490.99,0.0,BankTransfer,9.0,3.2,1963.96
19768,2024-02-08,dc9d41e7-699f-4b05-ad8e-8aead26984e7,Electronics,South America,3,384.3,0.0,PayPal,9.0,3.4,1152.9
9690,2023-03-27,9170d854-c734-417f-84a3-60a6925d5ff4,Home,Asia,5,281.81,0.05,BankTransfer,5.0,2.9,1338.6
39251,2023-05-19,7fd9c675-d904-4e7f-866c-d4d7c6ee9a92,Beauty,Oceania,4,89.11,0.1,BankTransfer,4.0,4.6,320.8
24081,2024-02-24,5d027966-c671-4eeb-b5d0-9c8c22c486ba,Sports,North America,3,369.9,0.05,Cash,9.0,3.4,1054.21
13952,2024-03-08,cf119520-54bd-4eab-b5ff-d964abc4ce1c,Electronics,Asia,5,53.87,0.1,PayPal,2.0,3.5,242.41
81314,2025-07-28,43074550-1c95-4057-8f3f-70c6d67d35aa,Beauty,North America,4,35.32,0.1,Cash,1.0,2.3,127.15
23169,2023-02-01,cc57ae4a-1176-4a1d-844d-c1894f38f23d,Toys,Africa,5,233.1,0.0,PayPal,3.0,2.3,1165.5
17589,2023-11-14,8b6aa701-9bc7-4652-b876-4c84025de8b8,Home,South America,6,59.175,0.05,Cash,4.0,2.6,337.3
32547,2025-07-31,a94cd1cb-46d8-430e-8c30-4d149b204b4a,Beauty,North America,4,29.04,0.0,PayPal,5.0,4.8,116.16
55494,2025-08-20,b237570b-caf6-4649-aa7a-e4473fcbb7d7,Sports,Oceania,4,362.18,0.05,BankTransfer,6.0,3.8,1376.28
14556,2025-10-27,4236158b-3194-4d43-95e1-d191ca3d02cf,Fashion,South America,4,430.54,0.0,Cash,4.0,3.0,1722.16
27117,2025-08-23,b8f3108b-67a9-4d9b-9a3b-081da1501014,Electronics,Asia,4,13.34,0.1,BankTransfer,3.0,2.0,48.02
43988,2023-08-07,3201491b-907e-4623-8654-9f04314d877f,Fashion,South America,5,81.0,0.0,Cash,4.0,4.8,405.0
42745,2025-08-05,e082977e-f0ed-41aa-b90e-3e1d6f2cec49,Automotive,South America,5,427.73,0.15,CreditCard,7.0,3.2,1817.85
23273,2023-10-12,3731ff7d-04f3-4ca5-889b-fbfffba05810,Automotive,Asia,2,132.99,0.0,Cash,8.0,2.8,265.98
16425,2025-03-07,eb3a4a37-f7b7-4b26-8b11-1d734ef78764,Beauty,Asia,2,223.88,0.0,Cash,7.0,4.8,447.76
31528,2025-04-09,1b67fde9-0946-4055-bb9a-08e4501e2f04,Sports,Africa,3,135.81,0.2,CreditCard,8.0,2.8,325.94
33012,2023-01-24,6530a1bb-2b6a-415d-b826-ef67befab998,Electronics,South America,2,238.14,0.2,Cash,8.0,2.2,381.02
89109,2024-09-12,e8858968-2a1f-4485-9e40-4175345f8050,Automotive,Asia,5,279.76,0.05,PayPal,1.0,2.9,1328.86
11752,2024-12-24,1ef15fc1-1daf-431b-8173-7ba6f33b7c4e,Fashion,Asia,1,493.32,0.0,BankTransfer,9.0,2.6,493.32
54353,2024-05-04,4c5fa757-4554-40c8-b7cc-86b4b8612dc8,Electronics,Europe,3,270.51,0.0,BankTransfer,3.0,4.9,811.53
66949,2025-12-22,b55c73cc-cb70-40db-8920-f0ba5d7637ea,Sports,Africa,2,395.61,0.1,CreditCard,4.0,2.0,712.1
62429,2024-01-04,3d66e5f1-c03c-447e-875f-2028d1495beb,Beauty,Africa,3,17.16,0.0,Cash,6.0,4.4,51.48
84627,2023-04-08,81556bb2-8270-43f1-b4e3-1b15c2d953ba,Beauty,Africa,1,303.55,0.2,BankTransfer,8.0,4.0,242.84
94604,2023-03-05,79401bdd-619c-4aba-854a-28b9ab5e8de3,Sports,North America,5,128.01,0.1,PayPal,8.0,4.6,576.04
65578,2024-06-28,628a59da-50a4-416f-9bee-2d2fe9ac9732,Toys,Africa,2,395.14,0.15,CreditCard,4.0,4.5,671.74
87337,2025-03-26,c2dad97d-02d3-471a-a271-ba6c378a4387,Automotive,Oceania,5,105.76,0.0,CreditCard,3.0,3.9,528.8
87757,2024-06-19,5ef9f63b-3ddf-43bd-b021-a0bfe437cdf3,Home,North America,4,261.57,0.1,BankTransfer,1.0,2.4,941.65
78173,2024-09-03,890fe536-ef51-49db-9987-1285bd1c782d,Fashion,Oceania,2,418.94,0.15,CreditCard,7.0,4.6,712.2
6145,2023-12-26,d907ba3f-1949-4b8a-9754-81a3d6ccc7cd,Electronics,Europe,2,255.93,0.0,PayPal,2.0,4.7,511.86
69645,2025-01-19,36833a2b-d040-4417-98d6-51edf8d3e093,Beauty,North America,3,222.77,0.05,CreditCard,8.0,4.4,634.89
11834,2023-12-22,c33b88b0-b677-4cbe-9928-662561a2bcaa,Sports,Oceania,3,431.66,0.1,BankTransfer,5.0,4.5,1165.48
92460,2025-11-27,5c9f1a81-301c-43e0-8664-365c65555601,Fashion,Europe,2,109.62,0.0,CreditCard,5.0,4.5,219.24
82282,2023-12-16,1d534cdf-c552-4e16-a7ff-111960a7d89f,Fashion,Asia,3,496.01,0.1,BankTransfer,6.0,2.8,1339.23
63807,2025-08-22,21aa6694-eed0-4f87-a79b-eb3e049d2c1b,Home,Oceania,4,149.46,0.0,Cash,4.0,2.9,597.84
2291,2023-04-17,d37ee471-6e3b-4507-a21c-1209c3a1962d,Sports,Oceania,2,211.82,0.0,BankTransfer,4.0,4.1,423.64
62951,2023-02-11,34f406c7-1314-4259-94e4-7f35f7e9d527,Beauty,Oceania,2,287.4,0.0,Cash,3.0,4.0,574.8
53685,2023-03-25,d74bdd2e-a605-41a8-b080-2b271e27e6a0,Fashion,Oceania,2,498.92,0.05,CreditCard,9.0,4.4,947.95
24403,2023-10-13,743dd327-c8be-476c-8128-62e454e03a5f,Electronics,South America,5,65.61,0.05,BankTransfer,2.0,2.9,311.65
52570,2025-01-08,2687c2ed-6fc0-4743-a1cb-0b88f8272b68,Automotive,Oceania,1,47.59,0.0,PayPal,6.0,3.5,47.59
57336,2025-04-27,ab5efb61-d027-497e-b5bc-9aa155ceca09,Toys,Oceania,4,379.23,0.1,CreditCard,6.0,2.8,1365.23
84149,2023-06-22,3c25d863-9859-4f87-9daa-f4b952336f21,Sports,Oceania,2,166.36,0.1,Cash,5.0,4.6,299.45
65744,2024-04-15,4c14c94e-38f0-4570-9c3f-6f31a3844e7c,Automotive,Oceania,2,466.13,0.1,PayPal,5.0,3.3,839.03
73835,2023-01-11,53d8b26c-8b56-4e45-93d5-be8876eb1556,Electronics,North America,3,220.13,0.1,PayPal,4.0,3.7,594.35
69067,2023-02-12,cf852d30-3f65-4186-9cef-8fe23f5100cd,Beauty,Oceania,5,243.63,0.1,Cash,1.0,4.7,1096.34
26895,2024-02-21,1a73d59c-d2b5-49f2-8183-52c2316e76d3,Home,Africa,5,448.73,0.0,PayPal,9.0,4.6,2243.65
42028,2025-06-02,e2da43f2-7538-4359-980c-b619001cd8a3,Fashion,Oceania,2,450.9,0.05,BankTransfer,9.0,2.4,856.71
57016,2023-02-19,b0a318ec-628f-471a-bce0-e2e3f5c0a0ab,Sports,Africa,5,280.86,0.0,BankTransfer,8.0,2.0,1404.3
84937,2025-09-03,2acdb86b-9e0f-40ec-b41d-32a64d04afc6,Electronics,North America,4,477.13,0.05,BankTransfer,5.0,3.6,1813.09
15843,2024-12-25,966da436-db67-4c19-881a-b64e5a0a3790,Fashion,Africa,4,148.58,0.05,BankTransfer,8.0,4.7,564.6
31197,2024-02-17,a9b4adc1-7d88-4e18-b10a-dbd81bed09ca,Toys,North America,4,225.92,0.0,CreditCard,1.0,3.5,903.68
74956,2024-02-28,dd15ba5a-b3ff-4f24-848c-4960af3b3b95,Automotive,South America,2,218.41,0.0,Cash,5.0,3.9,436.82
91238,2025-08-03,68695f07-1550-41d0-97af-dba2d50d90c4,Home,Asia,2,125.69,0.0,Cash,1.0,3.9,251.38
9163,2025-10-20,becfa316-c66b-4a01-8f90-1410bfba290b,Automotive,North America,3,307.16,0.0,Cash,6.0,3.8,921.48
33966,2023-06-22,7505bb0b-b415-4637-8a27-6c0f0afd5240,Automotive,North America,3,409.27,0.15,CreditCard,5.0,3.4,1043.64
27734,2024-05-26,4341024d-5468-4e86-8f5c-daa37d8a551e,Toys,Europe,1,367.33,0.05,Cash,7.0,3.9,348.96
45466,2025-07-03,4955cff9-eb4a-4fdc-a863-fb5c1ab90da4,Automotive,Africa,5,186.18,0.1,Cash,3.0,2.1,837.81
89728,2024-08-16,e5877871-59a7-4c37-89e6-39d6f440c0d2,Beauty,Asia,5,478.55,0.1,BankTransfer,3.0,2.5,2153.48
32411,2023-12-02,acd02d93-069f-476f-85fa-87c84e00af93,Toys,South America,1,17.62,0.0,Cash,5.0,5.0,17.62
78056,2025-08-28,9cd38590-276f-4244-9493-58c77813c60e,Automotive,Africa,5,69.18,0.0,Cash,8.0,4.2,345.9
42687,2024-05-22,d4b09e38-dedc-4f98-8d9f-047a92c1b7b4,Toys,Africa,4,213.58,0.0,PayPal,2.0,3.9,854.32
17920,2023-04-06,052011e3-b35d-450c-b972-39c3edaabee1,Beauty,Oceania,3,79.4,0.05,CreditCard,7.0,4.4,226.29
91913,2023-07-02,183a0c9e-cc4f-442e-8742-26cb168cab75,Automotive,Oceania,5,99.1,0.0,BankTransfer,4.0,4.7,495.5
99222,2023-04-27,ee4856af-0c4d-40ce-8ab6-a3373f1d8405,,South America,1,452.13,0.1,PayPal,2.0,4.4,406.92
39521,2025-11-15,deaf7224-742c-40e5-9aec-65499bdbca5e,Automotive,North America,6,32.904,0.0,Cash,4.0,4.8,197.42
33516,2024-07-18,ee2f4e50-5328-44e5-a707-d0f00e953e25,Electronics,Europe,2,311.62,0.1,PayPal,5.0,2.2,560.92
42103,2023-06-08,ee8749ab-6cd2-44e2-b683-35eeb9247dfb,Sports,Asia,1,451.25,0.0,Cash,7.0,3.1,451.25
62621,2025-02-19,d99f0444-6db6-4f62-9b10-75578c8e652c,Home,Europe,1,480.09,0.05,PayPal,5.0,3.2,456.09
84694,2024-11-07,59d68aea-76c4-4caa-b2fa-6763886162d9,Beauty,Europe,5,344.646,0.0,BankTransfer,8.0,2.6,1723.23
15845,2024-12-29,458c6bdd-9e70-49ff-8cd7-897f286d84e5,Fashion,Europe,1,75.22,0.1,BankTransfer,7.0,3.8,67.7
76915,2025-02-08,bd2c6c1e-c97f-446d-8036-511d4f6d42ac,Automotive,Oceania,2,334.93,0.0,CreditCard,5.0,4.7,669.86
76530,2024-10-16,a9c0e92c-853e-4264-b63f-935df74e7518,Automotive,South America,5,127.4,0.0,CreditCard,9.0,2.3,637.0
57356,2023-03-29,ada40ac0-a4b1-44e4-bb75-cf7fb09fb603,Fashion,Europe,4,213.91,0.05,PayPal,6.0,2.6,812.86
40962,2024-09-27,d22c0fcb-a709-4845-be77-12d84b89d5d8,Automotive,Europe,5,284.08,0.15,Cash,7.0,4.3,1207.34
30573,2025-04-21,dc18314c-510f-4c61-a129-e7ff18189b01,Fashion,Europe,3,169.38,0.1,BankTransfer,7.0,3.0,457.33
88838,2025-12-09,971419c1-669f-4e36-883f-64c0c23865ea,Sports,South America,5,307.88,0.0,CreditCard,2.0,4.3,1539.4
53337,2025-04-11,df0ff726-1c8a-45e6-a46c-f4a979633a2f,Home,Oceania,4,132.64,0.15,CreditCard,7.0,4.9,450.98
83564,2025-08-13,69ac155e-e0a8-4b90-bbe8-0ab2035e5be2,Beauty,South America,3,326.1,0.2,Cash,6.0,3.3,782.64
68845,2023-06-07,eb66cedb-b691-4877-97dd-145e074b2e75,Toys,North America,2,,0.0,PayPal,3.0,4.7,919.38
98134,2024-10-30,5a834671-a8ae-44a4-b333-69fd04e1b153,Automotive,Asia,1,140.45,0.05,CreditCard,5.0,2.4,133.43
54916,2025-06-09,b0304411-cfdd-4299-92ea-cac34846f5e8,Sports,Europe,3,316.32,0.0,CreditCard,6.0,4.7,948.96
31121,2024-02-01,32303ee2-2707-46ba-8faa-3b1f60c5e090,Sports,Asia,2,8.62,,,7.0,2.0,15.52
79403,2025-07-07,56599848-18e6-4320-93bb-0ed7a776e594,Electronics,Oceania,1,300.16,0.05,BankTransfer,3.0,3.6,285.15
271,2025-06-01,4fa03f26-f6f7-40cc-a9ec-8e49d1bdb8c0,Home,Asia,4,477.56,0.15,PayPal,4.0,4.8,1623.7
11667,2023-01-06,ea7dbecd-e06f-40d4-af53-5f89e401ce0f,Sports,North America,3,372.97,0.0,Cash,9.0,4.7,1118.91
22916,2023-11-04,74cdae7e-73ba-4afd-a6d7-1157b8faa516,Home,Europe,2,349.56,0.0,CreditCard,4.0,4.2,699.12
36533,2023-11-19,ca73e49a-8f5f-4aff-b0a6-3a61a148daa7,Toys,Europe,5,158.33700000000002,0.0,PayPal,6.0,4.7,791.68
86904,2023-08-12,9eb5f3b7-1a9e-4e79-8b79-cd1cba7f3ed0,Toys,Oceania,5,217.84,0.0,PayPal,8.0,3.5,1089.2
